tree
version=v4
num_class=1
num_tree_per_iteration=1
label_index=0
max_feature_idx=16
objective=regression_l1
feature_names=h is_fresh is_style is_kandy n_operating_days dow_weight n_closed_weekdays n_paydays_operating ramp_sum_operating ramp_max has_festival fest_day_closed fest_strength ramp_x_strength ly_ratio_opd cv13 yoy8
feature_infos=[1:10] [0:1] [0:1] [0:1] [4:6] [2.9631341217059717:6.0000000000000009] [0:2] [0:2] [0:4] [0:1] [0:1] [0:1] [0.71084314653987923:2.2229641470021062] [-0.95421761641839853:3.377019102901091] [0.32187370397048876:2.8633453938213194] [0.028400640291768232:0.43421575662857292] [0.62292857574678751:1.5378653246746057]
tree_sizes=848 911 912 902 901 909 906 907 903 902 913 897 912 914 909 906 910 909 897 911 902 904 897 908 906 906 905 913 914 911 912 908 916 921 912 915 914 909 918 916 912 904 926 913 914 910 910 909 908 912 911 907 906 908 913 906 912 923 910 913 919 914 912 921 914 914 902 910 911 915 912 914 918 917 904 919 923 918 916 916 918 907 916 906 914 916 919 915 929 914 919 908 912 909 915 915 918 914 911 912 920 919 924 913 914 919 915 920 920 919 925 931 920 915 920 914 915 918 916 930 918 905 918 921 909 921 907 920 922 916 923 935 921 919 915 911 914 909 916 918 923 915 907 923 911 908 914 910 921 915 914 936 919 918 923 913 920 921 933 905 914 917 922 922 922 909 923 917 923 918 933 907 936 916 933 924 909 912 920 913 913 919 905 911 911 904 900 910 933 904 921 914 930 901 912 920 910 924 908 906 912 906 918 910 918 926 920 933 909 916 905 919 913 913 914 929 912 896 922 920 920 923 932 900 917 924 917 914 919 917 918 922 906 917 917 921 927 919 912 919 916 909 918 920 913 932 922 933 903 914 934 894 915 913 941 913 911 906 901 898 929 921 915 914 920 926 935 920 920 921 903 928 938 914 923 934 918 913 915 922 919 914 915 921 909 923 916 928 910 911 934 929 927 925 931 911 912 929 919 917 919 913 920 911 914 919 916 926 905 908 924 927 900 925 932 915 910 918 919 910 910 912 910 905 920 928 922 921 906 902 915 916 913 927 919 921 915 922 931 896 915 922 915 922 925 905 925 915 925 918 930 915 917 906 910 921 908 920 917 905 910 904 920 930 919 919 909 916 909 912 913 905 910 912 914 917 904 915 917 902 917 918 916 916 905 914 910 909 899 903 909 904 935 930 899 915 920 910 907 908

Tree=0
num_leaves=7
num_cat=0
split_feature=8 14 14 12 14 14
split_gain=254057 131688 22334.1 20320.8 17629.1 29277.3
threshold=0.35000000000000003 1.0680501303968397 1.1068849337467095 1.1693505096152683 1.0335212522182304 1.008037982449143
decision_type=2 10 10 10 8 10
left_child=1 3 -3 4 5 -1
right_child=-2 2 -4 -5 -6 -7
leaf_value=1.0320947264147398 1.0352788002832669 1.0340063071250916 1.0329143869876862 1.0313524905254725 1.0318773007503159 1.033564434994672
leaf_weight=98377.911685943604 328027.7938785553 121096.16927528381 68668.992065429688 243726.57724761963 402213.30137062073 42201.210914611816
leaf_count=430 1186 230 448 866 1472 102
internal_value=1.03321 1.02553 1.04796 1.02012 1.02335 1.0325
internal_weight=1.30431e+06 976284 189765 786519 542792 140579
internal_count=4734 3548 678 2870 2004 532
is_linear=0
shrinkage=1


Tree=1
num_leaves=7
num_cat=0
split_feature=8 7 2 16 2 16
split_gain=242726 321928 28144.8 14995.6 15704.5 14528.1
threshold=1.2500000000000002 1.0000000180025095e-35 1.0000000180025095e-35 1.0513477337843242 1.0000000180025095e-35 1.0613292885154983
decision_type=2 2 2 8 2 10
left_child=1 3 5 -1 -5 -3
right_child=-2 2 -4 4 -6 -7
leaf_value=-0.0008752022787939409 0.0029640038323315485 0.00086575067012875401 -0.00030372962062601909 -0.0014647581888871577 -0.00077408683801716868 0.00029039814008633449
leaf_weight=141124.70194816589 260139.37033748627 301116.60640525818 58675.267604827881 403663.19371795654 42434.73511505127 92104.232191085815
leaf_count=723 928 887 563 1026 394 215
internal_value=-5.09657e-05 -0.00653886 0.0124959 -0.021187 -0.0238835 0.015388
internal_weight=1.29926e+06 1.03912e+06 451896 587223 446098 393221
internal_count=4736 3808 1665 2143 1420 1102
is_linear=0
shrinkage=0.03


Tree=2
num_leaves=7
num_cat=0
split_feature=8 7 13 2 1 16
split_gain=197374 326452 31951.2 27436.1 19320.7 17484.4
threshold=1.2500000000000002 1.0000000180025095e-35 0.17913450679131507 1.0000000180025095e-35 1.0000000180025095e-35 1.0513477337843242
decision_type=2 2 8 2 2 8
left_child=1 4 -2 -3 -1 -6
right_child=2 3 -4 -5 5 -7
leaf_value=-0.0010078250078526963 -8.1191870736629923e-05 0.00070439008603926094 0.0031208596585711582 -0.00035733665840727817 -0.00081756543847039717 -0.0013939283209800232
leaf_weight=92537.726095199585 19850.77042388916 402837.17661857605 234766.92401313782 58362.25524520874 101230.72686767578 404654.58596801758
leaf_count=1437 155 1107 782 558 131 589
internal_value=-0.000710934 -0.00640994 0.0230058 0.0125577 -0.0210281 -0.0233336
internal_weight=1.31424e+06 1.05962e+06 254618 461199 598423 505885
internal_count=4759 3822 937 1665 2157 720
is_linear=0
shrinkage=0.03


Tree=3
num_leaves=7
num_cat=0
split_feature=8 7 2 14 14 14
split_gain=207865 294086 29869.5 20108.3 23072.3 22065.8
threshold=0.35000000000000003 1.0000000180025095e-35 1.0000000180025095e-35 1.1687579939507959 1.0680501303968397 1.0526181595464561
decision_type=2 2 2 10 10 10
left_child=1 -1 3 4 5 -3
right_child=-2 2 -4 -5 -6 -7
leaf_value=-0.0013159302934396576 0.0020304174716714168 0.00065222212528887708 -0.00053979835230679742 -0.00018091350954057496 0.0012292425323427269 -0.00059665330509120105
leaf_weight=569439.05923080444 312995.40830230713 203726.630859375 52599.729949951172 31371.749500274658 112044.10763549805 18829.671234130859
leaf_count=2055 1173 631 506 180 193 23
internal_value=6.71288e-06 -0.00674262 0.0123477 0.0153859 0.0175392 0.0119491
internal_weight=1.30101e+06 988011 418572 365972 334600 222556
internal_count=4761 3588 1533 1027 847 654
is_linear=0
shrinkage=0.03


Tree=4
num_leaves=7
num_cat=0
split_feature=7 9 13 2 14 14
split_gain=173315 289100 63228 21127.8 21792.6 17794.5
threshold=1.0000000180025095e-35 0.55000000000000016 0.17913450679131507 1.0000000180025095e-35 1.1687579939507959 1.0680501303968397
decision_type=2 2 8 2 10 10
left_child=1 -1 -3 4 5 -2
right_child=3 2 -4 -5 -6 -7
leaf_value=-0.0012527912832000455 0.00074927305820501606 -0.00049178699052459575 0.0027073433264797474 -0.00016112779655145016 -0.000119915486937464 0.0010862764040968375
leaf_weight=589637.21012306213 269407.92962551117 28088.648807525635 215631.27442169189 63276.207740783691 32573.695985794067 133676.61401748657
leaf_count=2058 796 227 692 608 210 228
internal_value=-0.000283609 -0.0086559 0.0188276 0.0137004 0.0160531 0.0179605
internal_weight=1.33229e+06 833357 243720 498934 435658 403085
internal_count=4819 2977 919 1842 1234 1024
is_linear=0
shrinkage=0.03


Tree=5
num_leaves=7
num_cat=0
split_feature=8 7 13 2 16 7
split_gain=193265 294163 31477.4 22568.6 16946.4 18326.3
threshold=1.2500000000000002 1.0000000180025095e-35 0.17913450679131507 1.0000000180025095e-35 1.0603637078856007 1.5000000000000002
decision_type=2 2 8 2 10 2
left_child=1 -1 -2 4 -3 -6
right_child=2 3 -4 -5 5 -7
leaf_value=-0.0011989005406780758 -0.00015856525699191844 0.00082776933707862728 0.0029459746635719531 -0.00029372221862586172 -9.3738705916985852e-05 0.00086471927873098459
leaf_weight=599199.86913108826 15800.727024078369 306725.40658664703 242190.63451385498 57365.465099334717 79900.935665130615 19237.287302017212
leaf_count=2135 138 901 812 547 185 44
internal_value=-0.000295178 -0.00595101 0.0229956 0.0120026 0.0144921 0.00370921
internal_weight=1.32042e+06 1.06243e+06 257991 463229 405864 99138.2
internal_count=4762 3812 950 1677 1130 229
is_linear=0
shrinkage=0.03


Tree=6
num_leaves=7
num_cat=0
split_feature=7 9 13 2 1 16
split_gain=162281 271866 65128.7 21642.7 19216.5 18043.4
threshold=1.0000000180025095e-35 0.55000000000000016 0.17913450679131507 1.0000000180025095e-35 1.0000000180025095e-35 1.0603637078856007
decision_type=2 2 8 2 2 10
left_child=1 4 -3 5 -1 -2
right_child=3 2 -4 -5 -6 -7
leaf_value=-0.00075680249366511627 0.0009221558896609246 -0.00048181383400394023 0.0025363394589447115 -0.00014679528819681485 -0.0012248130612361309 0.0001525679784880917
leaf_weight=87378.453424453735 343890.20869255066 29934.156850814819 214668.1853685379 63255.415851593018 502763.21520996094 90726.194183349609
leaf_count=1338 984 231 680 606 709 213
internal_value=3.29555e-05 -0.00805213 0.0185408 0.0135885 -0.0190744 0.0159748
internal_weight=1.33262e+06 834744 244602 497872 590142 434616
internal_count=4761 2958 911 1803 2047 1197
is_linear=0
shrinkage=0.03


Tree=7
num_leaves=7
num_cat=0
split_feature=8 7 13 14 14 14
split_gain=196155 264532 32423.6 27752.1 30667.3 26278.5
threshold=1.2500000000000002 1.0000000180025095e-35 0.17913450679131507 1.1687579939507959 1.0680501303968397 1.0526181595464561
decision_type=2 2 8 10 10 10
left_child=1 -1 -2 4 5 -3
right_child=2 3 -4 -5 -6 -7
leaf_value=-0.0011613471432496646 -0.00010570365631906053 0.00049172235897845134 0.0028098729933138072 -9.5503584094120954e-05 0.0010044775463799692 -0.00063382125011594674
leaf_weight=596239.75773429871 18189.799373626709 267723.12859344482 237410.71613311768 40900.57266998291 136859.18020439148 23936.792961120605
leaf_count=2172 146 1123 783 238 285 48
internal_value=-0.000484792 -0.00614588 0.0231173 0.0106995 0.012953 0.00745521
internal_weight=1.32126e+06 1.06566e+06 255601 469420 428519 291660
internal_count=4795 3866 929 1694 1456 1171
is_linear=0
shrinkage=0.03


Tree=8
num_leaves=7
num_cat=0
split_feature=8 7 13 14 14 14
split_gain=193223 261769 27909 26132.9 34530.1 20414
threshold=1.2500000000000002 1.0000000180025095e-35 0.17913450679131507 1.1687579939507959 1.0680501303968397 1.0526181595464561
decision_type=2 2 8 10 10 10
left_child=1 -1 -2 4 5 -3
right_child=2 3 -4 -5 -6 -7
leaf_value=-0.0011029909545385019 -0.0001172122331138489 0.0004880822725039984 0.0028540727209690336 -9.2638476571296196e-05 0.0010554250655204801 -0.00058553873314988176
leaf_weight=592435.94219207764 16210.309247970581 272589.65104961395 249861.49275779724 41333.727294921875 138585.97097396851 23065.343643188477
leaf_count=2156 150 1125 820 230 286 49
internal_value=-7.94925e-06 -0.00570661 0.0228661 0.0108702 0.0130399 0.00724779
internal_weight=1.33408e+06 1.06801e+06 266072 475575 434241 295655
internal_count=4816 3846 970 1690 1460 1174
is_linear=0
shrinkage=0.03


Tree=9
num_leaves=7
num_cat=0
split_feature=8 7 13 2 14 14
split_gain=179035 235030 28700.7 19550.1 24574 20650
threshold=1.2500000000000002 1.0000000180025095e-35 0.17913450679131507 1.0000000180025095e-35 1.1687579939507959 1.0680501303968397
decision_type=2 2 8 2 10 10
left_child=1 -1 -2 4 5 -3
right_child=2 3 -4 -5 -6 -7
leaf_value=-0.0010577932962913968 -9.9016179636073339e-05 0.00051744057847154462 0.0026115868684679741 -0.00022816238810124067 -0.00013444281761134557 0.00094656368876595213
leaf_weight=591465.73439788818 17541.601354598999 232574.08035564423 236266.58090782166 58052.897296905518 36958.738307952881 121412.86348152161
leaf_count=2147 146 684 791 559 196 213
internal_value=-0.000586159 -0.006097 0.0220047 0.0102678 0.01268 0.0151103
internal_weight=1.29427e+06 1.04046e+06 253808 448999 390946 353987
internal_count=4736 3799 937 1652 1093 897
is_linear=0
shrinkage=0.03


Tree=10
num_leaves=7
num_cat=0
split_feature=8 7 8 14 1 1
split_gain=162641 241220 43040.3 19194.8 23608.5 15966
threshold=2.0000000000000004 1.0000000180025095e-35 1.2500000000000002 1.1687579939507959 1.0000000180025095e-35 1.0000000180025095e-35
decision_type=2 2 2 10 2 2
left_child=1 2 5 4 -3 -1
right_child=-2 3 -4 -5 -6 -7
leaf_value=-0.00081920422715029415 0.0033989396011138723 -0.00016511193826310673 0.00018163053703259345 -8.5826037745815318e-05 0.00073805901173362601 -0.0010283853711208456
leaf_weight=94417.260433197021 170150.75178146362 66333.715581893921 76975.771321296692 37659.107452392578 369739.98419189453 499400.40081787109
leaf_count=1439 621 946 279 223 526 713
internal_value=-0.000486844 -0.00455534 -0.0161294 0.0118332 0.0136078 -0.0188654
internal_weight=1.31468e+06 1.14453e+06 670793 473733 436074 593818
internal_count=4747 4126 2431 1695 1472 2152
is_linear=0
shrinkage=0.03


Tree=11
num_leaves=7
num_cat=0
split_feature=8 14 8 12 14 1
split_gain=169713 91488.5 22974 22170.2 18950.9 13295.3
threshold=0.35000000000000003 1.0680501303968397 2.0000000000000004 1.1693505096152683 1.1068849337467095 1.0000000180025095e-35
decision_type=2 10 2 10 10 2
left_child=1 3 -2 -1 -3 -4
right_child=2 4 5 -5 -6 -7
leaf_value=-0.0005276749017546911 0.00077789574821845336 0.00085442655104427546 0.002082483441050964 -0.0010211194696096927 -7.7142299649075082e-06 0.003375935208596019
leaf_weight=544480.88289070129 150896.62811851501 121245.65371894836 26425.136798858643 247811.41659545898 64151.210948944092 145218.34881591797
leaf_count=2037 572 225 424 868 450 209
internal_value=6.02417e-05 -0.00616506 0.0189303 -0.0106043 0.0128059 0.0264374
internal_weight=1.30023e+06 977689 322540 792292 185397 171643
internal_count=4785 3580 1205 2905 675 633
is_linear=0
shrinkage=0.03


Tree=12
num_leaves=7
num_cat=0
split_feature=8 14 14 13 13 16
split_gain=160826 79071.6 35614.8 34461.5 26384.2 21835.6
threshold=1.2500000000000002 1.0680501303968397 1.1068849337467095 0.17913450679131507 0.086440527897512179 1.0513477337843242
decision_type=2 10 10 8 10 10
left_child=1 4 -3 -2 5 -1
right_child=3 2 -4 -5 -6 -7
leaf_value=-0.00051184465470205159 -0.00020524960117436429 0.00084909379743750327 -8.3019829714494619e-05 0.0024889586057386072 0.0020693620081091214 -0.00098292047245014409
leaf_weight=601882.34750270844 16104.333358764648 139437.50205802917 83586.453741073608 244516.56159687042 17019.824104309082 210214.56001281738
leaf_count=2528 142 270 510 796 49 460
internal_value=-0.000288174 -0.00551424 0.0103428 0.0208094 -0.00977966 -0.0105545
internal_weight=1.31276e+06 1.05214e+06 223024 260621 829117 812097
internal_count=4755 3817 780 938 3037 2988
is_linear=0
shrinkage=0.03


Tree=13
num_leaves=7
num_cat=0
split_feature=8 7 13 2 16 12
split_gain=160178 225295 30883.7 17120 22701.6 30135.4
threshold=1.2500000000000002 1.0000000180025095e-35 0.17913450679131507 1.0000000180025095e-35 1.0603637078856007 1.2716800630866065
decision_type=2 2 8 2 10 10
left_child=1 -1 -2 4 -3 -6
right_child=2 3 -4 -5 5 -7
leaf_value=-0.00099712890073097387 -0.00011867399476928941 0.00066883081558775058 0.0022947707552501842 -0.00027354881327059554 -0.00018789627354986348 0.00056914185501527668
leaf_weight=582304.97400093079 18079.545850753784 303977.76343727112 238445.63482761383 59458.297286987305 67890.951307296753 27791.731954574585
leaf_count=2142 148 884 786 568 127 97
internal_value=-0.000620055 -0.00585059 0.0206142 0.00986369 0.0120981 -0.000645953
internal_weight=1.29795e+06 1.04142e+06 256525 459119 399660 95682.7
internal_count=4752 3818 934 1676 1108 224
is_linear=0
shrinkage=0.03


Tree=14
num_leaves=7
num_cat=0
split_feature=7 9 13 14 1 1
split_gain=134152 223586 61395.3 28623.7 24316.5 16265
threshold=1.0000000180025095e-35 0.55000000000000016 0.17913450679131507 1.1687579939507959 1.0000000180025095e-35 1.0000000180025095e-35
decision_type=2 2 8 10 2 2
left_child=1 5 -3 4 -2 -1
right_child=3 2 -4 -5 -6 -7
leaf_value=-0.00070065659826369934 -0.00012517129432488834 -0.00047147685301019999 0.0018855140977349673 -7.4892346616564078e-05 0.00074912551130345466 -0.00097467700454028456
leaf_weight=89521.310804367065 70552.759219169617 28906.017042160034 221063.12010097504 39716.596662521362 400064.17098999023 485067.10900878906
leaf_count=1368 1026 220 681 224 574 686
internal_value=-0.000223658 -0.00770557 0.015979 0.011865 0.013929 -0.0180093
internal_weight=1.33489e+06 824558 249969 510334 470617 574588
internal_count=4779 2955 901 1824 1600 2054
is_linear=0
shrinkage=0.03


Tree=15
num_leaves=7
num_cat=0
split_feature=8 7 13 14 2 7
split_gain=148298 209766 41425.1 20680.8 20364.9 14674.4
threshold=2.0000000000000004 1.0000000180025095e-35 0.21531235002572927 1.1687579939507959 1.0000000180025095e-35 1.5000000000000002
decision_type=2 2 10 10 2 2
left_child=1 2 -1 4 5 -3
right_child=-2 3 -4 -5 -6 -7
leaf_value=-0.00088697835336951645 0.0031800370524929741 0.00050063103959677082 0.0018302259892780425 -7.2645576218068885e-05 -0.00019456019958991489 0.0010293168265989494
leaf_weight=660868.38205718994 170723.84296798706 314048.59809684753 27113.847051620483 36985.456392288208 58519.719776153564 70067.010442733765
leaf_count=2372 629 781 74 230 565 163
internal_value=-0.00111641 -0.00493507 -0.015552 0.0102942 0.0120949 0.0146066
internal_weight=1.33833e+06 1.1676e+06 687982 479621 442635 384116
internal_count=4814 4185 2446 1739 1509 944
is_linear=0
shrinkage=0.03


Tree=16
num_leaves=7
num_cat=0
split_feature=8 7 14 14 14 14
split_gain=143679 198270 41175.4 26088.3 18398.9 19595.2
threshold=2.0000000000000004 1.0000000180025095e-35 1.1954954634406694 1.1687579939507959 1.0680501303968397 1.0526181595464561
decision_type=2 2 10 10 10 10
left_child=1 2 -1 4 5 -3
right_child=-2 3 -4 -5 -6 -7
leaf_value=-0.00084116179730302232 0.0031057097970829859 0.00051356711218181162 0.002887227168584079 -7.0466208931525549e-05 0.00076496301059171318 -0.0006236901852761283
leaf_weight=650163.93979072571 170769.59034729004 282148.18482398987 21247.348344802856 38240.842990875244 137849.16275024414 21977.607864379883
leaf_count=2237 647 1165 180 244 284 48
internal_value=-0.000911696 -0.00471963 -0.0152469 0.00999904 0.0120559 0.00793471
internal_weight=1.3224e+06 1.15163e+06 671411 480216 441975 304126
internal_count=4805 4158 2417 1741 1497 1213
is_linear=0
shrinkage=0.03


Tree=17
num_leaves=7
num_cat=0
split_feature=8 14 14 15 13 14
split_gain=142090 60147.5 29513.8 25278.2 17220.8 15192.7
threshold=1.2500000000000002 1.0503874541833895 1.1068849337467095 0.048189136147402965 0.25194537264644484 1.0767465635598403
decision_type=2 10 10 2 10 10
left_child=1 3 5 -1 -2 -3
right_child=4 2 -4 -5 -6 -7
leaf_value=-0.00085770012095270085 0.00069988823074864867 0.0006321650321715114 -7.0202449578715554e-05 -0.00026639549923970529 0.003110965400186491 0.00074539886882715137
leaf_weight=376356.45858764648 153794.07891368866 88851.01229095459 81022.982879638672 440216.92563152313 107633.79029846191 84664.638437271118
leaf_count=600 645 171 507 2389 295 183
internal_value=-0.000567582 -0.00540734 0.00732564 -0.00937642 0.0192614 0.0143061
internal_weight=1.33254e+06 1.07111e+06 254539 816573 261428 173516
internal_count=4790 3850 861 2989 940 354
is_linear=0
shrinkage=0.03


Tree=18
num_leaves=7
num_cat=0
split_feature=7 8 14 14 14 7
split_gain=139137 177329 41802.2 21093.6 25799.6 20186
threshold=1.0000000180025095e-35 2.0000000000000004 1.1954954634406694 1.1687579939507959 1.0680501303968397 1.5000000000000002
decision_type=2 2 10 10 8 2
left_child=1 2 -1 4 5 -2
right_child=3 -3 -4 -5 -6 -7
leaf_value=-0.00077266289078507236 -0.00016511159092664902 0.0021189231428665805 0.0028069641689999507 -5.4788417929512793e-05 0.00070564306043532053 0.00054560176106073792
leaf_weight=660674.72585678101 91448.715675354004 142511.326587677 21155.93376159668 34870.355714797974 331251.43134593964 26922.898712158203
leaf_count=2290 441 547 178 222 1005 99
internal_value=-0.00110312 -0.00860187 -0.0149631 0.0116556 0.0133988 0.00137726
internal_weight=1.30884e+06 824342 681831 484493 449623 118372
internal_count=4782 3015 2468 1767 1545 540
is_linear=0
shrinkage=0.03


Tree=19
num_leaves=7
num_cat=0
split_feature=8 7 13 14 14 14
split_gain=143242 214775 22727.2 19670.8 20669.5 23107.2
threshold=1.2500000000000002 1.0000000180025095e-35 0.17913450679131507 1.1687579939507959 1.0680501303968397 1.0526181595464561
decision_type=2 2 8 10 10 10
left_child=1 -1 -2 4 5 -3
right_child=2 3 -4 -5 -6 -7
leaf_value=-0.00082223614511685609 -5.2163440052100596e-05 0.00043754247687030954 0.0018984585609562088 -9.8917263191821217e-05 0.0007378759700832669 -0.00061586162458882455
leaf_weight=609622.59983825684 19299.855264663696 267863.34369277954 244283.36474990845 38410.149768829346 129830.86672019958 23412.537231445312
leaf_count=2203 145 1111 800 234 275 48
internal_value=-0.000713014 -0.00559649 0.019095 0.00989074 0.0117653 0.00732775
internal_weight=1.33272e+06 1.06914e+06 263583 459517 421107 291276
internal_count=4816 3871 945 1668 1434 1159
is_linear=0
shrinkage=0.03


Tree=20
num_leaves=7
num_cat=0
split_feature=7 8 13 3 2 16
split_gain=132800 167026 32523.6 22776.2 17790.5 17963
threshold=1.0000000180025095e-35 1.2500000000000002 0.39179212105117417 1.0000000180025095e-35 1.0000000180025095e-35 1.0603637078856007
decision_type=2 2 10 2 2 10
left_child=1 -1 3 -3 5 -2
right_child=4 2 -4 -5 -6 -7
leaf_value=-0.0007897578499922234 0.00067064587991088719 -3.5580310194507357e-05 0.0032825966172241954 0.00074316360500153772 -0.00021488153047704461 7.513701270246016e-05
leaf_weight=618396.88174819946 332152.0547170639 93837.513265609741 82639.061187744141 49268.398933410645 60432.356536865234 96436.107772827148
leaf_count=2186 964 285 262 272 581 219
internal_value=-0.0011696 -0.00837625 0.0137102 0.00505664 0.0112704 0.013419
internal_weight=1.33316e+06 844142 225745 143106 489021 428588
internal_count=4769 3005 819 557 1764 1183
is_linear=0
shrinkage=0.03


Tree=21
num_leaves=7
num_cat=0
split_feature=7 8 13 2 16 12
split_gain=135466 165881 39972.6 17858 19738.8 26847.3
threshold=1.0000000180025095e-35 2.0000000000000004 0.21531235002572927 1.0000000180025095e-35 1.0603637078856007 1.2716800630866065
decision_type=2 2 10 2 10 10
left_child=1 2 -1 4 -2 -6
right_child=3 -3 -4 -5 5 -7
leaf_value=-0.00073422317356945893 0.00066325514026861093 0.0020483452854266225 0.0015534994180912414 -0.00017652179145331235 -0.00017724422351479162 0.00056418305705097289
leaf_weight=650158.26838970184 331753.00635528564 143770.85433387756 26412.961303710938 65385.630970001221 66333.78539276123 28376.635957717896
leaf_count=2349 963 535 82 631 122 101
internal_value=-0.00148993 -0.00895365 -0.0151724 0.0109586 0.0131969 0.0011173
internal_weight=1.31219e+06 820342 676571 491849 426463 94710.4
internal_count=4783 2966 2431 1817 1186 223
is_linear=0
shrinkage=0.03


Tree=22
num_leaves=7
num_cat=0
split_feature=7 8 14 2 8 8
split_gain=118737 160021 26568.9 22063.2 17890 16621.1
threshold=1.0000000180025095e-35 1.2500000000000002 1.1687579939507959 1.0000000180025095e-35 2.0000000000000004 1.8000000000000003
decision_type=2 2 10 2 2 2
left_child=1 -1 3 -2 5 -3
right_child=2 4 -4 -5 -6 -7
leaf_value=-0.00075184505390014369 0.00061006088988730495 0.0014378536646028083 -5.8571762418211381e-05 -0.00023856333047661944 0.0018337203894221745 -0.00022364186861290535
leaf_weight=588767.2881565094 397702.27563381195 47481.363783836365 41088.29553604126 58842.367565155029 145840.41360855103 25722.16607093811
leaf_count=2174 991 177 236 570 538 97
internal_value=-0.00113666 -0.00823791 0.0103908 0.0124704 0.0136527 0.00155113
internal_weight=1.30544e+06 807811 497633 456545 219044 73203.5
internal_count=4783 2986 1797 1561 812 274
is_linear=0
shrinkage=0.03


Tree=23
num_leaves=7
num_cat=0
split_feature=7 9 13 14 1 14
split_gain=126322 153209 36152.9 25716.4 19989.2 17905.3
threshold=1.0000000180025095e-35 0.55000000000000016 0.39179212105117417 1.1687579939507959 1.0000000180025095e-35 1.0842898240257204
decision_type=2 2 10 10 2 10
left_child=1 -1 5 4 -2 -3
right_child=3 2 -4 -5 -6 -7
leaf_value=-0.00075388012833262964 -8.9664374051108854e-05 0.00029363634511801555 0.0030601519292464585 -5.6814609545665639e-05 0.0006050609311384987 -0.00012593818922589613
leaf_weight=576239.03832054138 70723.661024093628 137968.6658000946 79302.775903701782 40020.173259735107 400191.58688354492 25945.023443222046
leaf_count=2049 1011 575 251 232 572 62
internal_value=-0.000643226 -0.00794267 0.0120238 0.0110638 0.0130259 0.00397841
internal_weight=1.33039e+06 819456 243216 510935 470915 163914
internal_count=4752 2937 888 1815 1583 637
is_linear=0
shrinkage=0.03


Tree=24
num_leaves=7
num_cat=0
split_feature=8 7 7 16 12 12
split_gain=99658.7 156408 23978.6 27424.5 23053.4 17844.4
threshold=1.2500000000000002 1.0000000180025095e-35 1.5000000000000002 1.058555995734501 1.2716800630866065 1.2203176711021559
decision_type=2 2 2 10 10 10
left_child=1 -1 3 -3 -5 -2
right_child=5 2 -4 4 -6 -7
leaf_value=-0.00070879276757778809 0.00043416648141833655 0.00030387928256882149 0.00082119212940351481 -0.00033567756900439166 0.00071002159471043305 0.0030669078821106352
leaf_weight=598089.92498016357 194457.32744312286 296331.52089309692 82854.696836471558 54460.784633636475 16703.607002258301 60556.362476348877
leaf_count=2137 742 1182 295 95 74 206
internal_value=-0.00122568 -0.0053168 0.00803638 0.0047493 -0.0119734 0.0155939
internal_weight=1.30345e+06 1.04844e+06 450351 367496 71164.4 255014
internal_count=4731 3783 1646 1351 169 948
is_linear=0
shrinkage=0.03


Tree=25
num_leaves=7
num_cat=0
split_feature=7 8 14 14 14 12
split_gain=117452 140785 36704.5 19765.1 19861.2 16891.8
threshold=1.0000000180025095e-35 2.0000000000000004 1.1954954634406694 1.1687579939507959 0.98801204113021213 1.2480880910614693
decision_type=2 2 10 10 8 8
left_child=1 2 5 4 -2 -1
right_child=3 -3 -4 -5 -6 -7
leaf_value=-0.00026231099815522018 -0.00019433538745302281 0.0017043132012412186 0.0022296341398049956 -6.3546658870356756e-05 0.00056995754319021281 -0.00083688020755944188
leaf_weight=237827.91958045959 31992.172474861145 145850.97609329224 20521.403930664062 33996.684814453125 435202.23158740997 437615.76247215271
leaf_count=717 276 543 175 238 1301 1572
internal_value=-0.00106689 -0.00791238 -0.0135287 0.010431 0.0120381 -0.0147296
internal_weight=1.34301e+06 841816 695965 501191 467194 675444
internal_count=4822 3007 2464 1815 1577 2289
is_linear=0
shrinkage=0.03


Tree=26
num_leaves=7
num_cat=0
split_feature=7 8 14 7 9 13
split_gain=100727 125665 30771.9 19530.5 27074.2 18937.7
threshold=1.0000000180025095e-35 2.0000000000000004 1.1954954634406694 1.5000000000000002 1.0000000180025095e-35 0.26658370010661642
decision_type=2 2 10 2 2 10
left_child=1 2 -1 4 -2 -6
right_child=3 -3 -4 -5 5 -7
leaf_value=-0.00062322429335209437 6.7043485657164361e-05 0.0016273652390283221 0.0021271994000898651 0.00077999088808470207 0.0012367738729059156 -0.00025740854343894612
leaf_weight=649459.36558246613 288400.88942909241 153479.28452110291 18340.187442779541 82995.062213897705 114087.6098690033 13097.383224487305
leaf_count=2234 1046 537 172 290 425 47
internal_value=-0.000985113 -0.00744244 -0.0130682 0.00965158 0.00699799 0.0185282
internal_weight=1.31986e+06 821279 667800 498581 415586 127185
internal_count=4751 2943 2406 1808 1518 472
is_linear=0
shrinkage=0.03


Tree=27
num_leaves=7
num_cat=0
split_feature=7 13 9 3 14 14
split_gain=99507.3 134743 19949.4 23052.1 19190.8 17688.6
threshold=1.0000000180025095e-35 0.21531235002572927 0.55000000000000016 1.0000000180025095e-35 1.1687579939507959 0.96381182778037988
decision_type=2 10 2 2 10 8
left_child=1 2 -1 -4 5 -2
right_child=4 -3 3 -5 -6 -7
leaf_value=-0.00066434900776106052 -0.00024880096999762479 0.0021367937328359353 -7.3935296407160009e-05 0.00048262228860185497 -5.8588686733520577e-05 0.00052994672082197665
leaf_weight=565765.04281044006 19394.782157897949 120026.77488708496 84259.285696029663 44170.059225082397 38194.58416557312 435981.34181785583
leaf_count=2034 209 327 290 301 230 1346
internal_value=-0.00122069 -0.0076636 -0.0127382 -0.00206402 0.00940785 0.0111211
internal_weight=1.30779e+06 814221 694194 128429 493571 455376
internal_count=4737 2952 2625 591 1785 1555
is_linear=0
shrinkage=0.03


Tree=28
num_leaves=7
num_cat=0
split_feature=13 14 8 15 14 14
split_gain=83768.4 27696.2 36973.9 28791.3 21584.6 23524.3
threshold=0.39179212105117417 1.0503874541833895 1.2500000000000002 0.048189136147402965 1.1113934596320145 1.0892946424343755
decision_type=10 10 2 2 10 10
left_child=1 2 3 -1 5 -3
right_child=-2 4 -4 -5 -6 -7
leaf_value=-0.00065888412870739651 0.0028374837397741131 8.1519417496318526e-05 0.00046814361994379939 -0.00019010669546874582 -5.6831026131516356e-05 0.00088149554920402139
leaf_weight=372116.64450836182 80734.953199386597 132836.10146331787 150889.35282993317 446453.43859291077 91456.564599990845 68821.213466644287
leaf_count=596 291 269 604 2356 491 170
internal_value=-0.00151406 -0.00340852 -0.0058517 -0.00836708 0.00467213 0.0101545
internal_weight=1.34331e+06 1.26257e+06 969459 818570 293114 201657
internal_count=4777 4486 3556 2952 930 439
is_linear=0
shrinkage=0.03


Tree=29
num_leaves=7
num_cat=0
split_feature=13 14 14 12 4 8
split_gain=85243.6 26417.4 33326.6 22789.6 22578.8 19963.1
threshold=0.39179212105117417 1.0503874541833895 1.1068849337467095 1.1693505096152683 5.5000000000000009 2.0000000000000004
decision_type=10 8 8 10 2 2
left_child=1 3 -3 -1 -4 -6
right_child=-2 2 4 -5 5 -7
leaf_value=-2.9311292137503361e-05 0.00276893443785392 0.00060760260754835836 0.0012616927836661817 -0.00069075184174718408 -0.00024769369134399974 0.0016697265047964116
leaf_weight=195487.91265296936 82184.762096405029 178325.60782432556 25709.543192863464 219718.20085716248 531078.27425193787 78846.447553634644
leaf_count=795 297 384 96 794 2138 281
internal_value=-0.00126336 -0.00324121 -0.000100031 -0.00939903 -0.00331532 -0.00447625
internal_weight=1.31135e+06 1.22917e+06 813960 415206 635634 609925
internal_count=4785 4488 2899 1589 2515 2419
is_linear=0
shrinkage=0.03


Tree=30
num_leaves=7
num_cat=0
split_feature=7 8 12 3 14 15
split_gain=77357 93971.9 38255.6 27984.1 21816.4 18612.4
threshold=1.0000000180025095e-35 0.35000000000000003 1.2203176711021559 1.0000000180025095e-35 1.1687579939507959 0.048852481607943997
decision_type=2 2 10 2 10 2
left_child=1 5 3 -3 -2 -1
right_child=4 2 -4 -5 -6 -7
leaf_value=-0.00076189233060363671 0.00039133595886838842 -8.7655772269737864e-05 0.0023959638977388087 0.00061944704983402316 -4.7695284607249806e-05 -0.00033767294421225039
leaf_weight=319031.95320892334 455820.23577690125 112594.03999900818 72304.888206481934 62941.59485912323 39993.785406112671 254721.48561286926
leaf_count=493 1545 337 215 349 237 1573
internal_value=-0.0013711 -0.00701839 0.00841868 0.000853908 0.00798679 -0.0136867
internal_weight=1.31741e+06 821594 247841 175536 495814 573753
internal_count=4749 2967 901 686 1782 2066
is_linear=0
shrinkage=0.03


Tree=31
num_leaves=7
num_cat=0
split_feature=7 8 14 14 1 12
split_gain=94090.4 108859 35074.1 19730.3 20564.8 18098.8
threshold=1.0000000180025095e-35 2.0000000000000004 1.1954954634406694 1.1687579939507959 1.0000000180025095e-35 1.2203176711021559
decision_type=2 2 10 10 2 10
left_child=1 2 -1 4 -2 -3
right_child=3 5 -4 -5 -6 -7
leaf_value=-0.00057585156397840255 -0.00024408802063507123 0.00018808825070076401 0.0018434760815595023 -7.0093255446545882e-05 0.00050902195216694329 0.0035373083907602881
leaf_weight=668076.63092899323 70442.347763061523 92718.206047058105 21631.535078048706 33155.492811203003 392345.78411865234 52872.489223480225
leaf_count=2272 1003 366 181 232 564 160
internal_value=-0.00162676 -0.0077723 -0.0127481 0.00872389 0.0103255 0.0157995
internal_weight=1.33124e+06 835299 689708 495944 462788 145591
internal_count=4778 2979 2453 1799 1567 526
is_linear=0
shrinkage=0.03


Tree=32
num_leaves=7
num_cat=0
split_feature=9 7 13 7 14 15
split_gain=82345 71303.6 36275.1 40839.6 16410.5 17974.9
threshold=1.0000000180025095e-35 1.0000000180025095e-35 0.39179212105117417 1.0000000180025095e-35 1.1374403882860296 0.039230364345783843
decision_type=2 2 10 2 10 2
left_child=1 -1 3 -2 5 -3
right_child=2 4 -4 -5 -6 -7
leaf_value=-0.0005796712876422372 -5.8783833656777382e-05 -0.00014501258921973071 0.0025225392025069338 0.00099836272577653049 -4.3532941978593349e-05 0.00036035200392061566
leaf_weight=533561.11706161499 207154.45574378967 47973.126403808594 79791.692729949951 127793.67546081543 45021.854572296143 283356.31371974945
leaf_count=1927 805 71 289 445 213 1093
internal_value=-0.00113821 -0.00618804 0.00994073 0.00561013 0.0038113 0.00612057
internal_weight=1.32465e+06 909912 414740 334948 376351 331329
internal_count=4843 3304 1539 1250 1377 1164
is_linear=0
shrinkage=0.03


Tree=33
num_leaves=7
num_cat=0
split_feature=13 7 8 16 2 3
split_gain=83083.6 109837 28965.9 23921.4 19381.7 18595.1
threshold=0.39179212105117417 1.0000000180025095e-35 0.35000000000000003 1.0603637078856007 1.0000000180025095e-35 1.0000000180025095e-35
decision_type=10 2 2 10 2 2
left_child=1 2 -1 4 -3 -4
right_child=-2 3 5 -5 -6 -7
leaf_value=-0.00057951223207702461 0.0023998942535086768 0.00049546815646629868 -8.8044226358079808e-05 -4.1771183791854407e-05 -0.00024318572961963791 0.0002627308132002764
leaf_weight=576459.18424797058 80087.733032226562 344804.04472351074 118464.23567390442 97174.832429885864 61705.080699920654 60028.732292175293
leaf_count=2080 295 968 330 232 597 333
internal_value=-0.00150419 -0.00338947 -0.0106282 0.00746038 0.0106569 -6.78163e-05
internal_weight=1.33872e+06 1.25864e+06 754952 503684 406509 178493
internal_count=4835 4540 2743 1797 1565 663
is_linear=0
shrinkage=0.03


Tree=34
num_leaves=7
num_cat=0
split_feature=7 8 12 3 16 2
split_gain=73013.7 89679.6 39474.3 25690.2 19962 19731.3
threshold=1.0000000180025095e-35 0.35000000000000003 1.2203176711021559 1.0000000180025095e-35 1.0608865018159279 1.0000000180025095e-35
decision_type=2 2 10 2 10 2
left_child=1 -1 3 -3 5 -2
right_child=4 2 -4 -5 -6 -7
leaf_value=-0.0005684041625289328 0.00047957239649537467 -0.00010838437205075241 0.0021500699001425921 0.00028099796835693523 -3.3057650779443964e-05 -0.00026108623756200268
leaf_weight=575520.92994689941 345079.09386444092 116766.23934173584 75696.559209823608 60984.75963973999 92741.355146408081 62426.070621490479
leaf_count=2059 972 345 228 338 213 600
internal_value=-0.00175474 -0.00721669 0.00765234 -7.40464e-05 0.00729634 0.0101552
internal_weight=1.32922e+06 828968 253448 177751 500247 407505
internal_count=4755 2970 911 683 1785 1572
is_linear=0
shrinkage=0.03


Tree=35
num_leaves=7
num_cat=0
split_feature=13 7 9 14 2 14
split_gain=87867.3 102239 36065.4 21379.6 16424.2 15409.2
threshold=0.39179212105117417 1.0000000180025095e-35 0.65000000000000002 1.1281809128220688 1.0000000180025095e-35 1.0842898240257204
decision_type=10 2 2 10 2 10
left_child=1 2 -1 4 -3 -4
right_child=-2 3 5 -5 -6 -7
leaf_value=-0.00053089496697476921 0.0022541984700592227 0.00049690548291108966 0.0001137651661205686 -5.4987210662744702e-05 -0.0003056885704125994 -0.00038722756152499303
leaf_weight=600027.67113494873 84356.349397659302 385136.3484582901 133692.69606876373 54435.437227249146 59273.326007843018 12062.592708587646
leaf_count=2134 297 965 539 256 563 36
internal_value=-0.00145473 -0.00346301 -0.0104951 0.00705009 0.00922373 0.00289031
internal_weight=1.32898e+06 1.24463e+06 745783 498845 444410 145755
internal_count=4790 4493 2709 1784 1528 575
is_linear=0
shrinkage=0.03


Tree=36
num_leaves=7
num_cat=0
split_feature=13 7 8 14 15 8
split_gain=86051.1 88739.3 26373.2 23298.8 16057.4 15685.2
threshold=0.39179212105117417 1.0000000180025095e-35 0.35000000000000003 1.1281809128220688 0.048852481607943997 1.2500000000000002
decision_type=10 2 2 10 2 2
left_child=1 2 4 5 -1 -3
right_child=-2 3 -4 -5 -6 -7
leaf_value=-0.00070304593354550795 0.0021016185294295891 0.00029694719574801365 8.6934731934085184e-06 -5.3337594342861562e-05 -0.00032454021800699967 0.0039706668336366314
leaf_weight=319256.6742477417 84094.039463043213 412030.55735778809 161344.46054840088 56053.317914962769 254034.34124755859 37029.984704971313
leaf_count=486 294 1382 637 258 1562 129
internal_value=-0.0010293 -0.00302138 -0.0096767 0.0066581 -0.0126922 0.00893447
internal_weight=1.32384e+06 1.23975e+06 734635 505114 573291 449061
internal_count=4748 4454 2685 1769 2048 1511
is_linear=0
shrinkage=0.03


Tree=37
num_leaves=7
num_cat=0
split_feature=8 7 13 7 12 3
split_gain=82606.9 82183 23618.2 20853.5 19874.3 18799
threshold=1.2500000000000002 1.0000000180025095e-35 0.39179212105117417 1.0000000180025095e-35 1.1693505096152683 1.0000000180025095e-35
decision_type=2 2 10 2 8 2
left_child=1 4 3 5 -1 -2
right_child=2 -3 -4 -5 -6 -7
leaf_value=-0.0001836159125644003 -8.3854082778323666e-05 0.00017658179528563382 0.0020218523332740093 0.003846724269480066 -0.00067207716217438957 0.00075579849786403615
leaf_weight=177836.34265708923 91424.387083053589 450299.12165641785 75316.670789718628 38950.064207077026 421139.43520355225 48226.66351890564
leaf_count=633 280 1647 249 140 1549 278
internal_value=-0.00118006 -0.00489565 0.0141738 0.00823183 -0.0121753 0.00281767
internal_weight=1.30319e+06 1.04927e+06 253918 178601 598976 139651
internal_count=4776 3829 947 698 2182 558
is_linear=0
shrinkage=0.03


Tree=38
num_leaves=7
num_cat=0
split_feature=13 7 8 14 14 15
split_gain=88721.4 84290.3 20733.6 20597.9 15680.2 15221.5
threshold=0.39179212105117417 1.0000000180025095e-35 0.35000000000000003 1.1281809128220688 1.0680501303968397 0.054366120026944839
decision_type=10 2 2 10 8 2
left_child=1 2 5 4 -3 -1
right_child=-2 3 -4 -5 -6 -7
leaf_value=-0.00058180141375973043 0.0019620209422018336 -5.8696353265523803e-05 -1.424128593831453e-05 -5.7034920371148431e-05 0.00052693393426311722 -0.00015991163915276193
leaf_weight=433144.15863037109 85187.332029342651 117546.18349647522 175191.2097826004 54452.901851654053 310956.44338226318 141494.48440933228
leaf_count=690 300 524 653 252 980 1384
internal_value=-0.00167805 -0.00372419 -0.0100198 0.00605026 0.00825886 -0.0127742
internal_weight=1.31797e+06 1.23279e+06 749830 482956 428503 574639
internal_count=4783 4483 2727 1756 1504 2074
is_linear=0
shrinkage=0.03


Tree=39
num_leaves=7
num_cat=0
split_feature=13 7 14 8 8 12
split_gain=78834.5 80501.9 26281.4 19153.2 16969.7 16499.1
threshold=0.39179212105117417 1.0000000180025095e-35 1.1281809128220688 0.35000000000000003 1.2500000000000002 1.1693505096152683
decision_type=10 2 10 2 2 8
left_child=1 3 4 5 -3 -1
right_child=-2 2 -4 -5 -6 -7
leaf_value=-0.00020766255085287414 0.0020870686776753703 0.00025300241437666449 -5.9960394875508988e-05 -6.1291011452381735e-06 0.0036297355929921253 -0.00068589747553800425
leaf_weight=173288.18618774414 75904.033548355103 401967.21390151978 58825.66353225708 163950.10622692108 38011.394124984741 400937.25511360168
leaf_count=585 281 1399 272 637 125 1466
internal_value=-0.00173423 -0.00355531 0.00575483 -0.00984641 0.00827281 -0.0124285
internal_weight=1.31288e+06 1.23698e+06 498804 738176 439979 574225
internal_count=4765 4484 1796 2688 1524 2051
is_linear=0
shrinkage=0.03


Tree=40
num_leaves=7
num_cat=0
split_feature=13 7 12 7 12 8
split_gain=67195.9 75641.5 20110.3 32918.4 28994.8 19880.8
threshold=0.39179212105117417 1.0000000180025095e-35 1.2716800630866065 1.5000000000000002 1.1093054004242737 0.35000000000000003
decision_type=10 2 8 2 10 2
left_child=1 5 3 4 -3 -1
right_child=-2 2 -4 -5 -6 -7
leaf_value=-0.00046492368871953069 0.0018362976167343812 0.00028932122877918466 0.00047189145891599288 0.0013403220452944944 -0.00020674549510641766 -9.8946460288041762e-07
leaf_weight=572648.32988548279 85261.108821868896 70828.507864952087 290810.9596862793 39541.871660232544 103966.11644554138 171200.06194877625
leaf_count=2093 293 339 1144 116 182 662
internal_value=-0.00130356 -0.00306261 0.00589624 -0.00107611 -0.0066681 -0.00914656
internal_weight=1.33426e+06 1.249e+06 505147 214336 174795 743848
internal_count=4829 4536 1781 637 521 2755
is_linear=0
shrinkage=0.03


Tree=41
num_leaves=7
num_cat=0
split_feature=8 7 13 15 12 12
split_gain=75131.5 68409.4 25717 17251.2 18423 15029
threshold=0.35000000000000003 1.0000000180025095e-35 0.39179212105117417 0.053979093041231309 1.1606563820490996 1.2716800630866065
decision_type=2 2 10 2 8 8
left_child=1 3 -2 4 -1 -3
right_child=2 5 -4 -5 -6 -7
leaf_value=-0.00021378370127264171 0.00014986652416111096 -3.1861804152524265e-05 0.0018115353304054224 -0.00017249998679295551 -0.00078793030116787726 0.0002974890543224374
leaf_weight=109320.22688293457 239153.79799556732 181452.76873970032 85834.394227981567 140512.26561546326 311482.26441955566 251727.53939342499
leaf_count=192 882 547 299 1364 479 984
internal_value=-0.00164284 -0.00573509 0.0108798 -0.0126471 -0.0156862 0.00322157
internal_weight=1.31948e+06 994495 324988 561315 420802 433180
internal_count=4747 3566 1181 2035 671 1531
is_linear=0
shrinkage=0.03


Tree=42
num_leaves=7
num_cat=0
split_feature=13 15 8 16 15 16
split_gain=59251.6 22369.5 16191.4 12315.9 11044.6 8139.78
threshold=0.39179212105117417 0.039230364345783843 1.0000000180025095e-35 1.0633083079532877 0.032249317692343661 1.048383096817489
decision_type=10 2 2 10 2 8
left_child=1 3 5 4 -1 -3
right_child=-2 2 -4 -5 -6 -7
leaf_value=0.00022460037988779484 0.0018313497269191793 0.00012259555900496545 0.00011333274280967159 -0.00095801780057835862 -0.00036755435900466012 -0.00012591350736842254
leaf_weight=34583.127471923828 81256.203248977661 171551.19457817078 255788.69158554077 63790.838989257812 94236.504180908203 639346.06184005737
leaf_count=69 287 1123 1030 68 147 2074
internal_value=-0.000869698 -0.00247185 -0.000772773 -0.0118812 -0.00654241 -0.00284866
internal_weight=1.34055e+06 1.2593e+06 1.06669e+06 192610 128820 810897
internal_count=4798 4511 4227 284 216 3197
is_linear=0
shrinkage=0.03


Tree=43
num_leaves=7
num_cat=0
split_feature=8 7 13 7 14 15
split_gain=65762.6 63741.1 23018.9 17981.2 14403.2 12705.1
threshold=0.35000000000000003 1.0000000180025095e-35 0.39179212105117417 1.0000000180025095e-35 1.0993704652615912 0.054366120026944839
decision_type=2 2 10 2 10 2
left_child=1 5 3 -2 -5 -1
right_child=2 -3 -4 4 -6 -7
leaf_value=-0.00049081238436383175 -5.2122928520108284e-06 0.00010179421475971395 0.0016959038714558922 0.0020809271203113076 -0.00019507478405548953 -0.00014210913315533497
leaf_weight=423658.22662353516 168569.91164112091 415420.96298885345 81677.065660476685 65132.493549346924 16380.374538421631 133997.80217170715
leaf_count=675 647 1523 285 229 33 1351
internal_value=-0.00130711 -0.00523963 0.0102272 0.00571088 0.0172786 -0.0118666
internal_weight=1.30484e+06 973077 331760 250083 81512.9 557656
internal_count=4743 3549 1194 909 262 2026
is_linear=0
shrinkage=0.03


Tree=44
num_leaves=7
num_cat=0
split_feature=13 8 14 14 14 15
split_gain=55525.8 20833.3 28332 21994.3 21953.8 20718.9
threshold=0.39179212105117417 0.35000000000000003 1.0892946424343755 1.0842898240257204 1.1068849337467095 0.043779207680071618
decision_type=10 2 10 10 10 2
left_child=1 2 5 -3 -4 -1
right_child=-2 3 4 -5 -6 -7
leaf_value=-0.00048655223776515133 0.0016259095488177448 0.00048252625721204923 0.00083408743859950877 -0.0002699038763438968 -3.0182371249685145e-05 -0.00011370422707767311
leaf_weight=256494.79161834717 80400.457838058472 210464.23089504242 54268.365772247314 43886.69995880127 71431.599031448364 615579.36478233337
leaf_count=401 280 815 114 100 460 2631
internal_value=-0.000757509 -0.00230935 -0.00426313 0.00535493 0.00905198 -0.0061824
internal_weight=1.33253e+06 1.25213e+06 997774 254351 125700 872074
internal_count=4801 4521 3606 915 574 3032
is_linear=0
shrinkage=0.03


Tree=45
num_leaves=7
num_cat=0
split_feature=7 13 8 15 9 14
split_gain=53914 76251.9 21660.1 12903.9 13620.5 12636.8
threshold=1.0000000180025095e-35 0.39179212105117417 1.2500000000000002 0.048852481607943997 0.55000000000000016 0.99874981136256369
decision_type=2 10 2 2 2 8
left_child=1 3 -2 4 -1 -5
right_child=2 -3 -4 5 -6 -7
leaf_value=-0.00055955678370121602 0.00016676532528357545 0.0016905343872810257 0.0034080690458764143 8.6252352967546291e-05 -2.6620896897574096e-05 -0.00020943593770093429
leaf_weight=312054.27179718018 464674.63239955902 75770.577007293701 40915.777601242065 87756.853052139282 72697.564826965332 279809.12700366974
leaf_count=471 1667 241 137 634 121 1514
internal_value=-0.00116653 -0.00587963 0.00655286 -0.00876874 -0.012609 -0.00474885
internal_weight=1.33368e+06 828088 505590 752318 384752 367566
internal_count=4785 2981 1804 2740 592 2148
is_linear=0
shrinkage=0.03


Tree=46
num_leaves=7
num_cat=0
split_feature=8 7 15 14 14 15
split_gain=55313.3 59805.9 15677.8 14481.1 17035.4 16827.6
threshold=0.35000000000000003 1.0000000180025095e-35 0.053944265922108874 1.2619510653514818 1.0842898240257204 0.043779207680071618
decision_type=2 2 2 10 10 2
left_child=1 2 -1 4 5 -2
right_child=3 -3 -4 -5 -6 -7
leaf_value=-0.00045600093485933868 0.0015257675169382415 0.00012707961759758911 -0.00010928170836007727 0.006149083543882221 -0.0001714221385338119 0.00024746682757237126
leaf_weight=420913.62619018555 52105.569290161133 421694.17823123932 160187.95547103882 38439.366382598877 44704.48571395874 192317.33082199097
leaf_count=669 88 1523 1415 185 89 815
internal_value=-0.000899728 -0.00439592 -0.010637 0.00980323 0.00750301 0.0106173
internal_weight=1.33036e+06 1.0028e+06 581102 327567 289127 244423
internal_count=4784 3607 2084 1177 992 903
is_linear=0
shrinkage=0.03


Tree=47
num_leaves=7
num_cat=0
split_feature=8 7 14 15 2 7
split_gain=56439.9 51266.2 17763.2 18086.2 15916 16919.4
threshold=2.0000000000000004 1.0000000180025095e-35 1.1687579939507959 0.039230364345783843 1.0000000180025095e-35 1.5000000000000002
decision_type=2 2 10 2 2 2
left_child=1 -1 3 -3 5 -5
right_child=-2 2 -4 4 -6 -7
leaf_value=-0.00033614250937022969 0.0014441130972941496 -0.0001203437066559232 -7.0672786379046831e-05 0.0002678536319497295 -0.00036172006859081461 0.0012626256683202074
leaf_weight=659039.47342205048 169036.77670860291 64795.318298339844 36051.949075698853 270765.22038269043 53812.802326202393 48920.427593231201
leaf_count=2418 625 94 222 743 521 143
internal_value=-0.00139774 -0.00380955 0.0037111 0.00537616 0.00791444 0.0104553
internal_weight=1.30242e+06 1.13339e+06 474346 438294 373498 319686
internal_count=4766 4141 1723 1501 1407 886
is_linear=0
shrinkage=0.03


Tree=48
num_leaves=7
num_cat=0
split_feature=13 7 9 7 16 12
split_gain=50894.5 60834.5 15565.6 19351.2 15401 14424.2
threshold=0.39179212105117417 1.0000000180025095e-35 0.15000000000000005 1.5000000000000002 1.0508159085657967 1.2716800630866065
decision_type=10 2 2 2 10 8
left_child=1 -1 3 5 -4 -3
right_child=-2 2 4 -5 -6 -7
leaf_value=-0.00028403849625649718 0.0014711661817591629 -9.31305494629102e-05 0.0012400331017902056 0.00092534709305098866 -0.00023867484458627665 0.0001690245662723321
leaf_weight=732909.85599994659 81429.885097503662 135404.50278282166 77981.387035369873 83426.898792266846 18164.241746902466 183034.1530122757
leaf_count=2720 297 409 295 298 41 724
internal_value=-0.00118481 -0.00270437 0.00538631 0.00279199 0.0162293 -0.000577657
internal_weight=1.31235e+06 1.23092e+06 498011 401866 96145.6 318439
internal_count=4784 4487 1767 1431 336 1133
is_linear=0
shrinkage=0.03


Tree=49
num_leaves=7
num_cat=0
split_feature=8 7 13 15 0 7
split_gain=49080.1 35751.7 17893 13078.8 12552.4 12003.4
threshold=0.35000000000000003 1.0000000180025095e-35 0.39179212105117417 0.038196897219244526 6.5000000000000009 1.0000000180025095e-35
decision_type=2 2 10 2 2 2
left_child=1 3 5 -1 -5 -2
right_child=2 -3 -4 4 -6 -7
leaf_value=-0.00091622379910457556 9.7728551847289745e-06 8.8094474368212151e-05 0.001429117183070612 -0.00037064740058879054 -4.9500607874540875e-05 0.00076217441539237144
leaf_weight=81717.378631591797 171873.68622303009 412656.67682552338 84292.465932846069 285990.35299682617 185431.34592628479 75560.26879119873
leaf_count=120 650 1514 296 1178 751 248
internal_value=-0.000401048 -0.00382056 0.0095545 -0.00880597 -0.00688521 0.00548762
internal_weight=1.29752e+06 965796 331726 553139 471422 247434
internal_count=4757 3563 1194 2049 1929 898
is_linear=0
shrinkage=0.03


Tree=50
num_leaves=7
num_cat=0
split_feature=13 7 8 5 15 15
split_gain=46004.7 62882.5 18486.2 14196.9 12199.7 16134.4
threshold=0.39179212105117417 1.0000000180025095e-35 1.2500000000000002 5.1208549140561965 0.048852481607943997 0.04440030412786309
decision_type=10 2 2 2 2 2
left_child=1 3 -3 -1 5 -5
right_child=-2 2 -4 4 -6 -7
leaf_value=0.0048221120785219649 0.0013519573255818904 0.00013178245391670451 0.0026928735159445273 -0.00025668859321744953 -0.00013585187028845313 -0.0005397503669053856
leaf_weight=23050.580112457275 77451.870391845703 464672.88868236542 35996.935918807983 264710.549949646 344951.13195800781 128104.98711395264
leaf_count=81 283 1654 142 396 2056 213
internal_value=-0.0014234 -0.00280133 0.00545539 -0.00823481 -0.00895921 -0.0125743
internal_weight=1.33894e+06 1.26149e+06 500670 760817 737767 392816
internal_count=4825 4542 1796 2746 2665 609
is_linear=0
shrinkage=0.03


Tree=51
num_leaves=7
num_cat=0
split_feature=8 12 12 14 13 15
split_gain=44782.1 16993.9 19482 27795.3 16113.4 14186.1
threshold=0.35000000000000003 1.5289988241803774 1.1693505096152683 1.0330184484492471 0.39179212105117417 0.032249317692343661
decision_type=2 10 10 8 10 2
left_child=1 2 3 -1 -2 -5
right_child=4 -3 -4 5 -6 -7
leaf_value=0.0002576235310301933 0.00010293756843416998 0.00020747268081461789 -0.00038945628398756138 0.0014282188392337454 0.0013550558638850657 -0.00023289830267759769
leaf_weight=142820.84924697876 248938.96899223328 107725.02285385132 246781.5177192688 16402.511169433594 77336.217115402222 477758.97504329681
leaf_count=530 900 637 640 35 279 1748
internal_value=-0.00086636 -0.00403887 -0.00541012 -0.00263763 0.00877421 -0.00600666
internal_weight=1.31776e+06 991489 883764 636982 326275 494161
internal_count=4769 3590 2953 2313 1179 1783
is_linear=0
shrinkage=0.03


Tree=52
num_leaves=7
num_cat=0
split_feature=9 12 13 12 14 12
split_gain=50933.2 21399.7 18911.2 18105.1 18594.8 16308.4
threshold=0.3000000000000001 1.5289988241803774 0.39179212105117417 1.1606563820490996 1.0330184484492471 1.265509476038903
decision_type=2 10 10 8 10 10
left_child=1 3 5 4 -1 -2
right_child=2 -3 -4 -5 -6 -7
leaf_value=0.00023298566690016728 0.00015863509545657406 0.00031519100422407989 0.0014018467787357772 -0.00035209219621334996 -0.00012779506443206357 -0.00028602494491544251
leaf_weight=148905.14438724518 234450.26003837585 97028.878753662109 80944.239362716675 597855.54826545715 122290.75891304016 25164.4554271698
leaf_count=629 881 609 292 1902 400 67
internal_value=-0.00142479 -0.00494147 0.00855108 -0.0064334 -4.21742e-06 0.00460347
internal_weight=1.30664e+06 966080 340559 869051 271196 259615
internal_count=4780 3540 1240 2931 1029 948
is_linear=0
shrinkage=0.03


Tree=53
num_leaves=7
num_cat=0
split_feature=13 7 12 7 12 2
split_gain=45206 57149.9 17998 27856.1 22744.9 17669.1
threshold=0.39179212105117417 1.0000000180025095e-35 1.2716800630866065 1.5000000000000002 1.1093054004242737 1.0000000180025095e-35
decision_type=10 2 8 2 10 2
left_child=1 -1 3 4 -3 -4
right_child=-2 2 5 -5 -6 -7
leaf_value=-0.00026632051079281984 0.0012612206188739466 0.00026168296089259082 0.00048243784218728053 0.0012301028824769731 -0.0002078135812779947 -0.0005984484849101871
leaf_weight=719778.64207458496 86555.959312438965 72575.250945091248 251955.01331615448 32761.669357299805 97823.697959899902 40931.798324584961
leaf_count=2686 295 339 754 110 176 387
internal_value=-0.0010238 -0.00251512 0.0053197 -0.00154152 -0.00641259 0.0100789
internal_weight=1.30238e+06 1.21583e+06 496047 203161 170399 292887
internal_count=4747 4452 1766 625 515 1141
is_linear=0
shrinkage=0.03


Tree=54
num_leaves=7
num_cat=0
split_feature=8 7 12 7 3 16
split_gain=52161.2 48025.1 12762.6 17954.8 18382.3 12659.5
threshold=1.2500000000000002 1.0000000180025095e-35 1.265509476038903 1.0000000180025095e-35 1.0000000180025095e-35 1.0463796197906221
decision_type=2 2 10 2 2 10
left_child=1 -1 3 4 -2 -3
right_child=2 5 -4 -5 -6 -7
leaf_value=-0.0003366420061253916 -0.00012504826613666696 0.00031382836167400242 0.0036045082988273068 0.0030709855656995645 0.00075637104832827924 -2.0781329416024172e-05
leaf_weight=611065.19934654236 111147.36725997925 268518.73048973083 50472.746532440186 36576.576919555664 59550.389936447144 192780.579164505
leaf_count=2153 301 1291 190 129 316 361
internal_value=-0.000921804 -0.00383438 0.0111959 0.00790134 0.00381379 0.00347255
internal_weight=1.33011e+06 1.07236e+06 257747 207274 170698 461299
internal_count=4741 3805 936 746 617 1652
is_linear=0
shrinkage=0.03


Tree=55
num_leaves=7
num_cat=0
split_feature=13 7 8 8 4 12
split_gain=41917.6 47040 17196.5 12484.3 14755 11937.5
threshold=0.39179212105117417 1.0000000180025095e-35 1.2500000000000002 0.35000000000000003 5.5000000000000009 1.123698600417522
decision_type=10 2 2 2 2 8
left_child=1 3 -3 5 -5 -1
right_child=-2 2 -4 4 -6 -7
leaf_value=-2.1427945849500705e-05 0.0015027475733965562 0.00012128593197892551 0.0030815507577985125 0.0051481480423491615 -5.5180098894091162e-05 -0.00045791860688708006
leaf_weight=134880.77384567261 77202.745191574097 461520.40726470947 38419.254564285278 14722.71727848053 165262.87267494202 416518.17978096008
leaf_count=491 286 1617 138 63 602 1542
internal_value=-3.93681e-05 -0.0013839 0.0057083 -0.00623179 0.000628515 -0.00847109
internal_weight=1.30853e+06 1.23132e+06 499940 731385 179986 551399
internal_count=4739 4453 1755 2698 665 2033
is_linear=0
shrinkage=0.03


Tree=56
num_leaves=7
num_cat=0
split_feature=13 7 12 7 12 2
split_gain=41481.5 44665.1 14977.5 19712.9 27162.7 17166.2
threshold=0.39179212105117417 1.0000000180025095e-35 1.2716800630866065 1.5000000000000002 1.1093054004242737 1.0000000180025095e-35
decision_type=10 2 8 2 10 2
left_child=1 -1 3 4 -3 -4
right_child=-2 2 5 -5 -6 -7
leaf_value=-0.00023286034139242715 0.0011548507606478631 0.00038836491209167431 0.00044259435864316685 0.0012141255373980763 -0.0002077170224830328 -0.00062431897096938856
leaf_weight=747156.0495262146 74775.01057434082 76805.406918525696 255380.74688053131 32170.302787780762 103527.66870689392 41152.41088104248
leaf_count=2726 286 352 773 106 183 397
internal_value=-0.000706319 -0.00199851 0.0048549 -0.00122393 -0.00508331 0.0092111
internal_weight=1.33097e+06 1.25619e+06 509037 212503 180333 296533
internal_count=4823 4537 1811 641 535 1170
is_linear=0
shrinkage=0.03


Tree=57
num_leaves=7
num_cat=0
split_feature=13 7 16 2 15 15
split_gain=35140.2 43673.4 13583.7 17334.7 12563.7 15688.1
threshold=0.39179212105117417 1.0000000180025095e-35 1.048383096817489 1.0000000180025095e-35 0.048852481607943997 0.04440030412786309
decision_type=10 2 10 2 2 2
left_child=1 4 3 -3 5 -1
right_child=-2 2 -4 -5 -6 -7
leaf_value=-0.00020085081373273137 0.0010813846560775401 0.00041631861560286403 -2.5092627736698407e-05 -0.00031852823683139038 -9.8456802597026119e-05 -0.00048689570784698555
leaf_weight=262916.94072723389 79217.487697601318 268411.41418933868 168049.57168197632 58343.969066619873 356493.63771057129 126222.94034576416
leaf_count=397 278 876 321 565 2094 207
internal_value=-0.000672023 -0.00190918 0.00500094 0.00856557 -0.00649477 -0.010222
internal_weight=1.31966e+06 1.24044e+06 494805 326755 745634 389140
internal_count=4738 4460 1762 1441 2698 604
is_linear=0
shrinkage=0.03


Tree=58
num_leaves=7
num_cat=0
split_feature=8 14 15 14 14 14
split_gain=45129.9 17802.2 10435.1 14467.2 30328.8 14813
threshold=1.0000000180025095e-35 1.2619510653514818 0.038819155839050913 1.1068849337467095 1.0892946424343755 1.01219325703209
decision_type=2 10 2 8 10 10
left_child=2 -2 -1 4 5 -4
right_child=1 -3 3 -5 -6 -7
leaf_value=-0.0003071466669788181 0.00012412168813028915 0.0055644916066341383 8.315564952659001e-05 -0.00019553296479441859 0.00068969964571308239 -0.00023341693679421736
leaf_weight=144944.73666381836 339854.42296886444 38843.931316375732 229406.24903106689 404224.71815776825 33313.254476547241 150834.07062149048
leaf_count=206 1179 203 1023 1711 93 382
internal_value=-0.00116198 0.0076115 -0.00461316 -0.00329819 0.000646766 -0.00175809
internal_weight=1.34142e+06 378698 962723 817778 413554 380240
internal_count=4797 1382 3415 3209 1498 1405
is_linear=0
shrinkage=0.03


Tree=59
num_leaves=7
num_cat=0
split_feature=13 7 16 2 15 15
split_gain=42914.2 41125.1 14666.8 14669.8 12019 11929
threshold=0.39179212105117417 1.0000000180025095e-35 1.048383096817489 1.0000000180025095e-35 0.043779207680071618 0.051287753476713001
decision_type=10 2 10 2 2 2
left_child=1 -1 3 4 -3 -6
right_child=-2 2 -4 -5 5 -7
leaf_value=-0.00023167964661655356 0.0010969449917888495 -8.5226774530091634e-05 -2.7692127919740628e-05 -0.0002821042403969365 0.00056283544393073075 0.00023187554844619656
leaf_weight=753909.99810504913 74402.527008056641 45644.136596679688 178127.10729408264 58860.027034759521 116329.85522460938 99869.359999656677
leaf_count=2708 284 73 339 569 152 610
internal_value=-0.00116578 -0.00248051 0.00420179 0.00803552 0.0110776 0.0140308
internal_weight=1.32714e+06 1.25274e+06 498830 320703 261843 216199
internal_count=4735 4451 1743 1404 835 762
is_linear=0
shrinkage=0.03


Tree=60
num_leaves=7
num_cat=0
split_feature=13 7 15 13 8 7
split_gain=39202.9 37127.1 13518.7 13315.2 22995.1 15808.6
threshold=0.39179212105117417 1.0000000180025095e-35 0.048852481607943997 0.26658370010661642 1.0000000180025095e-35 1.5000000000000002
decision_type=10 2 2 10 2 2
left_child=1 2 -1 4 5 -3
right_child=-2 3 -4 -5 -6 -7
leaf_value=-0.00030006279383364788 0.0010511316977485307 -1.6088582024453846e-05 -8.9874818932992654e-05 -0.00035300329010291517 0.0013378401342171125 0.00079672908980299483
leaf_weight=389085.96546936035 81014.140869140625 332913.38572692871 358431.50336265564 11801.802734375 85486.419944763184 82644.249954223633
leaf_count=596 288 1163 2106 16 326 277
internal_value=-0.000900156 -0.00220047 -0.00646528 0.00401587 0.00475786 0.0018428
internal_weight=1.34138e+06 1.26036e+06 747517 512846 501044 415558
internal_count=4772 4484 2702 1782 1766 1440
is_linear=0
shrinkage=0.03


Tree=61
num_leaves=7
num_cat=0
split_feature=13 7 13 9 15 15
split_gain=30540.9 26657.5 12893.4 14482.7 11462.3 10944.2
threshold=0.052899882418037725 1.0000000180025095e-35 0.8281396770149918 0.55000000000000016 0.033876139740651644 0.048852481607943997
decision_type=10 2 10 2 2 2
left_child=1 5 3 -2 -5 -1
right_child=2 -3 -4 4 -6 -7
leaf_value=-0.0003273226338978369 0.0016273084865783384 6.4750242272400778e-05 0.0045581264149067132 -0.00021411048219468446 3.8701979436991689e-05 -0.00010961214346195458
leaf_weight=338795.01055908203 25329.51556968689 451858.87614822388 26712.682998657227 16035.107299804688 114744.26413536072 327961.90489292145
leaf_count=516 75 1688 144 17 305 1981
internal_value=-0.00124116 -0.00309907 0.0101265 0.00683037 0.00280855 -0.00691154
internal_weight=1.30144e+06 1.11862e+06 182822 156109 130779 666757
internal_count=4726 4185 541 397 322 2497
is_linear=0
shrinkage=0.03


Tree=62
num_leaves=7
num_cat=0
split_feature=13 7 13 9 16 2
split_gain=34520.6 30318.6 12199 12097 11673.5 12444.7
threshold=0.052899882418037725 1.0000000180025095e-35 0.8281396770149918 0.55000000000000016 1.0463796197906221 1.0000000180025095e-35
decision_type=10 2 10 2 10 2
left_child=1 -1 3 -2 5 -3
right_child=2 4 -4 -5 -6 -7
leaf_value=-0.00023916614187319949 0.0014638579239393355 0.0003485824503673433 0.0081668775251019631 3.4283843347614803e-05 -3.4120961370537694e-05 -0.00038163887477261926
leaf_weight=675291.73591995239 25119.335014343262 233989.69436073303 28293.966602325439 122704.34550666809 171091.41765403748 54685.094882965088
leaf_count=2543 80 832 145 302 338 532
internal_value=-0.000983207 -0.00290066 0.0113743 0.00791945 0.00304148 0.00672156
internal_weight=1.31118e+06 1.13506e+06 176118 147824 459766 288675
internal_count=4772 4245 527 382 1702 1364
is_linear=0
shrinkage=0.03


Tree=63
num_leaves=7
num_cat=0
split_feature=13 7 3 16 14 12
split_gain=28247.8 28514.4 13619 16122.6 27830.1 12294.4
threshold=0.052899882418037725 1.0000000180025095e-35 1.0000000180025095e-35 1.0467215430128654 1.0010306046144557 1.3113145597343017
decision_type=10 2 2 10 8 10
left_child=1 2 3 4 -1 -2
right_child=5 -3 -4 -5 -6 -7
leaf_value=0.00031252013318602411 6.4443119290054078e-05 7.0726541285099222e-05 -3.7991408315854051e-05 -0.00062742759875474333 -0.00025796226916423759 0.0072776256333589636
leaf_weight=59671.960206985474 153199.90467071533 459468.60448551178 235398.01176738739 131160.03483390808 254842.77275466919 33548.997611999512
leaf_count=266 331 1682 1246 252 771 221
internal_value=-0.00127227 -0.00304322 -0.00693929 -0.0100224 -0.00633743 0.00954334
internal_weight=1.32729e+06 1.14054e+06 681073 445675 314515 186749
internal_count=4769 4217 2535 1289 1037 552
is_linear=0
shrinkage=0.03


Tree=64
num_leaves=7
num_cat=0
split_feature=8 7 12 14 15 14
split_gain=33371.6 24651.2 16648 16337.4 15308.8 14205.6
threshold=1.6000000000000003 1.0000000180025095e-35 1.123698600417522 0.94334000820062025 0.048852481607943997 1.0305868273461383
decision_type=2 2 8 8 2 8
left_child=1 2 5 -4 -5 -1
right_child=-2 -3 3 4 -6 -7
leaf_value=0.00027390759496212611 0.00072481664754538763 5.0132396818481246e-05 0.00030023957164229686 -0.00060935512160377469 -0.00019525646390972144 -0.00011784661126976293
leaf_weight=75057.987079620361 208868.17924785614 483589.3166885376 36352.575778961182 257616.82794189453 186687.24622535706 85949.698055267334
leaf_count=299 773 1738 265 375 1075 268
internal_value=-0.00106377 -0.00310798 -0.00696274 -0.00975946 -0.0113415 0.00138639
internal_weight=1.33412e+06 1.12525e+06 641664 480657 444304 161008
internal_count=4793 4020 2282 1715 1450 567
is_linear=0
shrinkage=0.03


Tree=65
num_leaves=7
num_cat=0
split_feature=8 7 12 14 12 14
split_gain=31538.7 25496.4 16389.1 13462.8 12945.4 18373.6
threshold=2.0000000000000004 1.0000000180025095e-35 1.265509476038903 1.2619510653514818 1.1693505096152683 1.0356218684147642
decision_type=2 2 10 10 8 10
left_child=1 3 -2 4 5 -1
right_child=2 -3 -4 -5 -6 -7
leaf_value=0.00011123436595654274 0.00016633709182044298 6.4799221315407529e-05 0.0049930091923123705 0.00036618197386394043 -0.00039243684047045373 -0.00024730343184933113
leaf_weight=138972.53023529053 130499.01366043091 470253.02319049835 38414.905973434448 13758.130842208862 452641.61896896362 70847.324993133545
leaf_count=492 476 1728 143 129 1594 202
internal_value=-0.00118674 -0.00296982 0.0109153 -0.00670059 -0.00731067 -0.00115103
internal_weight=1.31539e+06 1.14647e+06 168914 676220 662461 209820
internal_count=4764 4145 619 2417 2288 694
is_linear=0
shrinkage=0.03


Tree=66
num_leaves=7
num_cat=0
split_feature=8 7 4 12 14 14
split_gain=30058.1 26134.9 16267 14999 22538.8 14868
threshold=0.35000000000000003 1.0000000180025095e-35 5.5000000000000009 1.1693505096152683 1.0356218684147642 0.94334000820062025
decision_type=2 2 2 8 10 8
left_child=1 3 -2 4 -1 -5
right_child=2 -3 -4 5 -6 -7
leaf_value=0.00017260272694475499 0.0049006629773700921 7.9057469080991564e-05 0.0001022100435457692 0.00034583290628337237 -0.00031175753000322682 -0.00053497606653201552
leaf_weight=126920.14834022522 27275.319858551025 419898.12720966339 295582.20529174805 31007.90435218811 46943.115705490112 348373.32532501221
leaf_count=427 118 1521 1085 257 144 1176
internal_value=-0.000476713 -0.00310829 0.0074552 -0.00739136 -9.46034e-05 -0.0107353
internal_weight=1.296e+06 973143 322858 553244 173863 379381
internal_count=4728 3525 1203 2004 571 1433
is_linear=0
shrinkage=0.03


Tree=67
num_leaves=7
num_cat=0
split_feature=8 7 3 14 14 14
split_gain=27378.2 25264.4 12956.1 16114.8 12076.7 20780.6
threshold=2.0000000000000004 1.0000000180025095e-35 1.0000000180025095e-35 1.2777369774735328 1.1281809128220688 1.0914695316578398
decision_type=2 2 2 10 10 10
left_child=1 -1 3 -2 5 -3
right_child=2 4 -4 -5 -6 -7
leaf_value=-0.00021120283922032991 -8.569309632605318e-05 4.7749367968522548e-05 0.0013364536282326552 0.0076658637256839931 -4.1585917918165457e-05 0.000663492537860091
leaf_weight=666691.38569450378 84843.77663230896 368977.57748508453 59111.252330780029 18452.722902297974 58096.054595947266 48791.262746810913
leaf_count=2439 241 1315 302 68 293 115
internal_value=-0.00137573 -0.00301402 0.0101496 0.00373935 0.00226625 0.00404849
internal_weight=1.30496e+06 1.14256e+06 162408 103296 475865 417769
internal_count=4773 4162 611 309 1723 1430
is_linear=0
shrinkage=0.03


Tree=68
num_leaves=7
num_cat=0
split_feature=8 7 12 15 7 13
split_gain=33767.5 21792.1 11023 10630.9 15205.3 11743.7
threshold=2.0000000000000004 1.0000000180025095e-35 1.2716800630866065 0.043779207680071618 1.5000000000000002 0.029199875316991392
decision_type=2 2 10 2 2 10
left_child=1 -1 -2 -3 5 -5
right_child=2 3 -4 4 -6 -7
leaf_value=-0.00018176687624699373 0.00049753559587795832 -9.9367078462129222e-05 0.0072467866816130645 2.8542528802331735e-05 0.0012368858547544541 0.0011908760949889403
leaf_weight=670854.51371192932 144971.52014350891 128595.42008209229 26997.639177322388 274861.02301502228 49222.023790359497 29316.298000335693
leaf_count=2425 487 202 133 1170 235 109
internal_value=-0.000554194 -0.00240404 0.0118465 0.00246201 0.00514959 0.0026462
internal_weight=1.32482e+06 1.15285e+06 171969 481995 353399 304177
internal_count=4761 4141 620 1716 1514 1279
is_linear=0
shrinkage=0.03


Tree=69
num_leaves=7
num_cat=0
split_feature=8 7 14 14 15 15
split_gain=25108.7 19959.5 12310.1 21011 11169.7 11940.3
threshold=2.0000000000000004 1.0000000180025095e-35 1.1281809128220688 1.0914695316578398 0.043779207680071618 0.04962055203771714
decision_type=2 2 10 10 2 2
left_child=1 -1 3 4 -3 -6
right_child=-2 2 -4 -5 5 -7
leaf_value=-0.0001726256058849121 0.00065950769330137165 -0.00013221927930543578 -4.7936643636485861e-05 0.00065745521818951532 0.00032791780849420095 -2.970348215760111e-05
leaf_weight=669242.16961193085 165183.07265853882 77373.821380615234 57221.422481536865 52997.965847015381 106392.28982543945 176514.54163837433
leaf_count=2439 623 129 278 120 166 1015
internal_value=-0.00051125 -0.0020955 0.00263932 0.00444498 0.00185047 0.00461295
internal_weight=1.30493e+06 1.13974e+06 470500 413279 360281 282907
internal_count=4770 4147 1708 1430 1310 1181
is_linear=0
shrinkage=0.03


Tree=70
num_leaves=7
num_cat=0
split_feature=8 7 14 15 14 15
split_gain=37728.8 21361.4 16913.7 16220.6 14378.9 12843.7
threshold=0.35000000000000003 1.5000000000000002 1.2619510653514818 0.038819155839050913 1.1281809128220688 0.053979093041231309
decision_type=2 2 10 2 10 2
left_child=1 5 4 -3 -2 -1
right_child=2 3 -4 -5 -6 -7
leaf_value=-0.0001806783578004127 0.00015947884830044723 -0.0001827539972504563 0.0047447072177464276 0.00091591911607060393 -0.00038881407794154885 3.6403192217159097e-05
leaf_weight=669137.82447052002 273089.56465530396 15822.236724853516 43286.007661819458 62873.656681060791 14348.292593002319 258758.29198741913
leaf_count=1072 967 23 198 261 34 2251
internal_value=-0.000489797 -0.00337813 0.00830106 0.011628 0.00566806 -0.00465088
internal_weight=1.33732e+06 1.00659e+06 330724 78695.9 287438 927896
internal_count=4806 3607 1199 284 1001 3323
is_linear=0
shrinkage=0.03


Tree=71
num_leaves=7
num_cat=0
split_feature=8 15 8 3 14 14
split_gain=29939.2 16339.5 13465.8 16735.4 12214.8 17644.4
threshold=2.0000000000000004 0.028612134319168866 2.5500000000000003 1.0000000180025095e-35 1.0527323488269158 1.1220654642608967
decision_type=2 2 2 2 10 10
left_child=1 -1 -2 -4 -3 -6
right_child=2 4 3 -5 5 -7
leaf_value=-0.00075889702532557217 0.0033035706030101497 -0.00011134035450306445 -4.2159590106005668e-06 0.00090608469209511704 0.00023530697320117889 -3.8225618402355949e-05
leaf_weight=27312.726806640625 27062.099721908569 872075.96657466888 95999.21767616272 51611.02667427063 164644.07280158997 90179.944627761841
leaf_count=28 100 3213 270 274 407 503
internal_value=-0.00103243 -0.00278417 0.0105426 0.00697549 -0.00222841 0.00354956
internal_weight=1.32889e+06 1.15421e+06 174672 147610 1.1269e+06 254824
internal_count=4795 4151 644 544 4123 910
is_linear=0
shrinkage=0.03


Tree=72
num_leaves=7
num_cat=0
split_feature=14 7 3 16 14 8
split_gain=23161.8 26984.9 15357.5 18215.3 30277.4 17838.6
threshold=1.2839068195847994 1.0000000180025095e-35 1.0000000180025095e-35 1.0513477337843242 1.01219325703209 3.0000000000000004
decision_type=10 2 2 10 8 2
left_child=1 2 3 4 -1 -4
right_child=-2 -3 5 -5 -6 -7
leaf_value=0.00015098374095278477 0.0048724739794722199 0.00010579691560530127 -7.4314162827312784e-05 -0.00037931784065098334 -0.00033986958817199805 0.00073635037833419674
leaf_weight=118645.64907264709 33888.874853134155 498471.78854846954 241693.91797924042 132785.77345085144 264607.3770866394 27516.155139923096
leaf_count=363 340 1699 1223 254 782 141
internal_value=-0.00112453 -0.00177083 -0.0052363 -0.00826655 -0.00494877 0.000572325
internal_weight=1.31761e+06 1.28372e+06 785249 516039 383253 269210
internal_count=4802 4462 2763 1399 1145 1364
is_linear=0
shrinkage=0.03


Tree=73
num_leaves=7
num_cat=0
split_feature=14 7 3 15 14 8
split_gain=28544.8 22840.9 25220.6 17774.2 23165.1 17081.1
threshold=1.2839068195847994 1.0000000180025095e-35 1.0000000180025095e-35 0.033876139740651644 0.98457513773568628 2.0000000000000004
decision_type=10 2 2 2 8 2
left_child=1 2 3 -1 -5 -4
right_child=-2 -3 5 4 -6 -7
leaf_value=-0.0007248231813494567 0.0069433443069542335 9.3341987585737377e-05 -4.8685050701423453e-05 0.0002320724166724598 -0.00022234971349926647 0.00069185554061733595
leaf_weight=56371.115234375 37469.886127471924 491869.96580410004 232393.79610729218 85575.158210754395 377141.56750488281 41514.601348876953
leaf_count=58 341 1648 1133 320 989 218
internal_value=-0.00116717 -0.00191992 -0.00507011 -0.00895647 -0.00701869 0.00229501
internal_weight=1.32234e+06 1.28487e+06 792996 519088 462717 273908
internal_count=4707 4366 2718 1367 1309 1351
is_linear=0
shrinkage=0.03


Tree=74
num_leaves=7
num_cat=0
split_feature=9 7 12 12 12 12
split_gain=20653.5 19056.7 14234.4 11414.4 14243.8 9739.4
threshold=0.3000000000000001 1.0000000180025095e-35 1.123698600417522 1.0982699792095445 1.1093054004242737 1.0982699792095445
decision_type=2 2 8 8 8 10
left_child=1 2 5 -2 -5 -1
right_child=3 -3 -4 4 -6 -7
leaf_value=-0.00024782494350095608 -0.00012985009473884298 5.2820031296534008e-05 -0.00032380888249707387 0.0014424432867901444 0.00013510139833452638 0.00010963150181645115
leaf_weight=31211.812467575073 28919.576965332031 433421.28763866425 419186.22850227356 29309.56290435791 275288.98008823395 113897.45629882812
leaf_count=266 215 1548 1501 69 956 239
internal_value=-0.00111341 -0.00327387 -0.0069075 0.00534955 0.00705968 0.00119076
internal_weight=1.33123e+06 997717 564295 333518 304599 145109
internal_count=4794 3554 2006 1240 1025 505
is_linear=0
shrinkage=0.03


Tree=75
num_leaves=7
num_cat=0
split_feature=14 7 15 16 2 14
split_gain=27423.4 24172.5 15168.3 13103.4 12477.3 11857.7
threshold=1.2839068195847994 1.0000000180025095e-35 0.028612134319168866 1.048383096817489 1.0000000180025095e-35 1.0178988771316753
decision_type=10 2 2 10 2 8
left_child=1 2 -1 4 -3 -4
right_child=-2 3 5 -5 -6 -7
leaf_value=-0.00076784093479080433 0.0065599579078089243 0.0003343985542037871 1.9470017782752256e-06 -4.0748165684134642e-05 -0.0002904506576827392 -0.00019180066516235475
leaf_weight=20484.545104980469 38514.019952774048 266376.23294258118 305313.71390533447 154094.36734580994 57565.846599578857 458659.86485099792
leaf_count=21 360 810 1059 287 559 1661
internal_value=-0.000518572 -0.00127936 -0.00451985 0.0040383 0.0074639 -0.00383666
internal_weight=1.30101e+06 1.26249e+06 784458 478036 323942 763974
internal_count=4757 4397 2741 1656 1369 2720
is_linear=0
shrinkage=0.03


Tree=76
num_leaves=7
num_cat=0
split_feature=14 7 15 13 3 14
split_gain=25814.8 19542.5 17240.8 14226.6 14227.7 18421.8
threshold=1.2839068195847994 1.0000000180025095e-35 0.028612134319168866 0.13883855315859683 1.0000000180025095e-35 0.98926459276612355
decision_type=10 2 2 10 2 8
left_child=1 2 -1 4 5 -4
right_child=-2 -3 3 -5 -6 -7
leaf_value=-0.00080468512893488661 0.0063628518180290604 8.3003273229602942e-05 9.1219789153941015e-05 2.009185023933213e-05 1.9301682002219625e-05 -0.00030785721521766837
leaf_weight=22435.454162597656 37421.72541809082 484277.7422952652 111289.97687149048 109946.90748786926 238207.94113063812 324553.93127822876
leaf_count=23 357 1651 369 241 1245 895
internal_value=-0.000493252 -0.00120546 -0.00406607 -0.00332393 -0.00495608 -0.00817826
internal_weight=1.32813e+06 1.29071e+06 806434 783999 674052 435844
internal_count=4781 4424 2773 2750 2509 1264
is_linear=0
shrinkage=0.03


Tree=77
num_leaves=7
num_cat=0
split_feature=14 15 7 9 12 14
split_gain=27201.3 18979.7 16485 17478.6 16293.5 11981.1
threshold=1.2839068195847994 0.028612134319168866 1.5000000000000002 0.3000000000000001 1.5289988241803774 1.01219325703209
decision_type=10 2 2 2 10 10
left_child=1 -1 3 4 5 -3
right_child=-2 2 -4 -5 -6 -7
leaf_value=-0.00064611583551911207 0.0061697265230654646 -0.00010373974921762397 0.00064336334471299858 6.0363166065180831e-05 0.00033588537472149701 -0.00019037727715459011
leaf_weight=31214.544921875 40486.146184921265 595869.19858455658 78590.327936172485 299628.00503921509 88181.568988800049 197928.9772605896
leaf_count=32 374 2044 272 1087 467 543
internal_value=-0.000505209 -0.00126435 -0.000691914 -0.00157683 -0.0037035 -0.00506255
internal_weight=1.3319e+06 1.29141e+06 1.2602e+06 1.18161e+06 881980 793798
internal_count=4819 4445 4413 4141 3054 2587
is_linear=0
shrinkage=0.03


Tree=78
num_leaves=7
num_cat=0
split_feature=14 7 8 14 12 3
split_gain=25462.9 17001.2 13796.3 11517.2 16054.9 14548.4
threshold=1.2839068195847994 1.0000000180025095e-35 3.3500000000000001 0.94607194311368847 1.123698600417522 1.0000000180025095e-35
decision_type=10 2 2 8 8 2
left_child=1 3 -3 -1 -5 -6
right_child=-2 2 -4 4 5 -7
leaf_value=0.00014952351144750242 0.0059779768198292196 4.5735680230036823e-05 0.0030741142815840466 1.7279226783552337e-05 -0.00032700570620782269 -5.7578718791913512e-05
leaf_weight=59708.257169723511 36663.735427856445 481921.78757095337 23231.12961769104 197595.63544464111 349049.50009727478 179785.39215087891
leaf_count=503 356 1585 81 546 861 818
internal_value=-0.000886933 -0.00158696 0.00270727 -0.00434632 -0.00538737 -0.00811354
internal_weight=1.32796e+06 1.29129e+06 505153 786139 726431 528835
internal_count=4750 4394 1666 2728 2225 1679
is_linear=0
shrinkage=0.03


Tree=79
num_leaves=7
num_cat=0
split_feature=14 8 0 15 15 8
split_gain=25958.2 15422.5 9076.14 7088.74 15556.7 8904.67
threshold=1.2839068195847994 3.3500000000000001 4.5000000000000009 0.043779207680071618 0.04440030412786309 1.2500000000000002
decision_type=10 2 2 2 2 2
left_child=1 2 -1 5 -5 -4
right_child=-2 -3 3 4 -6 -7
leaf_value=-0.00014373809947718734 0.0058089188904612071 0.0011383614894642921 -0.00013217290491487787 0.00050373459432940355 9.7532074009829959e-06 7.1585524592675438e-05
leaf_weight=502692.35291385651 37264.078397750854 62825.400362014771 185110.75652313232 36053.993408203125 469116.96217727661 33645.084617614746
leaf_count=1731 350 216 285 42 2121 52
internal_value=-0.000578173 -0.00129159 -0.00203413 0.000116283 0.00206981 -0.00439492
internal_weight=1.32671e+06 1.28944e+06 1.22662e+06 723927 505171 218756
internal_count=4797 4447 4231 2500 2163 337
is_linear=0
shrinkage=0.03


Tree=80
num_leaves=7
num_cat=0
split_feature=14 7 15 14 8 4
split_gain=24388.8 16500.7 16323.5 15389.1 17170.2 14981.8
threshold=1.2839068195847994 1.0000000180025095e-35 0.028612134319168866 1.01219325703209 1.0000000180025095e-35 5.5000000000000009
decision_type=10 2 2 8 2 2
left_child=1 2 -1 -4 -5 -6
right_child=-2 -3 3 4 5 -7
leaf_value=-0.00062762689729197851 0.0056338004246931439 7.8954850773639584e-05 2.0044494755377262e-05 -0.00029609581595498616 0.0049136477381190244 -4.8582159078076521e-05
leaf_weight=21459.999633789062 36495.491062164307 503215.32639694214 288450.77689552307 302389.67621612549 15100.368661880493 156816.3232383728
leaf_count=22 346 1714 1032 1118 67 530
internal_value=-0.000785765 -0.00147136 -0.00419197 -0.00346587 -0.00678893 0.000781204
internal_weight=1.32393e+06 1.28743e+06 784217 762757 474306 171917
internal_count=4829 4483 2769 2747 1715 597
is_linear=0
shrinkage=0.03


Tree=81
num_leaves=7
num_cat=0
split_feature=8 14 14 14 14 16
split_gain=29509.1 16704.8 17784.4 16139.8 28805.9 15328.7
threshold=0.35000000000000003 1.2619510653514818 1.1281809128220688 1.0914695316578398 1.1068849337467095 1.048383096817489
decision_type=2 10 10 10 10 10
left_child=3 2 -2 5 -5 -1
right_child=1 -3 -4 4 -6 -7
leaf_value=-4.004657379258221e-05 0.00013347858562328153 0.0029410530796112736 -0.00042163740131904602 0.00062392132924482839 -4.0337812748003633e-05 -0.00019701088503056569
leaf_weight=591856.14863681793 282408.73831367493 40452.409868240356 16958.772476196289 39083.166454315186 63295.323209762573 286329.65172767639
leaf_count=2480 978 192 40 92 463 563
internal_value=-0.00029844 0.00731988 0.00487461 -0.00293863 0.00833361 -0.00425279
internal_weight=1.32038e+06 339820 299368 980564 102378 878186
internal_count=4808 1210 1018 3598 555 3043
is_linear=0
shrinkage=0.03


Tree=82
num_leaves=7
num_cat=0
split_feature=14 7 8 3 16 14
split_gain=24319.7 15650.7 15117.6 13557.1 19406.4 27783.4
threshold=1.2839068195847994 1.0000000180025095e-35 3.3500000000000001 1.0000000180025095e-35 1.0513477337843242 0.98926459276612355
decision_type=10 2 2 2 10 8
left_child=1 3 -3 4 5 -1
right_child=-2 2 -4 -5 -6 -7
leaf_value=0.00030115031162260882 0.0053695477152790692 4.1837182185891623e-05 0.0029761994546771953 4.0579580926173803e-05 -0.00030102108507719524 -0.0002695963679723673
leaf_weight=105603.87442398071 36709.26167678833 479321.13080024719 23937.337387084961 275119.40337657928 138911.17788314819 272748.18112754822
leaf_count=324 364 1575 87 1375 257 795
internal_value=-0.000521438 -0.00120372 0.00293357 -0.0038314 -0.0066932 -0.00317216
internal_weight=1.33235e+06 1.29564e+06 503258 792383 517263 378352
internal_count=4777 4413 1662 2751 1376 1119
is_linear=0
shrinkage=0.03


Tree=83
num_leaves=7
num_cat=0
split_feature=13 7 8 12 12 16
split_gain=21159.5 18101.6 13801.1 10921.7 16129.9 12779
threshold=0.73222435404061159 1.0000000180025095e-35 3.3500000000000001 1.123698600417522 1.0982699792095445 1.0467215430128654
decision_type=10 2 2 8 10 8
left_child=1 3 -3 4 5 -1
right_child=-2 2 -4 -5 -6 -7
leaf_value=-0.000210547198299152 0.00089039926655120141 4.2009762712188732e-05 0.0028565197101067499 -0.00018058745048319942 0.00012491388527461302 7.8521580099235001e-06
leaf_weight=34809.595037460327 45445.821796417236 483417.71549510956 23380.692502975464 558551.43222045898 147033.0951461792 27712.385467529297
leaf_count=341 172 1752 90 2045 299 130
internal_value=-0.000538098 -0.00125516 0.00314564 -0.00415882 0.00168148 -0.0110817
internal_weight=1.32035e+06 1.2749e+06 506798 768107 209555 62522
internal_count=4829 4657 1842 2815 770 471
is_linear=0
shrinkage=0.03


Tree=84
num_leaves=7
num_cat=0
split_feature=14 7 8 15 14 4
split_gain=24599.7 18184.8 15247.7 15092.3 9769.49 11247.6
threshold=1.2839068195847994 1.0000000180025095e-35 3.3500000000000001 0.028612134319168866 0.94607194311368847 5.5000000000000009
decision_type=10 2 2 2 8 2
left_child=1 3 -3 -1 -5 -6
right_child=-2 2 -4 4 5 -7
leaf_value=-0.00070785139629422791 0.0051449831683712775 4.1830924952557232e-05 0.0027802392756502135 0.00012690894481113047 0.0046379909525518575 -0.00014378633731119942
leaf_weight=19509.090576171875 37245.385766983032 468626.88433265686 25812.396566390991 57498.116466522217 17550.690294265747 702450.82295608521
leaf_count=20 349 1566 90 528 80 2147
internal_value=-0.000437028 -0.00113029 0.00338941 -0.00393418 -0.00328013 -0.00423046
internal_weight=1.32869e+06 1.29145e+06 494439 797009 777500 720002
internal_count=4780 4431 1656 2775 2755 2227
is_linear=0
shrinkage=0.03


Tree=85
num_leaves=7
num_cat=0
split_feature=14 7 15 8 3 14
split_gain=24634.6 16596.2 16383.8 14233 11258.9 14019.1
threshold=1.2839068195847994 1.0000000180025095e-35 0.028612134319168866 3.3500000000000001 1.0000000180025095e-35 1.1252315841255671
decision_type=10 2 2 2 2 10
left_child=1 2 -1 -3 -4 -6
right_child=-2 3 4 -5 5 -7
leaf_value=-0.00069523439254646211 0.0047096762093494756 6.8211164139842466e-05 -0.00014043959414937072 0.0026968320973807078 0.0001187196406858753 -0.00031927342238950642
leaf_weight=20484.545104980469 39127.541555404663 465723.39095497131 506988.97466468811 24513.317407608032 247863.23601531982 15884.714849472046
leaf_count=21 358 1588 1355 82 1291 59
internal_value=-0.000112501 -0.000828519 -0.00351588 0.00350876 -0.002812 0.00221511
internal_weight=1.32059e+06 1.28146e+06 791221 490237 770737 263748
internal_count=4754 4396 2726 1670 2705 1350
is_linear=0
shrinkage=0.03


Tree=86
num_leaves=7
num_cat=0
split_feature=14 15 7 8 4 12
split_gain=25652.9 17371 12794.1 12991.8 12264.4 10456.9
threshold=1.2839068195847994 0.028612134319168866 1.5000000000000002 0.35000000000000003 5.5000000000000009 1.5289988241803774
decision_type=10 2 2 2 2 10
left_child=1 -1 3 5 -5 -3
right_child=-2 2 -4 4 -6 -7
leaf_value=-0.00053167703891814685 0.0048939675278317062 -0.00010961252537427634 0.00077320088981250529 0.0046465467593193102 3.4183861628984681e-05 0.00023007792427688731
leaf_weight=29263.635864257812 38368.70682144165 797058.03273773193 79802.179843902588 16068.263195037842 273284.10682106018 99496.646608352661
leaf_count=30 358 2607 279 75 946 505
internal_value=-0.000430521 -0.00114683 -0.000618461 -0.0014009 0.00412625 -0.00318474
internal_weight=1.33334e+06 1.29497e+06 1.26571e+06 1.18591e+06 289352 896555
internal_count=4800 4442 4412 4133 1021 3112
is_linear=0
shrinkage=0.03


Tree=87
num_leaves=7
num_cat=0
split_feature=14 7 9 13 3 16
split_gain=18964.5 18337.9 15329.5 11821 11817.3 25591.5
threshold=1.2839068195847994 1.0000000180025095e-35 0.15000000000000005 0.26658370010661642 1.0000000180025095e-35 1.0508159085657967
decision_type=10 2 2 10 2 10
left_child=1 4 -3 -4 5 -1
right_child=-2 2 3 -5 -6 -7
leaf_value=-0.00011630662077165394 0.0047582046245511619 1.4278880040319312e-05 0.00089838339077085642 -0.00031602848843412446 4.2848948564825347e-05 -0.00035287944316096599
leaf_weight=372092.20794487 35683.268627166748 386144.989777565 86647.679121017456 11222.964099884033 275968.94361114502 136737.67374801636
leaf_count=1114 350 1334 319 37 1378 262
internal_value=-0.000769738 -0.00137638 0.00321608 0.0138206 -0.00420872 -0.00691979
internal_weight=1.3045e+06 1.26881e+06 484016 97870.6 784799 508830
internal_count=4794 4444 1690 356 2754 1376
is_linear=0
shrinkage=0.03


Tree=88
num_leaves=7
num_cat=0
split_feature=14 15 14 14 14 15
split_gain=15561.9 11127 8700.94 17640 13773.1 10415.9
threshold=1.2839068195847994 0.028612134319168866 1.150712066236131 1.0892946424343755 1.1220654642608967 0.048852481607943997
decision_type=10 2 10 10 10 2
left_child=1 -1 3 5 -5 -3
right_child=-2 2 -4 4 -6 -7
leaf_value=-0.00050514034445577451 0.0045650727196863174 -0.00010435200955585174 -6.9375631220973717e-05 0.00039099248610498401 -3.6063777142830953e-05 2.0386686333784264e-05
leaf_weight=25361.817749023438 35151.752195358276 532586.96395874023 48439.34418296814 68072.765071868896 32590.625137329102 589241.11518955231
leaf_count=26 346 839 172 195 99 3113
internal_value=-0.000557283 -0.0010914 -0.000698728 -0.000204597 0.0118253 -0.00128411
internal_weight=1.33144e+06 1.29629e+06 1.27093e+06 1.22249e+06 100663 1.12183e+06
internal_count=4790 4444 4418 4246 294 3952
is_linear=0
shrinkage=0.03


Tree=89
num_leaves=7
num_cat=0
split_feature=14 7 8 15 14 14
split_gain=17846.3 15412.3 14545.7 10935.9 13531.6 17573.3
threshold=1.2839068195847994 1.0000000180025095e-35 3.3500000000000001 0.043597703860321656 1.1068849337467095 1.0857030919366835
decision_type=10 2 2 2 10 10
left_child=1 -1 3 -3 5 -5
right_child=-2 2 -4 4 -6 -7
leaf_value=-0.00011986285664338902 0.0044674501816696294 -9.9446363457652941e-05 0.0025703912833541713 0.00011732227885241983 -6.9662850218346056e-05 0.00059601907700868398
leaf_weight=794845.96121311188 38204.281896591187 128240.89877319336 24129.681648254395 279062.61829090118 28375.235876083374 35046.642698287964
leaf_count=2774 353 201 87 1155 145 75
internal_value=-0.00115342 -0.00175204 0.00240431 0.00123968 0.00403774 0.00583008
internal_weight=1.32791e+06 1.2897e+06 494855 470725 342484 314109
internal_count=4790 4437 1663 1576 1375 1230
is_linear=0
shrinkage=0.03


Tree=90
num_leaves=7
num_cat=0
split_feature=13 16 8 14 3 14
split_gain=19045 12842.6 13906.2 12595.6 25940.5 20625.6
threshold=0.8281396770149918 1.0655251995251278 3.3500000000000001 1.1008288912606925 1.0000000180025095e-35 1.1281809128220688
decision_type=10 10 2 10 2 10
left_child=1 2 -1 4 -3 -5
right_child=-2 3 -4 5 -6 -7
leaf_value=-3.7913185582088001e-05 0.0041609356581758681 -0.00046238924105739806 0.0012922799641686873 0.00037891901977201949 -8.7462958822746945e-05 -0.00010277728135029917
leaf_weight=993007.80845928192 28504.471496582031 82447.310132980347 48899.006555557251 26939.581977844238 88740.385105133057 45703.295948028564
leaf_count=3838 140 146 204 50 234 136
internal_value=-0.00126796 -0.00180572 -0.000355255 -0.00800351 -0.0124451 0.00246349
internal_weight=1.31424e+06 1.28574e+06 1.04191e+06 243831 171188 72642.9
internal_count=4748 4608 4042 566 380 186
is_linear=0
shrinkage=0.03


Tree=91
num_leaves=7
num_cat=0
split_feature=8 15 3 15 14 16
split_gain=18302.1 13429.2 21253.5 20625.3 20053.7 14433.7
threshold=0.35000000000000003 0.043779207680071618 1.0000000180025095e-35 0.04440030412786309 1.0711860687033472 1.0613292885154983
decision_type=2 2 2 2 10 8
left_child=1 2 4 -3 5 -1
right_child=-2 3 -4 -5 -6 -7
leaf_value=-9.5272497825006362e-05 0.0001043496358788811 0.00050293302743733192 4.8610626902949884e-05 -3.6932103059098417e-05 2.5766977899213714e-05 -0.00060820389102668872
leaf_weight=51586.409881591797 323288.37817382812 38740.418518066406 115999.59365081787 658606.01833820343 37664.738464355469 94510.921142578125
leaf_count=66 1187 45 253 3050 45 99
internal_value=-0.000652277 -0.00266342 -0.00797357 -0.000380757 -0.0143201 -0.019352
internal_weight=1.3204e+06 997108 299762 697346 183762 146097
internal_count=4745 3558 463 3095 210 165
is_linear=0
shrinkage=0.03


Tree=92
num_leaves=7
num_cat=0
split_feature=8 3 16 14 14 15
split_gain=16027.6 13217.8 13060.5 9708.32 16416.3 14121.4
threshold=3.0000000000000004 1.0000000180025095e-35 1.048383096817489 1.0824118070921827 1.1220654642608967 0.048852481607943997
decision_type=2 2 10 10 10 2
left_child=3 2 -2 5 -5 -1
right_child=1 -3 -4 4 -6 -7
leaf_value=-0.00012056730967229243 0.0012340613152579661 0.00095892696903728967 -0.00032298649107039484 0.00026386904262121902 -1.9695087295507618e-05 1.957785174915516e-05
leaf_weight=493630.61750793457 56867.779930114746 43116.300882339478 24978.690301895142 86050.538566589355 108981.52566337585 498432.36209392548
leaf_count=782 176 220 44 248 564 2771
internal_value=-0.000533616 0.0096857 0.00260366 -0.00160942 0.00450932 -0.00281233
internal_weight=1.31206e+06 124963 81846.5 1.1871e+06 195032 992063
internal_count=4805 440 220 4365 812 3553
is_linear=0
shrinkage=0.03


Tree=93
num_leaves=7
num_cat=0
split_feature=13 15 14 0 7 14
split_gain=16585.8 12170.2 31401 9925.4 7250.78 11554.8
threshold=0.90546942226191041 0.03347175610648883 1.1306175073602398 8.5000000000000018 1.5000000000000002 1.0305868273461383
decision_type=10 2 8 2 2 10
left_child=1 2 -1 4 -3 -6
right_child=-2 3 -4 -5 5 -7
leaf_value=-0.00045065543517011197 0.0050357677787297951 -6.038220797253964e-05 0.00010860224395233597 0.00012842869296932692 -5.5406762575703224e-06 0.00093430574141816587
leaf_weight=82622.9091796875 17002.598094940186 899801.40260314941 40306.985046386719 228310.70701599121 35864.559301376343 20582.350208282471
leaf_count=97 131 3400 72 869 133 88
internal_value=-0.00105955 -0.00144243 -0.0104269 -0.00051001 -0.00185184 0.00857763
internal_weight=1.32449e+06 1.30749e+06 122930 1.18456e+06 956248 56446.9
internal_count=4790 4659 169 4490 3621 221
is_linear=0
shrinkage=0.03


Tree=94
num_leaves=7
num_cat=0
split_feature=13 7 8 15 14 14
split_gain=15998.5 14672.6 13601.7 9877.93 9532.42 19328.8
threshold=1.1028912506691528 1.0000000180025095e-35 3.3500000000000001 0.028612134319168866 1.1281809128220688 1.0914695316578398
decision_type=10 2 2 2 10 10
left_child=1 3 4 -1 5 -3
right_child=-2 2 -4 -5 -6 -7
leaf_value=-0.00058148119663521496 0.0048672610770739456 2.2129922262902157e-05 0.0024536047532235559 -7.8720691452224259e-05 -3.3265508064810323e-05 0.00054088863889576897
leaf_weight=20314.563720703125 15894.390146255493 368301.98552799225 24352.34584236145 773474.00704860687 54935.948663711548 54036.666368484497
leaf_count=21 98 1307 93 2830 285 117
internal_value=-0.000679254 -0.00104636 0.00296998 -0.00358445 0.00185398 0.00338311
internal_weight=1.31131e+06 1.29542e+06 501627 793789 477275 422339
internal_count=4751 4653 1802 2851 1709 1424
is_linear=0
shrinkage=0.03


Tree=95
num_leaves=7
num_cat=0
split_feature=13 12 14 12 14 15
split_gain=16399.3 13378.6 17226.9 16531 14811.7 12807.1
threshold=0.90546942226191041 1.1460866247694821 1.0335212522182304 1.5289988241803774 1.0450781343251454 0.031909852228532147
decision_type=10 10 8 10 8 2
left_child=1 2 -1 -3 -4 -6
right_child=-2 3 4 -5 5 -7
leaf_value=0.00017121684889767134 0.0047552543533723769 -0.00015668532152338164 -0.00020353507877834059 0.00018060008479823668 0.00036462711921539381 -1.9872250668848406e-05
leaf_weight=159890.6571931839 17005.20458984375 352392.18564224243 16298.908864974976 108195.63366889954 25123.333160400391 663300.10466003418
leaf_count=648 125 920 53 651 53 2365
internal_value=-0.000551866 -0.00092756 0.00127248 -0.00505744 -0.000744587 -7.52693e-05
internal_weight=1.34221e+06 1.3252e+06 864613 460588 704722 688423
internal_count=4815 4690 3119 1571 2471 2418
is_linear=0
shrinkage=0.03


Tree=96
num_leaves=7
num_cat=0
split_feature=13 12 14 12 12 14
split_gain=16555.7 10426.3 15504.3 13395.3 12906.2 11997.6
threshold=0.90546942226191041 1.1460866247694821 1.0680501303968397 1.0982699792095445 1.2716800630866065 1.0535599432888179
decision_type=10 10 10 10 10 10
left_child=1 3 -3 5 -4 -1
right_child=-2 2 4 -5 -6 -7
leaf_value=3.5410991982209872e-06 0.0045622793561876365 -0.00022243670527021312 -4.2784240551066678e-05 0.00016490021809117812 0.00026180820656575743 -0.00012156881254966167
leaf_weight=574590.12391281128 18145.24024772644 307873.95545005798 45777.988447189331 232977.29427337646 102295.98342704773 39212.741872787476
leaf_count=2387 128 1053 86 454 421 246
internal_value=-6.26345e-05 -0.000459073 -0.00411657 0.00151031 0.0038603 -0.00081433
internal_weight=1.32087e+06 1.30273e+06 455948 846780 148074 613803
internal_count=4775 4647 1560 3087 507 2633
is_linear=0
shrinkage=0.03


Tree=97
num_leaves=7
num_cat=0
split_feature=12 12 4 7 8 12
split_gain=16232.4 18572.2 11884.8 12018.9 15653 15122.6
threshold=1.5289988241803774 1.1693505096152683 5.5000000000000009 1.0000000180025095e-35 0.80000000000000016 1.0982699792095445
decision_type=10 10 2 2 2 10
left_child=1 2 -1 5 -5 -4
right_child=-2 -3 3 4 -6 -7
leaf_value=0.0042985939997313982 0.00035783093782875038 -0.00014724748015024273 -0.00015549359992799382 3.9571076349251829e-05 0.001168171094900008 9.0712310919106347e-05
leaf_weight=22709.819926261902 119623.89189720154 326623.97385597229 349868.1328868866 262944.23418045044 64728.841285705566 184076.31220245361
leaf_count=121 715 809 1535 952 238 412
internal_value=-0.000740688 -0.00178215 0.000475772 -8.89126e-05 0.00443401 -0.00286457
internal_weight=1.33058e+06 1.21095e+06 884327 861618 327673 533944
internal_count=4782 4067 3258 3137 1190 1947
is_linear=0
shrinkage=0.03


Tree=98
num_leaves=7
num_cat=0
split_feature=13 7 8 5 12 16
split_gain=15810.9 11041.1 14625.8 9334.69 10052 10822.1
threshold=0.90546942226191041 1.0000000180025095e-35 3.3500000000000001 5.1208549140561965 1.1460866247694821 1.0600450559145496
decision_type=10 2 2 2 8 10
left_child=1 3 -3 -1 -5 -6
right_child=-2 2 -4 4 5 -7
leaf_value=0.0017942676139841816 0.004378680974875049 4.3836757177708829e-05 0.0023286963365537683 1.6055432323021493e-05 -0.00012832860798495118 -0.00040998345699730002
leaf_weight=28909.928359985352 16735.598300933838 474240.85630321503 24381.972038269043 217504.79594039917 438484.39451599121 115506.88105964661
leaf_count=88 129 1719 87 772 1742 252
internal_value=-0.000604445 -0.000977765 0.0025264 -0.00316073 -0.00378791 -0.00593358
internal_weight=1.31576e+06 1.29903e+06 498623 800406 771496 553991
internal_count=4789 4660 1806 2854 2766 1994
is_linear=0
shrinkage=0.03


Tree=99
num_leaves=7
num_cat=0
split_feature=13 7 8 15 14 9
split_gain=16725.7 13680.7 15583.2 12341.2 15527.5 13635.7
threshold=1.1028912506691528 1.0000000180025095e-35 3.3500000000000001 0.03347175610648883 1.01219325703209 0.15000000000000005
decision_type=10 2 2 2 8 2
left_child=1 3 -3 -1 5 -5
right_child=-2 2 -4 4 -6 -7
leaf_value=-0.00039160074729771788 0.0042199334550214176 4.1240974724373784e-05 0.0022588354464571523 0.00018185433494994477 -0.00014339131918335369 -0.00015184677826657556
leaf_weight=78458.261474609375 16415.920331954956 483727.69234752655 25252.538198471069 182003.91511726379 467391.95452976227 62707.395671844482
leaf_count=107 96 1740 85 699 1820 243
internal_value=-0.000858891 -0.00123907 0.00259708 -0.00370887 -0.00246464 0.00365759
internal_weight=1.31596e+06 1.29954e+06 508980 790562 712103 244711
internal_count=4790 4694 1825 2869 2762 942
is_linear=0
shrinkage=0.03


Tree=100
num_leaves=7
num_cat=0
split_feature=13 16 14 3 14 0
split_gain=17070.5 12767.5 10677.8 29499.8 13503.1 10310.8
threshold=1.1028912506691528 1.0655251995251278 1.1008288912606925 1.0000000180025095e-35 1.1281809128220688 3.5000000000000004
decision_type=10 10 10 2 10 2
left_child=1 5 3 -3 -4 -1
right_child=-2 2 4 -5 -6 -7
leaf_value=-7.7640780203668851e-05 0.0042751055833190939 -0.00038242236446393293 0.0003464312898905177 -3.9716278167542918e-05 -0.00010515699141699475 3.4848436005594505e-05
leaf_weight=331313.52493000031 16310.658340454102 77731.553131103516 23075.561664581299 90838.948530197144 46541.467077255249 726617.52847671509
leaf_count=1277 93 144 47 241 136 2818
internal_value=-0.00131598 -0.00169984 -0.00797487 -0.0120567 0.00190913 -0.000287024
internal_weight=1.31243e+06 1.29612e+06 238188 168571 69617 1.05793e+06
internal_count=4756 4663 568 385 183 4095
is_linear=0
shrinkage=0.03


Tree=101
num_leaves=7
num_cat=0
split_feature=13 16 15 13 9 15
split_gain=14764.1 11926.4 13875.3 9480.76 11313.6 10479.3
threshold=1.1028912506691528 1.0655251995251278 0.036734143736071978 0.052899882418037725 0.75000000000000011 0.030084786440933996
decision_type=10 10 2 10 2 2
left_child=1 3 -3 5 -5 -1
right_child=-2 2 -4 4 -6 -7
leaf_value=0.00036203572772590582 0.0041491687323274174 -0.0003683800539448678 -6.2628646675881854e-05 0.00098824468932394438 2.8059623117826505e-06 -4.4341997072737899e-05
leaf_weight=24215.330322265625 14473.867925643921 65517.054870605469 166612.30771255493 30257.71035194397 85169.137031555176 923256.57850265503
leaf_count=52 92 68 498 114 234 3707
internal_value=-0.00111169 -0.0014485 -0.00760894 -0.000103077 0.00801431 -0.00109202
internal_weight=1.3095e+06 1.29503e+06 232129 1.0629e+06 115427 947472
internal_count=4765 4673 566 4107 348 3759
is_linear=0
shrinkage=0.03


Tree=102
num_leaves=7
num_cat=0
split_feature=15 14 13 7 0 15
split_gain=20337.7 18647.5 13658 9318.99 11403.6 12341.3
threshold=0.039230364345783843 1.0914695316578398 0.8281396770149918 1.5000000000000002 3.5000000000000004 0.040899204715267111
decision_type=2 8 10 2 2 2
left_child=1 -1 3 4 5 -2
right_child=2 -3 -4 -5 -6 -7
leaf_value=-0.00037199854749863981 0.00028088509418138424 2.0026221967550725e-05 0.0033212596215512458 0.00071966178522581354 3.6182188262240026e-05 -0.00013898963464019457
leaf_weight=119292.57052612305 14027.432098388672 93080.327270507812 20490.833343505859 62288.676042556763 702252.47983264923 310748.03070545197
leaf_count=137 24 167 139 248 2805 1255
internal_value=-0.000341682 -0.00884709 0.00128595 0.000829437 0.000146062 -0.00450233
internal_weight=1.32218e+06 212373 1.10981e+06 1.08932e+06 1.02703e+06 324775
internal_count=4775 304 4471 4332 4084 1279
is_linear=0
shrinkage=0.03


Tree=103
num_leaves=7
num_cat=0
split_feature=13 15 14 0 14 8
split_gain=14586.7 13210.6 20650 12664.1 10260.1 8719.59
threshold=0.90546942226191041 0.039230364345783843 1.0617029765483477 6.5000000000000009 1.01219325703209 3.3500000000000001
decision_type=10 2 8 2 8 2
left_child=1 2 -1 5 -5 -3
right_child=-2 3 -4 4 -6 -7
leaf_value=-0.00036168003604605131 0.0037023478667968456 -5.9894013200890555e-05 7.6789699534050006e-06 0.00017970873915563795 3.8487959982697237e-05 0.00071511283348764669
leaf_weight=101878.2737121582 15179.057615280151 648671.33832359314 104304.48550415039 115433.77576732635 298590.45137786865 39117.938110351562
leaf_count=118 129 2562 183 505 1190 150
internal_value=-0.00086752 -0.00120689 -0.00817639 9.73452e-05 0.00424275 -0.00239805
internal_weight=1.32318e+06 1.308e+06 206183 1.10181e+06 414024 687789
internal_count=4837 4708 301 4407 1695 2712
is_linear=0
shrinkage=0.03


Tree=104
num_leaves=7
num_cat=0
split_feature=13 0 16 15 7 14
split_gain=16541 13662.7 12787.5 14105.9 7483.38 7285.38
threshold=1.1028912506691528 2.5000000000000004 1.0600450559145496 0.033876139740651644 1.5000000000000002 0.98457513773568628
decision_type=10 2 10 2 2 8
left_child=1 4 5 -4 -1 -3
right_child=-2 2 3 -5 -6 -7
leaf_value=-0.0001718896737246373 0.0036336066286912689 0.00022922366257870601 -0.00034257391755280607 -8.8038795382450176e-06 0.00016364246641261752 2.2937807924421352e-05
leaf_weight=258641.02180767059 16538.55037689209 120354.98235034943 57050.369567871094 168171.7265586853 16767.710800170898 684551.56926441193
leaf_count=909 103 614 59 443 57 2586
internal_value=-0.000746541 -0.00112428 0.000462589 -0.00585615 -0.00705963 0.00223067
internal_weight=1.32208e+06 1.30554e+06 1.03013e+06 225222 275409 804907
internal_count=4771 4668 3702 502 966 3200
is_linear=0
shrinkage=0.03


Tree=105
num_leaves=7
num_cat=0
split_feature=13 16 15 8 15 15
split_gain=17932.3 13393.1 12675 10242 7654.8 10150
threshold=1.1028912506691528 1.0655251995251278 0.033876139740651644 3.3500000000000001 0.030084786440933996 0.038819155839050913
decision_type=10 10 2 2 2 2
left_child=1 3 -3 4 -1 -6
right_child=-2 2 -4 -5 5 -7
leaf_value=0.00025079429545586728 0.0036079989413535089 -0.00033025878140141801 -4.7385279943698249e-05 0.0011020621294552857 -0.00013723579193256405 2.3233860952317272e-06
leaf_weight=27889.756683349609 17512.484359741211 48202.312622070312 195575.3110370636 54688.18733215332 111054.42315673828 885612.98759841919
leaf_count=60 96 50 515 210 160 3719
internal_value=-0.000980536 -0.00137979 -0.0077307 5.47717e-05 -0.000620456 -0.00105427
internal_weight=1.34054e+06 1.32302e+06 243778 1.07925e+06 1.02456e+06 996667
internal_count=4810 4714 565 4149 3939 3879
is_linear=0
shrinkage=0.03


Tree=106
num_leaves=7
num_cat=0
split_feature=13 16 14 14 15 8
split_gain=15861.7 14113.4 14938.5 18191.9 14762.8 11080.8
threshold=1.1028912506691528 1.0655251995251278 1.1008288912606925 1.1281809128220688 0.036734143736071978 3.3500000000000001
decision_type=10 10 10 10 2 2
left_child=1 5 4 -4 -3 -1
right_child=-2 2 3 -5 -6 -7
leaf_value=-8.9383574216506105e-06 0.0035540394879175533 -0.00041090921663063519 0.00042386909768358616 -9.772639274159278e-05 -0.00011328423409659672 0.0010500386243561244
leaf_weight=985668.82324314117 15447.974451065063 45296.665405273438 26839.404657363892 46599.842107772827 130434.47734642029 54183.695825576782
leaf_count=3832 93 47 48 144 341 217
internal_value=-0.00115413 -0.00151633 -0.007929 0.00343369 -0.0126775 2.03075e-05
internal_weight=1.30447e+06 1.28902e+06 249170 73439.2 175731 1.03985e+06
internal_count=4722 4629 580 192 388 4049
is_linear=0
shrinkage=0.03


Tree=107
num_leaves=7
num_cat=0
split_feature=15 3 8 8 8 7
split_gain=12546.4 27662.2 9450.29 12556.7 13352.1 9440.43
threshold=0.03347175610648883 1.0000000180025095e-35 3.0000000000000004 2.5500000000000003 2.0000000000000004 1.0000000180025095e-35
decision_type=2 2 2 2 2 2
left_child=1 -1 3 4 -2 -4
right_child=2 -3 5 -5 -6 -7
leaf_value=-0.00032439678871028118 -1.274377269345118e-05 0.00024197918147291796 0.00028102146326148576 -0.00014641443258703849 0.0029562339462222351 0.0020832454461173319
leaf_weight=84010.668212890625 1060230.0622930527 38818.176788330078 88570.267059326172 25910.648435592651 21456.52370262146 24239.440349578857
leaf_count=87 4022 83 335 93 91 88
internal_value=-0.000778423 -0.00991741 0.000141414 -0.000701107 -0.000206684 0.00841319
internal_weight=1.34324e+06 122829 1.22041e+06 1.1076e+06 1.08169e+06 112810
internal_count=4799 170 4629 4206 4113 423
is_linear=0
shrinkage=0.03


Tree=108
num_leaves=7
num_cat=0
split_feature=13 7 15 14 15 15
split_gain=17354.1 11783.9 9987.16 7319.61 15405.5 13458.3
threshold=0.90546942226191041 1.0000000180025095e-35 0.028612134319168866 1.01219325703209 0.033876139740651644 0.044677744095230308
decision_type=10 2 2 8 2 2
left_child=1 2 -1 4 -4 -6
right_child=-2 -3 3 -5 5 -7
leaf_value=-0.00042735962534759092 0.0034624528226488136 4.9637438194346571e-05 -0.00046627038302097487 -0.00010907183784414629 0.00031868739861313442 -9.8093234320009763e-06
leaf_weight=20314.563720703125 17738.537664413452 489839.37054538727 35132.623107910156 486521.77355480194 86436.17554473877 166775.2303352356
leaf_count=21 123 1783 44 1838 130 813
internal_value=-0.000808482 -0.00121535 -0.00347013 -0.00292566 0.000861788 0.00344485
internal_weight=1.30276e+06 1.28502e+06 795180 774866 288344 253211
internal_count=4752 4629 2846 2825 987 943
is_linear=0
shrinkage=0.03


Tree=109
num_leaves=7
num_cat=0
split_feature=14 15 14 8 15 12
split_gain=13688.4 19890 16705.8 11966.6 13407.3 14386
threshold=1.0914695316578398 0.028612134319168866 1.1068849337467095 0.35000000000000003 0.048189136147402965 1.4982042974990588
decision_type=10 2 10 2 2 10
left_child=1 -1 -2 4 5 -3
right_child=2 3 -4 -5 -6 -7
leaf_value=-0.00035462918437238533 0.00054361285172248558 -0.00015353981652505315 1.0723448995243768e-05 8.7173014248069427e-05 9.3965842157595073e-06 0.00037690170681289778
leaf_weight=22435.454162597656 44766.298761367798 389016.82671356201 133306.46141433716 253718.82599163055 464659.81870555878 25828.880905151367
leaf_count=23 102 615 697 913 2396 46
internal_value=-0.000832035 -0.00202506 0.00691031 -0.00147122 -0.00312701 -0.00704707
internal_weight=1.33373e+06 1.15566e+06 178073 1.13322e+06 879506 414846
internal_count=4792 3993 799 3970 3057 661
is_linear=0
shrinkage=0.03


Tree=110
num_leaves=7
num_cat=0
split_feature=14 14 15 12 14 12
split_gain=13134.2 23986 17429 13951.2 9142.31 12860.4
threshold=1.0892946424343755 1.1068849337467095 0.028612134319168866 1.5289988241803774 1.0742246687527095 1.1093054004242737
decision_type=10 10 2 10 10 8
left_child=2 -2 -1 -3 5 -4
right_child=1 3 4 -5 -6 -7
leaf_value=-0.00040369625311058473 0.00045690354814177984 -2.8291859661342401e-05 0.00013589872794753755 0.0030992797586248426 -0.00012549490262548036 -5.4282869131947361e-05
leaf_weight=19509.090576171875 60411.168741226196 117870.9763507843 194812.51617050171 19115.718622207642 53464.377546310425 856495.04472064972
leaf_count=20 131 473 814 214 98 3007
internal_value=-0.000634363 0.00650272 -0.00188749 -0.000442083 -0.00139106 -0.000775595
internal_weight=1.32168e+06 197398 1.12428e+06 136987 1.10477e+06 1.05131e+06
internal_count=4757 818 3939 687 3919 3821
is_linear=0
shrinkage=0.03


Tree=111
num_leaves=7
num_cat=0
split_feature=13 16 14 15 14 14
split_gain=17533.6 13096.3 11235.8 10488.9 10907.1 21609.4
threshold=1.1028912506691528 1.0655251995251278 0.98276316075988746 0.032249317692343661 0.96855461248741614 0.98457513773568628
decision_type=10 10 10 2 10 10
left_child=1 3 -3 -1 -5 -6
right_child=-2 2 -4 4 5 -7
leaf_value=0.00024789085285427859 0.0031388297809903541 -0.00047793087374804619 -4.8016541029760607e-05 -7.5611118533936998e-05 0.0011950703082997966 5.578589751910319e-06
leaf_weight=37083.848327636719 17014.052227020264 51762.384786605835 190307.11192131042 626870.53248977661 45018.524732589722 356629.39280891418
leaf_count=71 95 205 369 2626 105 1313
internal_value=-0.00128811 -0.00168186 -0.00798081 -0.000250911 -0.000816108 0.00304342
internal_weight=1.32469e+06 1.30767e+06 242069 1.0656e+06 1.02852e+06 401648
internal_count=4784 4689 574 4115 4044 1418
is_linear=0
shrinkage=0.03


Tree=112
num_leaves=7
num_cat=0
split_feature=13 16 0 14 3 14
split_gain=14978.9 12713.3 11473.2 11058.9 23850.6 12005
threshold=0.90546942226191041 1.0665940475336286 6.5000000000000009 1.1008288912606925 1.0000000180025095e-35 1.1281809128220688
decision_type=10 10 2 10 2 10
left_child=1 2 -1 4 -3 -5
right_child=-2 3 -4 5 -6 -7
leaf_value=-3.5636992100793427e-05 0.0031329340449734464 -0.00035582773878586481 9.8048192190502805e-05 0.00033338060061221804 -5.2239486209047598e-05 -9.076845576460517e-05
leaf_weight=668779.61248779297 16446.676656723022 68063.065938949585 424300.44584846497 23954.958984375 84723.968431472778 40048.166042327881
leaf_count=2519 129 134 1613 45 224 130
internal_value=-0.000375328 -0.000732621 0.000583614 -0.00736909 -0.0117544 0.00309964
internal_weight=1.32632e+06 1.30987e+06 1.09308e+06 216790 152787 64003.1
internal_count=4794 4665 4132 533 358 175
is_linear=0
shrinkage=0.03


Tree=113
num_leaves=7
num_cat=0
split_feature=13 0 15 15 3 7
split_gain=17267.9 11078.4 8185.12 16151.6 8641.88 7564.31
threshold=1.1028912506691528 5.5000000000000009 0.043779207680071618 0.04440030412786309 1.0000000180025095e-35 1.5000000000000002
decision_type=10 2 2 2 2 2
left_child=1 5 4 -4 -3 -1
right_child=-2 2 3 -5 -6 -7
leaf_value=-8.1721228314390735e-05 0.002975730947103572 -9.3493751198316151e-05 0.0004429707036902487 4.6300888376839283e-05 0.00019096141928422205 0.00044177292654307956
leaf_weight=643932.69940376282 18539.407867431641 116233.02169799805 28504.091888427734 425919.37134361267 74285.478973388672 40703.28814125061
leaf_count=2248 103 136 34 1967 165 132
internal_value=-0.000496444 -0.000897424 0.00192402 0.00411233 -0.00329549 -0.00355528
internal_weight=1.34812e+06 1.32958e+06 644942 454423 190519 684636
internal_count=4785 4682 2302 2001 301 2380
is_linear=0
shrinkage=0.03


Tree=114
num_leaves=7
num_cat=0
split_feature=13 8 16 0 12 15
split_gain=12187.9 9082.61 8990.22 8343.94 10892.6 8216.38
threshold=1.1028912506691528 3.3500000000000001 1.0637771057775078 4.5000000000000009 1.5289988241803774 0.048852481607943997
decision_type=10 2 10 2 10 2
left_child=1 3 -3 -1 5 -5
right_child=-2 2 -4 4 -6 -7
leaf_value=-6.5813360655711474e-05 0.0029625885728414353 0.0011217032592694127 -0.00032464471025763723 -6.2796967254420574e-05 0.00031042563797580665 9.8667180357938608e-05
leaf_weight=505319.61347675323 13779.035873413086 53995.386743545532 12470.25612449646 348120.63553619385 56322.335010528564 320956.16174983978
leaf_count=1797 93 217 23 541 351 1733
internal_value=-0.000417737 -0.000715913 0.0100857 -0.0012993 0.000762385 -0.000304257
internal_weight=1.31096e+06 1.29718e+06 66465.6 1.23072e+06 725399 669077
internal_count=4755 4662 240 4422 2625 2274
is_linear=0
shrinkage=0.03


Tree=115
num_leaves=7
num_cat=0
split_feature=14 7 15 8 0 14
split_gain=13597.3 11930.4 14638.9 13334.2 9604.11 10288.5
threshold=1.4339674717983921 1.0000000180025095e-35 0.028612134319168866 3.3500000000000001 2.5000000000000004 1.0178988771316753
decision_type=10 2 2 2 2 8
left_child=1 2 -1 -3 -4 -6
right_child=-2 3 4 -5 5 -7
leaf_value=-0.00036214656947214927 0.0027691001743364021 1.8667627054072145e-05 -0.0001748856326290158 0.0020252046295212642 3.7886128583309469e-05 -9.9725084472658209e-05
leaf_weight=22265.472778320312 20374.931732177734 474782.45894908905 164227.47821235657 22415.163244247437 249848.87295532227 370864.33285236359
leaf_count=23 174 1678 566 84 885 1393
internal_value=-0.000748802 -0.0011287 -0.00338042 0.00252699 -0.0026999 -0.000992969
internal_weight=1.32478e+06 1.3044e+06 807206 497198 784941 620713
internal_count=4803 4629 2867 1762 2844 2278
is_linear=0
shrinkage=0.03


Tree=116
num_leaves=7
num_cat=0
split_feature=13 7 8 15 0 14
split_gain=13321.6 12113.4 13192.6 10864.6 10525.5 8932.11
threshold=1.1028912506691528 1.0000000180025095e-35 3.3500000000000001 0.028612134319168866 2.5000000000000004 1.0178988771316753
decision_type=10 2 2 2 2 8
left_child=1 3 -3 -1 -5 -6
right_child=-2 2 -4 4 5 -7
leaf_value=-0.00029154782629025932 0.0026507255381520677 3.1849144127299667e-05 0.0019292673510291553 -0.00017978763551019692 3.6855731817410984e-05 -7.4719689515175764e-05
leaf_weight=24046.400451660156 15860.936906814575 474826.28066635132 23552.52710723877 160022.44769859314 240641.8943862915 366304.58043766022
leaf_count=25 95 1716 85 589 812 1412
internal_value=-0.00019501 -0.000531203 0.00313209 -0.00283927 -0.00221664 -0.000412069
internal_weight=1.30526e+06 1.28939e+06 498379 791015 766969 606946
internal_count=4734 4639 1801 2838 2813 2224
is_linear=0
shrinkage=0.03


Tree=117
num_leaves=7
num_cat=0
split_feature=13 7 8 3 15 14
split_gain=14263.5 14055.6 14555.7 11488.2 13633.3 16229.7
threshold=0.90546942226191041 1.0000000180025095e-35 3.3500000000000001 1.0000000180025095e-35 0.033876139740651644 1.01219325703209
decision_type=10 2 2 2 2 8
left_child=1 3 -3 4 -1 -6
right_child=-2 2 -4 -5 5 -7
leaf_value=-0.00034233444018909927 0.0027987901752503657 2.9417066083359697e-05 0.0019006471659342118 5.226179906942635e-05 2.9501874736018178e-05 -0.00021023071669162003
leaf_weight=56832.983642578125 16828.883274078369 463530.50355529785 23925.280294418335 267276.23722076416 158560.23843574524 311059.55172538757
leaf_count=59 130 1702 82 1396 466 898
internal_value=-0.000502359 -0.000862835 0.00314682 -0.0033253 -0.00589693 -0.00421735
internal_weight=1.29801e+06 1.28118e+06 487456 793729 526453 469620
internal_count=4733 4603 1784 2819 1423 1364
is_linear=0
shrinkage=0.03


Tree=118
num_leaves=7
num_cat=0
split_feature=13 7 8 15 13 12
split_gain=15686.9 12531.1 15680.1 8742.08 11009.4 9916.98
threshold=1.1028912506691528 1.0000000180025095e-35 3.3500000000000001 0.03347175610648883 0.029199875316991392 1.0982699792095445
decision_type=10 2 2 2 8 10
left_child=1 3 -3 4 -1 -5
right_child=-2 2 -4 5 -6 -7
leaf_value=-0.00039021317218418199 0.0026629892217741417 1.1403113344301005e-05 0.0018459810716228145 -0.00013756510538313505 1.1749857927503684e-05 9.3659119806598431e-06
leaf_weight=50743.201843261719 17194.917314529419 483150.26345729828 24886.090368270874 339243.93768215179 30724.038726806641 380251.59144592285
leaf_count=60 100 1729 88 1538 51 1208
internal_value=-0.000948734 -0.00132274 0.00236282 -0.00366042 -0.0129743 -0.00260574
internal_weight=1.32619e+06 1.309e+06 508036 800963 81467.2 719496
internal_count=4774 4674 1817 2857 111 2746
is_linear=0
shrinkage=0.03


Tree=119
num_leaves=7
num_cat=0
split_feature=13 16 14 15 13 14
split_gain=14160.3 9427.22 9954.4 9896.65 10321 9224.82
threshold=0.90546942226191041 1.0655251995251278 0.98276316075988746 0.032249317692343661 0.052899882418037725 0.94607194311368847
decision_type=10 10 10 2 10 10
left_child=1 3 5 -1 -5 -3
right_child=-2 2 -4 4 -6 -7
leaf_value=0.00026579415114254306 0.002513699721039802 1.0069845328704481e-05 -5.1244171584909854e-05 -3.7514877769856902e-05 0.00013165875534741468 -0.00055729402123532454
leaf_weight=35991.475555419922 15789.360332489014 14320.037170410156 180080.83700180054 906131.64228439331 106410.52251625061 40285.859773635864
leaf_count=72 127 125 351 3693 310 82
internal_value=-0.00125825 -0.00160574 -0.0070408 -0.000389219 -0.000938751 -0.0182604
internal_weight=1.29901e+06 1.28322e+06 234687 1.04853e+06 1.01254e+06 54605.9
internal_count=4760 4633 558 4075 4003 207
is_linear=0
shrinkage=0.03


Tree=120
num_leaves=7
num_cat=0
split_feature=13 7 8 15 13 13
split_gain=15633.8 12235.8 10833.2 9127.44 7159.26 19217.4
threshold=0.8281396770149918 1.0000000180025095e-35 3.3500000000000001 0.028612134319168866 0.26658370010661642 0.052899882418037725
decision_type=10 2 2 2 10 10
left_child=1 3 4 -1 5 -3
right_child=-2 2 -4 -5 -6 -7
leaf_value=-0.00027134652888615606 0.0015772623561749926 1.2356489167416778e-05 0.0018033200850536416 -5.003831351685838e-05 -0.00026310759739444912 0.00095932179397178032
leaf_weight=19169.127807617188 29144.204803466797 436533.94031429291 22626.794212341309 770258.92605209351 14294.544141769409 24592.860816955566
leaf_count=20 140 1628 83 2809 48 63
internal_value=-0.000626897 -0.00111878 0.00256325 -0.00344176 0.00159789 0.00224615
internal_weight=1.31662e+06 1.28748e+06 498048 789428 475421 461127
internal_count=4791 4651 1822 2829 1739 1691
is_linear=0
shrinkage=0.03


Tree=121
num_leaves=7
num_cat=0
split_feature=13 7 8 13 14 12
split_gain=14402.9 8877.21 12816.9 7490.75 11429 6996.17
threshold=0.90546942226191041 1.0000000180025095e-35 3.3500000000000001 0.052899882418037725 1.0993704652615912 1.123698600417522
decision_type=10 2 2 10 10 8
left_child=1 5 3 -3 -5 -1
right_child=-2 2 -4 4 -6 -7
leaf_value=1.3867127391426888e-05 0.002397804564848195 -1.286037789847654e-05 0.001741197466759532 0.001075118861063488 -0.00016432544500152768 -0.000131698568832046
leaf_weight=214374.36718559265 16706.245565414429 436162.96156978607 27131.862577438354 23966.12915802002 16369.420967102051 598047.67371177673
leaf_count=777 132 1591 90 70 46 2093
internal_value=-0.00108171 -0.00143313 0.00169624 0.00055413 0.0129223 -0.00337306
internal_weight=1.33276e+06 1.31605e+06 503630 476499 40335.6 812422
internal_count=4799 4667 1797 1707 116 2870
is_linear=0
shrinkage=0.03


Tree=122
num_leaves=7
num_cat=0
split_feature=12 8 0 12 11 7
split_gain=9014.61 10778.1 11535.5 10238.3 13895.3 12364.7
threshold=1.5289988241803774 1.0000000180025095e-35 6.5000000000000009 1.1460866247694821 1.0000000180025095e-35 1.5000000000000002
decision_type=10 2 2 10 2 2
left_child=3 2 -2 4 5 -1
right_child=1 -3 -4 -5 -6 -7
leaf_value=-1.3475255548245973e-05 -7.1783823665121311e-05 0.0011254846819822183 0.00029900404560846862 -8.4946968006382079e-05 0.0043553370694890377 0.00073459409268855798
leaf_weight=797272.60099601746 57492.291429519653 25686.135795593262 32702.241052627563 344011.63272285461 14911.080366134644 63365.489656448364
leaf_count=2868 377 141 196 945 59 210
internal_value=-0.00020854 0.00778738 0.00290429 -0.000968328 0.000754657 0.000257112
internal_weight=1.33544e+06 115881 90194.5 1.21956e+06 875549 860638
internal_count=4796 714 573 4082 3137 3078
is_linear=0
shrinkage=0.03


Tree=123
num_leaves=7
num_cat=0
split_feature=13 7 16 15 15 1
split_gain=16328.6 12442.6 12496.4 9623.29 8348.65 7801.74
threshold=1.1028912506691528 1.5000000000000002 1.0637771057775078 0.041614332372467179 0.036734143736071978 1.0000000180025095e-35
decision_type=10 2 10 2 2 2
left_child=1 2 -1 -3 -4 -5
right_child=-2 3 4 5 -6 -7
leaf_value=-1.6016853821643195e-06 0.0022273950944164951 -8.0131479559601538e-05 -0.00027692813704763443 -0.00026328755033056428 -7.6293085908064187e-05 0.00090908234874310728
leaf_weight=1003772.7771549225 18156.526847839355 22728.107025146484 57430.626892089844 12723.271732330322 172655.81244468689 42024.718841552734
leaf_count=3842 97 32 60 195 461 57
internal_value=-0.000467882 -0.000859144 -0.00159143 0.0108023 -0.00789734 0.0176142
internal_weight=1.32949e+06 1.31134e+06 1.23386e+06 77476.1 230086 54748
internal_count=4744 4647 4363 284 521 252
is_linear=0
shrinkage=0.03


Tree=124
num_leaves=7
num_cat=0
split_feature=14 0 14 12 14 12
split_gain=13171.1 9604.12 8495.5 12367.5 7621.06 7067.8
threshold=1.4339674717983921 6.5000000000000009 0.96855461248741614 1.4853093849417716 0.98683856844922457 1.5289988241803774
decision_type=10 2 8 8 8 10
left_child=1 2 3 -1 -4 -3
right_child=-2 5 4 -5 -6 -7
leaf_value=-0.00034685117294036533 0.0020455738761883183 1.2228583790525968e-05 0.00023268289832542078 4.7177744522864962e-05 -4.536775055446198e-05 0.00035420082753627409
leaf_weight=64731.864560127258 19578.622978210449 466614.92523860931 39477.9130859375 33783.170026779175 653795.43242454529 37144.234102249146
leaf_count=295 175 1579 108 237 2182 221
internal_value=-0.00064403 -0.00101315 -0.00307344 -0.0113167 -0.00190198 0.00222514
internal_weight=1.31513e+06 1.29555e+06 791788 98515 693273 503759
internal_count=4797 4622 2822 532 2290 1800
is_linear=0
shrinkage=0.03


Tree=125
num_leaves=7
num_cat=0
split_feature=14 15 9 14 14 3
split_gain=19969.3 16387.6 15720.9 13268 12262.1 11855.3
threshold=1.0892946424343755 0.028612134319168866 0.95000000000000007 1.1068849337467095 1.0842898240257204 1.0000000180025095e-35
decision_type=10 2 2 10 10 2
left_child=1 -1 3 -2 -3 -5
right_child=2 4 -4 5 -6 -7
leaf_value=-0.00028166614911813101 0.00045457420247043632 -2.1271085755742056e-05 -0.00015880862852833284 0.00017395156159248913 -0.00039478161567735022 -0.00010797012848365487
leaf_weight=18533.636047363281 59668.557174682617 1105965.3354091644 32160.916164398193 61781.506872177124 14167.279886245728 45078.846988677979
leaf_count=19 124 3911 121 275 26 323
internal_value=-0.000485246 -0.00201658 0.00829049 0.0119989 -0.00155357 0.00567076
internal_weight=1.33736e+06 1.13867e+06 198690 166529 1.12013e+06 106860
internal_count=4799 3956 843 722 3937 598
is_linear=0
shrinkage=0.03


Tree=126
num_leaves=7
num_cat=0
split_feature=13 0 12 12 7 12
split_gain=15621.2 12189.9 7880.48 7513.29 9121.2 7927.63
threshold=0.90546942226191041 5.5000000000000009 1.5289988241803774 1.1606563820490996 1.5000000000000002 1.2716800630866065
decision_type=10 2 10 8 2 8
left_child=1 3 -3 4 -1 -5
right_child=-2 2 -4 5 -6 -7
leaf_value=-2.3135920189175127e-05 0.0020747531682287364 1.589725399435676e-05 0.00035925083355777123 -0.00028152913580172 0.00088429202612471606 -5.3792543598859905e-05
leaf_weight=169154.5102596283 18205.646255493164 595314.7305765152 50048.245166778564 105079.38942146301 17754.257150650024 362505.4395904541
leaf_count=667 129 2002 293 161 54 1474
internal_value=-0.000820274 -0.00120684 0.00171882 -0.00409167 0.000992234 -0.00612386
internal_weight=1.31806e+06 1.29986e+06 645363 654494 186909 467585
internal_count=4780 4651 2295 2356 721 1635
is_linear=0
shrinkage=0.03


Tree=127
num_leaves=7
num_cat=0
split_feature=14 15 14 13 15 15
split_gain=15440.8 17630.4 9623.7 12371.1 9606.46 9127.44
threshold=1.0914695316578398 0.028612134319168866 1.1068849337467095 1.1028912506691528 0.043264706857776829 0.029173981984485647
decision_type=10 2 10 10 2 2
left_child=1 -1 -2 4 -4 -3
right_child=2 5 3 -5 -6 -7
leaf_value=-0.00025359148877205029 0.00044730969653481811 0.00033391777992516469 9.3818683435217614e-05 0.0019857725275472613 -4.6632849300808267e-05 -3.3616878272356756e-05
leaf_weight=19509.090576171875 49642.748153686523 21395.912353515625 49918.453498840332 15659.207229614258 72512.544507980347 1099940.4083786011
leaf_count=20 108 46 76 65 553 3903
internal_value=-0.000409945 -0.00172191 0.00756265 0.00348979 0.000278009 -0.00122993
internal_weight=1.32858e+06 1.14085e+06 187733 138090 122431 1.12134e+06
internal_count=4771 3969 802 694 629 3949
is_linear=0
shrinkage=0.03


Tree=128
num_leaves=7
num_cat=0
split_feature=13 7 14 16 8 14
split_gain=13558.5 7147.54 10051.3 7890.7 7647.84 7281.6
threshold=0.90546942226191041 1.5000000000000002 1.0305868273461383 1.0655251995251278 3.3500000000000001 0.98276316075988746
decision_type=10 2 10 10 2 10
left_child=1 3 -3 4 -1 -5
right_child=-2 2 -4 5 -6 -7
leaf_value=-2.2434256902415379e-05 0.0019282416059860576 -6.2165200346097729e-05 0.00076299732331537628 -0.00031393699524303697 0.00099809844310175581 -7.6415236027823065e-05
leaf_weight=940318.54300308228 16856.019954681396 46060.873365402222 31306.603693008423 55756.612457275391 48987.241291046143 164280.98748207092
leaf_count=3638 132 168 118 195 206 319
internal_value=-0.00118468 -0.00153491 0.00730485 -0.00210046 -0.000957596 -0.00723871
internal_weight=1.30357e+06 1.28671e+06 77367.5 1.20934e+06 989306 220038
internal_count=4776 4644 286 4358 3844 514
is_linear=0
shrinkage=0.03


Tree=129
num_leaves=7
num_cat=0
split_feature=15 14 13 7 13 14
split_gain=14790 27152.9 10316.7 6756.17 14704.5 10202.8
threshold=0.03347175610648883 1.1306175073602398 0.8281396770149918 1.0000000180025095e-35 0.052899882418037725 1.01219325703209
decision_type=2 8 10 2 10 8
left_child=1 -1 3 5 -5 -2
right_child=2 -3 -4 4 -6 -7
leaf_value=-0.00025781771131153563 2.9072853136640345e-05 0.0001857126950077743 0.0013333213947386343 3.9988364345199197e-05 0.00082552916715630776 -8.7559571970726851e-05
leaf_weight=80828.312927246094 252033.73524475098 36661.802734375 21688.367078781128 428315.33086109161 37122.007501602173 461415.24226379395
leaf_count=91 954 65 134 1673 105 1810
internal_value=-0.000533263 -0.0106916 0.000460883 8.36386e-05 0.00289543 -0.00175072
internal_weight=1.31806e+06 117490 1.20057e+06 1.17889e+06 465437 713449
internal_count=4832 156 4676 4542 1778 2764
is_linear=0
shrinkage=0.03


Tree=130
num_leaves=7
num_cat=0
split_feature=13 15 12 12 12 14
split_gain=14538.5 10509.3 6590.67 10292.4 9995.97 13140.1
threshold=1.1028912506691528 0.028612134319168866 1.1460866247694821 1.2716800630866065 1.0982699792095445 1.0535599432888179
decision_type=10 2 8 8 10 10
left_child=1 -1 4 -4 5 -3
right_child=-2 2 3 -5 -6 -7
leaf_value=-0.00016405629313235746 0.0018404407403237886 1.068339494206863e-05 -0.00022490999022040559 -1.1580626713599083e-05 0.00010628215185310067 -0.00012253717493595375
leaf_weight=30874.582153320312 16930.863780975342 75381.713184356689 177077.58071136475 736379.90247821808 246260.75936889648 36175.484008789062
leaf_count=32 99 556 367 3036 470 230
internal_value=-0.000971285 -0.00133046 -0.000910418 -0.00226234 0.00254083 -0.00490894
internal_weight=1.31908e+06 1.30215e+06 1.27128e+06 913457 357818 111557
internal_count=4790 4691 4659 3403 1256 786
is_linear=0
shrinkage=0.03


Tree=131
num_leaves=7
num_cat=0
split_feature=15 14 15 15 14 8
split_gain=10415.1 8303.52 5427.28 7515.05 9549.98 15929.5
threshold=0.028612134319168866 1.4339674717983921 0.029173981984485647 0.03347175610648883 1.0050075219070154 1.0000000180025095e-35
decision_type=2 10 2 2 8 2
left_child=-1 2 -2 -4 -5 -6
right_child=1 -3 3 4 5 -7
leaf_value=-0.0001589840544508413 0.00033265522437523341 0.0016549875332097037 -0.00015225639370000006 7.1457510657916537e-05 -7.7117860205643058e-05 0.00010222573976724017
leaf_weight=29093.654479980469 23269.478515625 16831.449781417847 67561.483062744141 274790.56642246246 617628.67619609833 270701.27002429962
leaf_count=30 50 168 87 1259 2170 974
internal_value=-0.000180782 0.000225569 -5.5427e-05 -0.000326843 0.000238179 -0.00127373
internal_weight=1.29988e+06 1.27078e+06 1.25395e+06 1.23068e+06 1.16312e+06 888330
internal_count=4738 4708 4540 4490 4403 3144
is_linear=0
shrinkage=0.03


Tree=132
num_leaves=7
num_cat=0
split_feature=13 12 12 12 11 7
split_gain=15910.1 11438.2 17807 11190.1 12584.6 12751.4
threshold=0.8281396770149918 1.1606563820490996 1.2716800630866065 1.0982699792095445 1.0000000180025095e-35 1.0000000180025095e-35
decision_type=10 10 8 10 2 2
left_child=1 3 -3 4 5 -1
right_child=-2 2 -4 -5 -6 -7
leaf_value=-0.00011631210445702282 0.00099766507913938169 -0.00025779038156032087 4.2417752189242005e-06 0.00010234070179179784 0.0042289898610925331 0.00012692188673404082
leaf_weight=353259.23873901367 31305.943199157715 179397.58004951477 254919.40265464783 267700.38831329346 12039.061723709106 247682.79387378693
leaf_count=1535 151 257 1162 601 53 1027
internal_value=-0.000193274 -0.000696505 -0.0046807 0.00126836 -0.000966403 -0.00157493
internal_weight=1.3463e+06 1.315e+06 434317 880681 612981 600942
internal_count=4786 4635 1419 3216 2615 2562
is_linear=0
shrinkage=0.03


Tree=133
num_leaves=7
num_cat=0
split_feature=13 16 14 3 14 16
split_gain=14693.2 8763.78 9880.1 21683.2 17800.2 7164.57
threshold=1.1028912506691528 1.0655251995251278 1.1008288912606925 1.0000000180025095e-35 1.1281809128220688 1.0741876549771825
decision_type=10 10 10 2 10 10
left_child=1 -1 3 -3 -4 -5
right_child=-2 2 4 5 -6 -7
leaf_value=-9.0690087410894034e-07 0.0016961838632608489 -0.00021714969895336882 0.00038406057689645371 0.00016108785802552254 -8.4619500624808424e-05 -0.00026590190039662388
leaf_weight=1084219.2509431839 17211.862066268921 78628.496427536011 22942.915849685669 49450.380411148071 44584.639291763306 37616.448062896729
leaf_count=4159 96 143 43 104 145 122
internal_value=-0.000955945 -0.00131578 -0.00659134 -0.0105331 0.00308083 -0.000219786
internal_weight=1.33465e+06 1.31744e+06 233223 165695 67527.6 87066.8
internal_count=4812 4716 557 369 188 226
is_linear=0
shrinkage=0.03


Tree=134
num_leaves=7
num_cat=0
split_feature=13 0 14 15 12 7
split_gain=13969.9 7413.94 7874.95 7399.22 7318.77 5524.36
threshold=1.1028912506691528 4.5000000000000009 0.96855461248741614 0.030084786440933996 1.3113145597343017 1.5000000000000002
decision_type=10 2 8 2 10 2
left_child=1 2 4 -4 -1 -5
right_child=-2 -3 3 5 -6 -7
leaf_value=-0.00028608613954057312 0.0015710097038322355 8.8190140665897405e-06 0.0001951743686283373 -7.2479107755119533e-05 8.4218566695227388e-06 0.00029496573924593606
leaf_weight=46828.286931991577 16284.672433853149 758754.19023132324 14924.630828857422 433272.97059822083 20480.093402862549 28388.463907241821
leaf_count=176 93 2747 28 1460 177 106
internal_value=-0.000746512 -0.00109177 -0.00376492 -0.00240824 -0.0133701 -0.00308042
internal_weight=1.31893e+06 1.30265e+06 543894 476586 67308.4 461661
internal_count=4787 4694 1947 1594 353 1566
is_linear=0
shrinkage=0.03


Tree=135
num_leaves=7
num_cat=0
split_feature=13 0 12 12 14 16
split_gain=12746.3 9421.37 9030.31 15677.4 10131 10043.4
threshold=1.1028912506691528 3.5000000000000004 1.1093054004242737 1.0982699792095445 1.0552465198855685 1.0403400479357301
decision_type=10 2 8 10 10 8
left_child=1 -1 3 4 5 -3
right_child=-2 2 -4 -5 -6 -7
leaf_value=-7.3341766309542014e-05 0.0016839005210159742 -0.00053289582827642501 -4.8486239574662917e-06 0.00041457841938190022 -0.00011956072707911934 8.0167060630016449e-05
leaf_weight=404689.69232940674 16131.736257553101 13239.084533691406 726417.63795471191 92895.570159912109 28121.831926345825 30046.21727180481
leaf_count=1469 99 249 2493 227 183 85
internal_value=-0.000299559 -0.000629641 0.00109487 0.0074462 -0.00312341 0.00598459
internal_weight=1.31154e+06 1.29541e+06 890720 164303 71407.1 43285.3
internal_count=4805 4706 3237 744 517 334
is_linear=0
shrinkage=0.03


Tree=136
num_leaves=7
num_cat=0
split_feature=14 16 14 14 3 14
split_gain=12061 11102.7 11064.2 24307.3 20015.9 14148.9
threshold=1.4339674717983921 1.0467215430128654 1.100296031110646 1.1281809128220688 1.0000000180025095e-35 1.2408245199630619
decision_type=10 10 10 10 2 10
left_child=1 -1 4 -4 -3 -5
right_child=-2 2 3 5 -6 -7
leaf_value=2.9285373029184522e-05 0.0015422242608047771 -0.00011960902414733695 0.00045547794854369214 -8.0891606407960164e-05 0.00012200664663490195 4.4689202249945658e-05
leaf_weight=843570.37950801849 19485.275926589966 236109.60663414001 33276.209579467773 29129.536800384521 124457.59374237061 45508.730304718018
leaf_count=3710 180 364 63 65 310 104
internal_value=-0.000585358 -0.000933347 -0.00463649 0.00379068 -0.00715868 -0.0057163
internal_weight=1.33154e+06 1.31205e+06 468482 107914 360567 74638.3
internal_count=4796 4616 906 232 674 169
is_linear=0
shrinkage=0.03


Tree=137
num_leaves=7
num_cat=0
split_feature=0 16 12 13 12 12
split_gain=13484 11711.4 10652.6 9651.29 9527.84 8066.13
threshold=7.5000000000000009 1.0655251995251278 1.5289988241803774 0.90546942226191041 1.1693505096152683 1.2716800630866065
decision_type=2 10 10 10 10 10
left_child=1 3 -2 -1 -3 -6
right_child=2 4 -4 -5 5 -7
leaf_value=-1.3202733660967761e-05 3.5269382099483656e-05 -1.7634464894480697e-05 0.00039093044056605738 0.0014989633337414341 -0.00041177153503184615 -6.2976010125996153e-05
leaf_weight=771441.76534175873 349929.55990219116 64292.537302017212 33427.071125030518 12174.149169921875 58618.273895263672 47083.672597885132
leaf_count=2938 1190 139 197 76 87 192
internal_value=-0.000372316 -0.00228254 0.0043794 -0.00073404 -0.00942038 -0.0149593
internal_weight=1.33697e+06 953610 383357 783616 169994 105702
internal_count=4819 3432 1387 3014 418 279
is_linear=0
shrinkage=0.03


Tree=138
num_leaves=7
num_cat=0
split_feature=14 3 10 13 12 0
split_gain=17951.8 15129.5 11620.2 10112.3 10359.9 9673.46
threshold=1.0914695316578398 1.0000000180025095e-35 1.0000000180025095e-35 0.73222435404061159 1.1460866247694821 6.5000000000000009
decision_type=10 2 2 10 8 2
left_child=5 2 -2 4 -3 -1
right_child=1 3 -4 -5 -6 -7
leaf_value=-7.0815299455729953e-05 0.0003069458527323765 2.2461523997935297e-05 -8.6301783288868906e-05 0.001690207029515558 -0.00058108229553724075 3.0047788565419481e-05
leaf_weight=704068.68741798401 105174.81233978271 33055.858245849609 15007.690418243408 8062.0167140960693 26497.816715240479 437312.7000617981
leaf_count=2443 355 157 61 45 198 1527
internal_value=-9.05518e-05 0.00850448 0.0148912 -0.00284773 -0.00711699 -0.00150477
internal_weight=1.32918e+06 187798 120183 67615.7 59553.7 1.14138e+06
internal_count=4786 816 416 400 355 3970
is_linear=0
shrinkage=0.03


Tree=139
num_leaves=7
num_cat=0
split_feature=14 0 12 15 15 14
split_gain=13273.6 9483.83 8012.48 6776.79 17017.6 13294.3
threshold=1.4339674717983921 3.5000000000000004 1.5289988241803774 0.048189136147402965 0.050780791744762903 1.0680501303968397
decision_type=10 2 10 2 2 10
left_child=1 -1 3 5 -5 -3
right_child=-2 2 -4 4 -6 -7
leaf_value=-7.2266273224772291e-05 0.0014283720215288826 -9.6497967046010823e-05 0.00025629571409615224 0.00027522692661571612 -1.275960380847777e-05 0.00010413586891378915
leaf_weight=402115.55160713196 21984.180688858032 292063.9369430542 69357.500394821167 142644.54585266113 299170.44009399414 94696.482040405273
leaf_count=1419 172 465 397 204 1910 152
internal_value=8.48826e-05 -0.000306064 0.00140863 0.000588695 0.00312713 -0.00231108
internal_weight=1.32203e+06 1.30005e+06 897933 828575 441815 386760
internal_count=4719 4547 3128 2731 2114 617
is_linear=0
shrinkage=0.03


Tree=140
num_leaves=7
num_cat=0
split_feature=13 7 3 15 8 13
split_gain=13110.7 10246.2 9744.83 10903.7 10560.5 10487.3
threshold=1.1028912506691528 1.0000000180025095e-35 1.0000000180025095e-35 0.033876139740651644 1.6000000000000003 0.0069290934458988386
decision_type=10 2 2 2 2 10
left_child=1 2 3 -1 5 -4
right_child=-2 -3 4 -5 -6 -7
leaf_value=-0.00027970178530351935 0.001494613550202088 3.8513437173002872e-05 6.2866684342662698e-06 -8.8947731690744628e-05 0.0004899880751756345 -0.00045857668804289754
leaf_weight=54846.976623535156 16361.585391998291 498247.25946807861 202322.02289009094 473422.81261825562 58544.353680610657 18860.500665664673
leaf_count=57 92 1813 1049 1404 296 91
internal_value=-0.000851462 -0.0011858 -0.00327223 -0.00566963 0.00125532 -0.00174366
internal_weight=1.32261e+06 1.30624e+06 807997 528270 279727 221183
internal_count=4802 4710 2897 1461 1436 1140
is_linear=0
shrinkage=0.03


Tree=141
num_leaves=7
num_cat=0
split_feature=13 12 12 11 7 12
split_gain=12877.6 10403.3 13361.8 12432.3 13302.3 9778.48
threshold=1.1028912506691528 1.1606563820490996 1.2716800630866065 1.0000000180025095e-35 1.5000000000000002 1.1093054004242737
decision_type=10 10 10 2 2 10
left_child=1 3 -3 4 -1 -6
right_child=-2 2 -4 -5 5 -7
leaf_value=-7.2770647447096546e-06 0.0012823212498716628 -0.0002439956613351072 -5.8558815488591545e-06 0.0042505120260464676 0.00018230051117363054 0.00076296003697595347
leaf_weight=784186.61956214905 16416.498830795288 181761.13677406311 260722.96413040161 13594.894749641418 42274.861164093018 23296.603813171387
leaf_count=2933 92 261 1206 55 174 46
internal_value=-0.000539422 -0.000871423 -0.00461171 0.00104556 0.000590126 0.01357
internal_weight=1.32225e+06 1.30584e+06 442484 863353 849758 65571.5
internal_count=4767 4675 1467 3208 3153 220
is_linear=0
shrinkage=0.03


Tree=142
num_leaves=7
num_cat=0
split_feature=13 15 16 7 12 15
split_gain=14674 13977.6 18947.4 7514.05 9369.21 6994.53
threshold=0.8281396770149918 0.038819155839050913 1.0753638324215993 1.5000000000000002 1.1693505096152683 0.032249317692343661
decision_type=10 2 8 2 8 2
left_child=1 2 -1 -3 -5 -4
right_child=-2 3 5 4 -6 -7
leaf_value=-0.00020768971952493036 0.00059276004193786085 -3.3308361509643179e-07 0.00022393856756611717 0.000675779567693684 -6.0084733469271379e-05 -7.7245411079791934e-05
leaf_weight=122467.84997558594 30062.931856155396 1037807.9355611801 31175.034576416016 32609.383195877075 31586.751735687256 43894.1875
leaf_count=128 145 4086 67 110 162 93
internal_value=-0.000236183 -0.000715573 -0.00806414 0.000601708 0.0105616 0.00380302
internal_weight=1.3296e+06 1.29954e+06 197537 1.102e+06 64196.1 75069.2
internal_count=4791 4646 288 4358 272 160
is_linear=0
shrinkage=0.03


Tree=143
num_leaves=7
num_cat=0
split_feature=13 15 8 14 14 14
split_gain=12771.5 8394.4 6525.2 11682.6 7139.6 17336.4
threshold=0.8281396770149918 0.028612134319168866 0.35000000000000003 0.96502995123221536 1.0914695316578398 1.1068849337467095
decision_type=10 2 2 8 10 10
left_child=1 -1 4 -4 -3 -6
right_child=-2 2 3 -5 5 -7
leaf_value=-0.00014991567375367699 0.0006021262945395165 -5.5457083159564746e-05 -0.00057754910749274312 6.2123276785609069e-05 0.00038938613868567587 -1.0954922051447581e-05
leaf_weight=27142.745422363281 27408.799524307251 867470.62149333954 17468.850038528442 271024.40933132172 32974.692956924438 63481.885848999023
leaf_count=28 139 3026 106 937 82 452
internal_value=-0.000121001 -0.000555071 -0.000197323 0.00376083 -0.00138197 0.00636062
internal_weight=1.30697e+06 1.27956e+06 1.25242e+06 288493 963927 96456.6
internal_count=4770 4631 4603 1043 3560 534
is_linear=0
shrinkage=0.03


Tree=144
num_leaves=7
num_cat=0
split_feature=13 0 12 12 12 7
split_gain=12876.1 10582.3 7759.05 7283 11934.5 7448.69
threshold=1.1028912506691528 4.5000000000000009 1.5289988241803774 1.1093054004242737 1.0982699792095445 1.0000000180025095e-35
decision_type=10 2 10 8 10 2
left_child=1 -1 3 4 5 -3
right_child=-2 2 -4 -5 -6 -7
leaf_value=-5.401818409400184e-05 0.001293953599584758 -3.6031978067444046e-05 0.00027217044933559306 -1.0912463296363638e-05 0.00027754994300280928 0.00017376236504017248
leaf_weight=529378.81468868256 16382.361667633057 29186.494760513306 63094.653770446777 568956.12888717651 84947.894142150879 24135.662046432495
leaf_count=1937 98 242 359 1772 194 175
internal_value=0.000280616 -5.25822e-05 0.00219149 0.00129214 0.00746752 -0.00365683
internal_weight=1.31608e+06 1.2997e+06 770321 707226 138270 53322.2
internal_count=4777 4679 2742 2383 611 417
is_linear=0
shrinkage=0.03


Tree=145
num_leaves=7
num_cat=0
split_feature=13 0 15 14 14 12
split_gain=13319.7 9057.37 7647.15 22637.3 9992.86 13722.3
threshold=0.90546942226191041 3.5000000000000004 0.038819155839050913 1.0617029765483477 1.01219325703209 1.1460866247694821
decision_type=10 2 2 8 8 10
left_child=1 -1 3 -3 5 -4
right_child=-2 2 4 -5 -6 -7
leaf_value=-8.6875278391073605e-05 0.0013491092344090469 -0.00025887916456989 0.00012094803141224246 6.536011968169443e-05 -2.0690025540030906e-05 -1.1027024593318162e-05
leaf_weight=400279.56359481812 17047.035371780396 69331.880004882812 100019.280169487 74154.205047607422 554295.79330730438 105986.79835128784
leaf_count=1430 132 81 406 128 2146 488
internal_value=-0.00103441 -0.00137887 0.000285015 -0.00606709 0.00148383 0.00712537
internal_weight=1.32111e+06 1.30407e+06 903788 143486 760302 206006
internal_count=4811 4679 3249 209 3040 894
is_linear=0
shrinkage=0.03


Tree=146
num_leaves=7
num_cat=0
split_feature=13 7 15 8 9 13
split_gain=12750.1 11244.9 12520.3 7642.59 8300.27 17890.8
threshold=0.90546942226191041 1.0000000180025095e-35 0.028612134319168866 3.3500000000000001 0.95000000000000007 0.052899882418037725
decision_type=10 2 2 2 2 10
left_child=1 2 -1 4 5 -3
right_child=-2 3 -4 -5 -6 -7
leaf_value=-0.00016284615957652915 0.0014278173028814162 1.9121525006564731e-05 -4.2580306529624853e-05 0.001651037557902773 -0.00017608364483272799 0.00091294395628041872
leaf_weight=23070.945922851562 17253.240827560425 409074.0973739624 782081.82589149475 25384.86855506897 24759.373491287231 27166.017967224121
leaf_count=24 132 1529 2788 92 92 67
internal_value=-0.000624141 -0.000966422 -0.0031421 0.00263515 0.0017526 0.00271168
internal_weight=1.30879e+06 1.29154e+06 805153 486384 460999 436240
internal_count=4724 4592 2812 1780 1688 1596
is_linear=0
shrinkage=0.03


Tree=147
num_leaves=7
num_cat=0
split_feature=13 0 14 8 12 15
split_gain=11517.3 7399.76 9256.7 8959.44 10555.6 9868.25
threshold=1.1028912506691528 6.5000000000000009 0.96855461248741614 1.6000000000000003 1.265509476038903 0.042405227101291805
decision_type=10 2 8 2 8 2
left_child=1 2 -1 4 -4 -5
right_child=-2 -3 3 5 -6 -7
leaf_value=-0.00021399575262282832 0.0011282692539387204 3.4093613078260963e-05 4.1204093464278757e-05 0.00063851595546570328 -0.0001247772792469923 9.4281725484290634e-06
leaf_weight=102426.6755399704 15219.854049682617 495298.24006748199 224996.44073677063 19980.677215576172 360881.16012573242 75892.815927505493
leaf_count=533 87 1817 641 37 1334 305
internal_value=-0.000226476 -0.000535129 -0.0023483 -0.00108488 -0.00247611 0.00741653
internal_weight=1.2947e+06 1.27948e+06 784178 681751 585878 95873.5
internal_count=4754 4667 2850 2317 1975 342
is_linear=0
shrinkage=0.03


Tree=148
num_leaves=7
num_cat=0
split_feature=13 8 14 14 15 15
split_gain=12533.3 8417.71 10725.5 18173.8 16692.3 14502
threshold=1.1028912506691528 0.35000000000000003 1.0892946424343755 1.1068849337467095 0.040899204715267111 0.028612134319168866
decision_type=10 2 10 10 2 2
left_child=1 2 5 -4 -5 -1
right_child=-2 -3 3 4 -6 -7
leaf_value=-0.00013190384250000298 0.0012346159040753685 3.7713741852427825e-05 0.00028890970041901316 0.00021949665332593021 -7.7420574972737242e-05 -5.6816915985062816e-05
leaf_weight=17558.181518554688 15802.785369873047 312305.65452384949 51619.814914703369 11354.874816894531 59968.524419784546 864239.0166683197
leaf_count=18 90 1100 116 16 425 2981
internal_value=-0.000190531 -0.00050924 -0.00184639 0.00645453 -0.00335814 -0.00300377
internal_weight=1.33285e+06 1.31705e+06 1.00474e+06 122943 71323.4 881797
internal_count=4746 4656 3556 557 441 2999
is_linear=0
shrinkage=0.03


Tree=149
num_leaves=7
num_cat=0
split_feature=14 7 14 15 15 0
split_gain=11634.2 8411.15 13771.2 13653.4 8027.59 6739.8
threshold=1.4339674717983921 1.5000000000000002 1.0305868273461383 0.04854845155040257 0.060785732231722706 3.5000000000000004
decision_type=10 2 10 2 2 2
left_child=1 5 3 -3 -5 -1
right_child=-2 2 -4 4 -6 -7
leaf_value=-9.5309288716701674e-05 0.001130236421415602 -0.00019521335157139547 0.00069844984771107231 0.0009086908101271742 -0.0010128708224636709 7.2257847831799131e-06
leaf_weight=381110.57441711426 23103.44317817688 21449.552124023438 33986.121288299561 14376.015258789062 8548.5825481414795 829368.60095691681
leaf_count=1356 185 31 112 26 113 2982
internal_value=-4.29093e-05 -0.00042119 0.00910382 -0.00190284 0.0141923 -0.00103783
internal_weight=1.31194e+06 1.28884e+06 78360.3 44374.1 22924.6 1.21048e+06
internal_count=4805 4620 282 170 139 4338
is_linear=0
shrinkage=0.03


Tree=150
num_leaves=7
num_cat=0
split_feature=16 14 14 14 14 14
split_gain=10204.7 8757.43 7263.61 14385.9 7809.44 10044.9
threshold=1.0655251995251278 1.2235486479502535 0.98276316075988746 0.94607194311368847 1.0086521194667821 1.1008288912606925
decision_type=10 10 10 10 10 10
left_child=1 -1 3 -2 -4 -6
right_child=2 -3 4 -5 5 -7
leaf_value=5.5394869236088678e-06 8.3891290380178067e-06 0.00049307861026182446 3.0441616815707555e-05 -0.00041696701430576991 -0.00010852701253802281 1.6914786272427854e-05
leaf_weight=1039959.4959774017 15599.292194366455 44343.045667648315 38359.618890762329 41732.754482269287 77108.006582260132 69917.162342071533
leaf_count=3867 121 369 69 82 112 198
internal_value=-0.000385743 0.000858942 -0.0059461 -0.0152779 -0.00305982 -0.00620493
internal_weight=1.32702e+06 1.0843e+06 242717 57332 185385 147025
internal_count=4818 4236 582 203 379 310
is_linear=0
shrinkage=0.03


Tree=151
num_leaves=7
num_cat=0
split_feature=14 15 16 15 15 15
split_gain=12173.8 8858.87 5837.57 5872.18 18173.8 15212.3
threshold=1.4339674717983921 0.028612134319168866 1.0825028702192958 0.051094601912366019 0.051287753476713001 0.048852481607943997
decision_type=10 2 10 2 2 2
left_child=1 -1 3 5 -5 -3
right_child=-2 2 -4 4 -6 -7
leaf_value=-0.00010423962804510944 0.001133795102463736 -1.1916941860168532e-05 -0.0002591795439574191 -6.3105861688616876e-05 -1.8345045187385292e-05 0.00017446126538547967
leaf_weight=31044.563537597656 22262.238983154297 594409.30870056152 35718.459018707275 48918.539611816406 422576.42685699463 159390.07563781738
leaf_count=32 180 945 249 55 3061 251
internal_value=-0.000590676 -0.000969704 -0.000579906 -0.000231381 -0.00285734 0.00141114
internal_weight=1.31432e+06 1.29206e+06 1.26101e+06 1.22529e+06 471495 753799
internal_count=4773 4593 4561 4312 3116 1196
is_linear=0
shrinkage=0.03


Tree=152
num_leaves=7
num_cat=0
split_feature=14 12 14 15 16 8
split_gain=9007.88 9567.35 10733.6 11700.6 11486.7 11478.2
threshold=1.4339674717983921 1.1606563820490996 1.0330184484492471 0.031909852228532147 1.0417499045276155 1.0000000180025095e-35
decision_type=10 10 8 2 8 2
left_child=1 2 4 -4 -1 -5
right_child=-2 -3 3 5 -6 -7
leaf_value=-0.00039596260274849432 0.0010341888664364503 -4.792028006344262e-05 0.00034085956099327782 -7.3272192917693944e-05 0.00011981427447453011 9.5978487357073787e-05
leaf_weight=31590.553269386292 19586.577150344849 444026.06738090515 23321.890563964844 460663.40822887421 137625.1200428009 194573.75106525421
leaf_count=419 174 1450 49 1657 269 756
internal_value=-0.000510011 -0.000816206 0.00105225 -0.000633464 0.00781184 -0.00137675
internal_weight=1.31139e+06 1.2918e+06 847775 678559 169216 655237
internal_count=4774 4600 3150 2462 688 2413
is_linear=0
shrinkage=0.03


Tree=153
num_leaves=7
num_cat=0
split_feature=14 15 14 7 14 15
split_gain=12260.7 7640.19 18840.5 9767.93 11159.9 14613
threshold=1.4339674717983921 0.038819155839050913 1.0914695316578398 1.5000000000000002 1.0305868273461383 0.04854845155040257
decision_type=10 2 8 2 10 2
left_child=1 2 -1 -3 5 -5
right_child=-2 3 -4 4 -6 -7
leaf_value=-0.00017584996832891136 0.0010666561013984799 -5.1476961916491992e-06 5.7090437618620978e-05 -0.00017226171414040832 0.00086077649581091712 0.00095010100208988845
leaf_weight=109533.1474609375 22845.885898590088 1044158.9163284302 86521.939086914062 13642.884552001953 26456.081399917603 22910.391044616699
leaf_count=127 182 4031 156 17 106 133
internal_value=-0.000372444 -0.000754418 -0.00621294 0.00021219 0.0116826 0.000940786
internal_weight=1.32607e+06 1.30322e+06 196055 1.10717e+06 63009.4 36553.3
internal_count=4752 4570 283 4287 256 150
is_linear=0
shrinkage=0.03


Tree=154
num_leaves=7
num_cat=0
split_feature=15 16 7 15 12 12
split_gain=9424.35 13442.1 8543.23 9651.36 7653.29 17912.4
threshold=0.036734143736071978 1.052111716826343 1.5000000000000002 0.041614332372467179 1.0982699792095445 1.1093054004242737
decision_type=2 10 2 2 8 8
left_child=1 -1 4 -4 -2 -6
right_child=2 -3 3 -5 5 -7
leaf_value=9.970230577320213e-05 -5.549805336146728e-05 -0.00017113277362843513 -7.25473410455242e-05 0.00044057928822477328 0.00024649510701104592 -7.5332891585575054e-06
leaf_weight=58138.294891357422 105403.89121246338 95832.651184082031 13634.011596679688 58192.397035598755 119055.38663482666 886619.04797267914
leaf_count=118 711 100 20 265 288 3245
internal_value=-0.000317126 -0.00729863 0.000591638 0.0106187 -5.66099e-05 0.000749473
internal_weight=1.33688e+06 153971 1.1829e+06 71826.4 1.11108e+06 1.00567e+06
internal_count=4747 218 4529 285 4244 3533
is_linear=0
shrinkage=0.03


Tree=155
num_leaves=7
num_cat=0
split_feature=13 16 15 16 16 12
split_gain=10101.7 7614 13390.6 12258.3 8825.51 7754.86
threshold=1.1028912506691528 1.0467215430128654 0.033876139740651644 1.0498483685467155 1.0741876549771825 1.0982699792095445
decision_type=10 10 2 10 10 10
left_child=1 5 -3 -4 -5 -1
right_child=-2 2 3 4 -6 -7
leaf_value=-2.4389451976254972e-05 0.00087819945365156995 -0.000156529518044983 -0.00012348213263467568 2.258846015436921e-05 -0.0002428638837322985 0.00013388956142791015
leaf_weight=559905.67444610596 17035.92360496521 83830.433166503906 31810.150756835938 276625.68498802185 59397.940925598145 269225.08510780334
leaf_count=2508 95 87 35 471 305 1237
internal_value=-0.000452199 -0.000757489 -0.00389141 -0.00142536 0.000259787 0.000949712
internal_weight=1.29783e+06 1.28079e+06 451664 367834 336024 829131
internal_count=4738 4643 898 811 776 3745
is_linear=0
shrinkage=0.03


Tree=156
num_leaves=7
num_cat=0
split_feature=13 15 14 12 14 16
split_gain=13319.3 9575.04 27375.1 6716.16 11277.7 10629.2
threshold=0.8281396770149918 0.03347175610648883 1.1306175073602398 1.0982699792095445 1.0535599432888179 1.0498483685467155
decision_type=10 2 8 8 10 8
left_child=1 2 -1 4 5 -3
right_child=-2 3 -4 -5 -6 -7
leaf_value=-0.00017631233326954819 0.00040582152596061269 -2.4883733802902098e-05 0.0001899362822817058 3.1313698783611287e-06 -0.00011596628104695796 0.00019998606511358285
leaf_weight=79315.723999023438 28564.922658920288 48638.578416824341 39051.034851074219 1049997.8833398819 40769.196083068848 24977.31192779541
leaf_count=91 137 403 69 3638 228 139
internal_value=-0.000800359 -0.00125158 -0.0093807 -0.000425165 -0.00732809 -0.000317639
internal_weight=1.31131e+06 1.28275e+06 118367 1.16438e+06 114385 73615.9
internal_count=4705 4568 160 4408 770 542
is_linear=0
shrinkage=0.03


Tree=157
num_leaves=7
num_cat=0
split_feature=13 12 11 14 16 15
split_gain=9680.31 9785.89 13095.5 13575.7 13309.8 10646.5
threshold=0.90546942226191041 1.1693505096152683 1.0000000180025095e-35 1.0330184484492471 1.0417499045276155 0.031909852228532147
decision_type=10 10 2 8 8 2
left_child=1 2 3 4 -1 -5
right_child=-2 -3 -4 5 -6 -7
leaf_value=-0.00048173688329180425 0.0011491192478040456 -4.7043452464847927e-05 0.0039709161765237805 0.00030410928358620308 0.00013985601356239225 -3.7161576252080252e-05
leaf_weight=32022.168437957764 16226.900035858154 402507.59636878967 14597.300024986267 23002.884399414062 161016.91288757324 652769.15425872803
leaf_count=423 129 1368 58 48 304 2410
internal_value=-0.000166612 -0.000457222 0.00130931 0.000835775 0.00785211 -0.00116853
internal_weight=1.30214e+06 1.28592e+06 883408 868811 193039 675772
internal_count=4740 4611 3243 3185 727 2458
is_linear=0
shrinkage=0.03


Tree=158
num_leaves=7
num_cat=0
split_feature=16 13 7 8 13 13
split_gain=8108.1 6859.38 6499.01 6587.21 8193.04 11679.7
threshold=1.0825028702192958 0.90546942226191041 1.5000000000000002 0.35000000000000003 0.052899882418037725 0.025095141727727026
decision_type=10 10 2 2 10 10
left_child=1 2 3 4 5 -1
right_child=-2 -3 -4 -5 -6 -7
leaf_value=-4.7409957693897553e-05 -0.00027833127774174805 0.00076836238590097434 0.00014369241124731933 2.829272488039497e-05 0.00038071243764010028 -0.00056496925762586771
leaf_weight=850026.42531490326 37059.106742858887 12621.971164703369 73738.02198600769 298181.72970867157 14870.855913162231 14614.299436569214
leaf_count=3005 271 102 262 1034 47 42
internal_value=-0.000805708 -0.000400182 -0.000622166 -0.00116315 -0.00246954 -0.00284932
internal_weight=1.30111e+06 1.26405e+06 1.25143e+06 1.17769e+06 879512 864641
internal_count=4763 4492 4390 4128 3094 3047
is_linear=0
shrinkage=0.03


Tree=159
num_leaves=7
num_cat=0
split_feature=8 12 12 12 14 14
split_gain=10168.7 14065 13318.7 8521.05 22097.6 18015.6
threshold=0.35000000000000003 1.0982699792095445 1.1093054004242737 1.1693505096152683 1.0330184484492471 1.0680501303968397
decision_type=2 8 8 8 10 10
left_child=3 -2 -3 4 -1 -5
right_child=1 2 -4 5 -6 -7
leaf_value=0.00021593388696687573 -2.3015653374319352e-05 0.00098955417521881723 3.424824062727705e-05 -0.00012607903455906261 -7.7128944361023379e-05 0.00019990061343179224
leaf_weight=164885.37030029297 28813.314905166626 30237.869453430176 274484.06731128693 581755.97343540192 133448.8715057373 99739.167016983032
leaf_count=633 218 70 896 2104 415 387
internal_value=-0.000241985 0.00428242 0.00617686 -0.00178211 0.00244622 -0.00363313
internal_weight=1.31336e+06 333535 304722 979829 298334 681495
internal_count=4723 1184 966 3539 1048 2491
is_linear=0
shrinkage=0.03


Tree=160
num_leaves=7
num_cat=0
split_feature=13 7 12 12 14 14
split_gain=8669.66 7483.53 9310.86 13039.8 15864.6 10134.6
threshold=0.8281396770149918 1.0000000180025095e-35 1.0982699792095445 1.123698600417522 1.0463392515326024 0.94334000820062025
decision_type=10 2 8 8 8 8
left_child=1 2 -1 4 -4 -5
right_child=-2 -3 3 5 -6 -7
leaf_value=-9.7887142190941956e-05 0.00014071575039012072 2.8663089626843605e-05 0.00020979784878816712 0.00018782522145628153 -7.4600432848033306e-05 -0.00011419104797769372
leaf_weight=68163.33397102356 27306.743318557739 504284.01051616669 88080.796485900879 39952.8076171875 62227.21085357666 557353.99022865295
leaf_count=479 148 1821 159 293 133 1790
internal_value=-0.000817026 -0.00116316 -0.0029391 -0.0019713 0.00592671 -0.00395881
internal_weight=1.34737e+06 1.32006e+06 815778 747615 150308 597307
internal_count=4823 4675 2854 2375 292 2083
is_linear=0
shrinkage=0.03


Tree=161
num_leaves=7
num_cat=0
split_feature=12 12 12 8 14 14
split_gain=10678.9 11513.2 18510.1 11936.3 12489.9 19005
threshold=1.0982699792095445 1.1693505096152683 1.2716800630866065 1.6000000000000003 1.0305868273461383 1.0050075219070154
decision_type=8 8 8 2 10 10
left_child=-1 -2 -3 4 5 -4
right_child=1 2 3 -5 -6 -7
leaf_value=-4.9324054930326242e-05 9.6393344439241137e-05 -0.00019942009954637512 -2.4715137247105197e-05 0.00094342226189237906 0.00030068802543835001 -0.00018276536440303627
leaf_weight=111019.38529205322 264778.22438812256 168092.52145195007 490098.63754749298 129528.17555618286 104719.12573814392 41792.769638061523
leaf_count=785 596 246 2039 510 502 73
internal_value=-6.29174e-05 0.000761298 -0.000803738 0.00117425 -0.000514847 -0.00237937
internal_weight=1.31003e+06 1.19901e+06 934231 766139 636611 531891
internal_count=4751 3966 3370 3124 2614 2112
is_linear=0
shrinkage=0.03


Tree=162
num_leaves=7
num_cat=0
split_feature=13 7 12 16 12 12
split_gain=10495.1 7870.27 7347.44 13466.5 11371.1 11971.9
threshold=1.7456961197952447 1.0000000180025095e-35 1.0982699792095445 0.94920380879177202 1.1693505096152683 1.4296333077027557
decision_type=10 2 8 10 8 8
left_child=1 2 3 -1 -4 -6
right_child=-2 -3 4 -5 5 -7
leaf_value=0.00020737934926165396 0.00089996574099054883 4.1287125582785517e-05 3.7552207086016652e-05 -0.00013178184221165855 -0.00016454291569114785 -3.1635834771508656e-05
leaf_weight=17581.797653198242 13200.827005386353 490687.59536647797 178149.03360748291 47664.030166625977 157039.09366226196 414846.09819316864
leaf_count=235 47 1796 405 245 317 1745
internal_value=-0.000483714 -0.00075279 -0.00255954 -0.0122152 -0.00171951 -0.00378118
internal_weight=1.31917e+06 1.30597e+06 815280 65245.8 750034 571885
internal_count=4790 4743 2947 480 2467 2062
is_linear=0
shrinkage=0.03


Tree=163
num_leaves=7
num_cat=0
split_feature=14 7 3 12 12 14
split_gain=9516.65 8623.62 6743.84 9417.42 10891.7 19599.4
threshold=1.3693105224658562 1.0000000180025095e-35 1.0000000180025095e-35 1.4982042974990588 1.1693505096152683 1.0305868273461383
decision_type=10 2 2 10 10 8
left_child=1 2 3 4 5 -1
right_child=-2 -3 -4 -5 -6 -7
leaf_value=0.00010689100074322444 0.00102629504722909 4.7552277730735777e-05 1.257079288228128e-05 0.00017596083669264175 -0.00015069958505506821 -0.00022688237660728052
leaf_weight=89156.948049545288 23539.916746139526 500996.00787448883 288540.10136222839 43918.046434402466 120501.31350517273 257768.10311317444
leaf_count=243 220 1713 1453 244 186 742
internal_value=-0.000264319 -0.000606437 -0.00253952 -0.00460873 -0.00585669 -0.00315767
internal_weight=1.32442e+06 1.30088e+06 799885 511344 467426 346925
internal_count=4801 4581 2868 1415 1171 985
is_linear=0
shrinkage=0.03


Tree=164
num_leaves=7
num_cat=0
split_feature=13 15 7 15 12 15
split_gain=11798.6 6853.9 6175.27 14027.8 6508.86 5235.13
threshold=0.8281396770149918 0.028612134319168866 1.5000000000000002 0.041614332372467179 1.1693505096152683 0.04854845155040257
decision_type=10 2 2 2 8 2
left_child=1 -1 -3 -4 -5 -6
right_child=-2 2 3 4 5 -7
leaf_value=-5.5384417160990739e-05 0.00017385452000554246 -8.8711603498786814e-06 -7.2538178402342123e-05 0.00073113865777379181 -0.00019865438564667758 0.00057567338280857755
leaf_weight=27948.218566894531 28779.863796234131 1202608.6781606674 21163.633239746094 29559.836490631104 10472.075531005859 18412.576047897339
leaf_count=29 145 4313 32 102 15 138
internal_value=-0.000225186 -0.000642603 -0.000322225 0.00776943 0.0153472 0.00521789
internal_weight=1.33894e+06 1.31017e+06 1.28222e+06 79608.1 58444.5 28884.7
internal_count=4774 4629 4600 287 255 153
is_linear=0
shrinkage=0.03


Tree=165
num_leaves=7
num_cat=0
split_feature=15 14 0 7 15 16
split_gain=10735.2 17317 8456.75 9042.89 9135.34 6322.35
threshold=0.039230364345783843 1.0914695316578398 3.5000000000000004 1.5000000000000002 0.043264706857776829 1.052111716826343
decision_type=2 8 2 2 2 10
left_child=1 5 3 4 -2 -1
right_child=2 -3 -4 -5 -6 -7
leaf_value=-4.9103916376982157e-05 0.00016393931979884923 5.7989979274908048e-05 4.5152497929432987e-05 0.00020636021988335073 -0.00010776560055620665 -0.00016163872392348989
leaf_weight=44302.031555175781 42662.619300842285 90442.688629150391 768944.28196048737 19653.412565231323 288730.91706752777 70762.822692871094
leaf_count=56 74 160 3066 81 1248 80
internal_value=-0.000387829 -0.00669048 0.000768671 -0.00308946 -0.00426212 -0.014411
internal_weight=1.3255e+06 205508 1.11999e+06 351047 331394 115065
internal_count=4765 296 4469 1403 1322 136
is_linear=0
shrinkage=0.03


Tree=166
num_leaves=7
num_cat=0
split_feature=13 15 14 0 16 7
split_gain=13808.5 10096.8 20938.5 11185.6 9049.65 7689.06
threshold=0.90546942226191041 0.038819155839050913 1.1306175073602398 6.5000000000000009 1.0753638324215993 1.5000000000000002
decision_type=10 2 8 2 10 2
left_child=1 2 -1 4 5 -3
right_child=-2 3 -4 -5 -6 -7
leaf_value=-0.00011808772896746089 0.00080745348979427043 -3.6904682530956636e-05 0.00012145969936184947 9.082042825572384e-05 -0.00052106762025410974 0.0004286248159276133
leaf_weight=137137.83270263672 19640.396705627441 606014.07331371307 73124.328430175781 425843.74010562897 29800.268407821655 32616.312313079834
leaf_count=158 131 2324 139 1689 193 139
internal_value=-0.000690478 -0.00106642 -0.00708733 9.05121e-05 -0.00233042 -0.00157631
internal_weight=1.32418e+06 1.30454e+06 210262 1.09427e+06 668431 638630
internal_count=4773 4642 297 4345 2656 2463
is_linear=0
shrinkage=0.03


Tree=167
num_leaves=7
num_cat=0
split_feature=0 14 12 12 5 4
split_gain=10859.4 7549.72 7521.18 10454.3 9126.52 8048.99
threshold=8.5000000000000018 1.3693105224658562 1.1693505096152683 1.2716800630866065 5.004166413209405 5.5000000000000009
decision_type=2 10 10 10 2 2
left_child=1 2 5 -4 -5 -1
right_child=-2 -3 3 4 -6 -7
leaf_value=0.0036030186617538955 0.00011590520627241008 0.00083627383928966165 -0.00026234191072768129 -0.00021185069761202487 1.4151249888352486e-06 -8.3001119617218322e-06
leaf_weight=17264.355521202087 254277.40019989014 18353.496101379395 132785.28106307983 14062.478754043579 184687.42678642273 703748.63440704346
leaf_count=97 914 189 192 53 864 2497
internal_value=-0.000326092 -0.00164942 -0.00198208 -0.00572185 -0.00136739 -0.000262429
internal_weight=1.32518e+06 1.0709e+06 1.05255e+06 331535 198750 721013
internal_count=4806 3892 3703 1109 917 2594
is_linear=0
shrinkage=0.03


Tree=168
num_leaves=7
num_cat=0
split_feature=14 14 14 15 8 14
split_gain=11673.2 13890 12798.4 10877.3 9490.27 8692.28
threshold=1.0914695316578398 1.1068849337467095 1.0842898240257204 0.028612134319168866 3.3500000000000001 1.2235486479502535
decision_type=10 10 10 2 2 10
left_child=2 -2 3 -1 -5 -3
right_child=1 5 -4 4 -6 -7
leaf_value=-8.4031459408923646e-05 0.00034146144062909575 -3.7157537913614825e-05 -0.00027873257904447514 -1.2096362468229284e-05 0.00091225143692662465 0.00022012309106378555
leaf_weight=18533.636047363281 45186.98295211792 67320.344354629517 30569.02042388916 1041944.0778808594 55627.479656219482 70004.14137840271
leaf_count=19 98 237 59 3682 213 460
internal_value=-0.000292806 0.00675401 -0.00141444 -0.000889872 -0.000504967 0.00200629
internal_weight=1.32919e+06 182511 1.14667e+06 1.11611e+06 1.09757e+06 137324
internal_count=4768 795 3973 3914 3895 697
is_linear=0
shrinkage=0.03


Tree=169
num_leaves=7
num_cat=0
split_feature=14 14 15 3 9 16
split_gain=14465.3 14546.3 12959.3 8283.42 12334.5 5892.91
threshold=1.0892946424343755 1.0842898240257204 0.028612134319168866 1.0000000180025095e-35 0.95000000000000007 1.0825028702192958
decision_type=10 10 2 2 2 10
left_child=1 2 -1 4 -2 -5
right_child=3 -3 -4 5 -6 -7
leaf_value=-9.897063455872712e-05 0.0002024021913887365 -0.00034812791043648428 -9.6193831680716756e-06 3.1271953215207924e-05 -6.5848934950929472e-05 -0.00051643816893731653
leaf_weight=17558.181518554688 106951.408411026 17381.46891784668 1079848.5749073029 59512.915050506592 17151.660886764526 9288.9700546264648
leaf_count=18 349 33 3858 376 66 52
internal_value=-0.000215216 -0.00152775 -0.0010964 0.00736969 0.0119983 -0.000979516
internal_weight=1.30769e+06 1.11479e+06 1.09741e+06 192905 124103 68801.9
internal_count=4752 3909 3876 843 415 428
is_linear=0
shrinkage=0.03


Tree=170
num_leaves=7
num_cat=0
split_feature=16 14 14 15 8 15
split_gain=7636.24 9109.9 13898.9 13110.5 9328.08 11302.6
threshold=1.0741876549771825 1.0892946424343755 1.0842898240257204 0.028612134319168866 3.3500000000000001 0.048852481607943997
decision_type=10 10 10 2 2 2
left_child=1 2 3 -1 -5 -6
right_child=-2 -3 -4 4 5 -7
leaf_value=-4.3318184428570161e-05 -0.00021910882702048254 5.553386049643127e-05 -0.00040341888825226222 -1.3297616636765349e-05 0.0011849559407513775 -1.3358064179824176e-05
leaf_weight=17558.181518554688 62758.580392837524 177545.26961326599 16400.685117721558 983188.14150238037 22033.704681396484 32373.701093673706
leaf_count=18 323 722 32 3459 36 174
internal_value=-0.000852281 -0.000339216 -0.00138208 -0.000956048 -0.000520975 0.0115703
internal_weight=1.31186e+06 1.2491e+06 1.07155e+06 1.05515e+06 1.0376e+06 54407.4
internal_count=4764 4441 3719 3687 3669 210
is_linear=0
shrinkage=0.03


Tree=171
num_leaves=7
num_cat=0
split_feature=15 15 12 14 14 14
split_gain=8420.6 17100.2 15413 11603.1 15340.5 10792.9
threshold=0.048852481607943997 0.04962055203771714 1.3315813783272172 0.96298262306421611 0.94607194311368847 1.0050075219070154
decision_type=2 2 10 8 10 8
left_child=2 -2 3 4 -1 -5
right_child=1 -3 -4 5 -6 -7
leaf_value=3.7446694756418127e-05 0.00026933519733140788 -1.6424244239398831e-06 0.00022505709936622317 0.00013549871762685406 -0.0005478637287413857 -5.3276333874679127e-05
leaf_weight=23010.877304077148 92941.172973632812 558665.65275478363 68830.568862915039 85719.24828338623 34360.958557128906 453023.25673675537
leaf_count=68 118 3602 125 136 44 677
internal_value=-0.00054999 0.00187368 -0.00292504 -0.00447707 -0.0173023 -0.00311114
internal_weight=1.31655e+06 651607 664945 596114 57371.8 538743
internal_count=4770 3720 1050 925 112 813
is_linear=0
shrinkage=0.03


Tree=172
num_leaves=7
num_cat=0
split_feature=15 16 14 14 14 14
split_gain=7559.99 6688.12 7497.71 8442.45 7884.07 7859.72
threshold=0.028612134319168866 1.0825028702192958 1.0914695316578398 1.1068849337467095 1.0742246687527095 1.0680501303968397
decision_type=2 10 10 8 10 10
left_child=-1 2 4 -4 5 -2
right_child=1 -3 3 -5 -6 -7
leaf_value=-4.0549379328039473e-05 -4.1351379652441953e-06 -0.0002660278442443931 0.0003215262302196362 5.7060016539527071e-06 -9.4313298963410509e-05 0.00062986166069733506
leaf_weight=33970.927124023438 991198.46018791199 35743.160070419312 44682.662437438965 118344.10691452026 58011.231781005859 30328.376731872559
leaf_count=35 3588 275 100 603 114 53
internal_value=-0.000525192 -0.000153967 0.000214094 0.00621073 -0.000691515 -8.05352e-05
internal_weight=1.31228e+06 1.27831e+06 1.24256e+06 163027 1.07954e+06 1.02153e+06
internal_count=4768 4733 4458 703 3755 3641
is_linear=0
shrinkage=0.03


Tree=173
num_leaves=7
num_cat=0
split_feature=14 14 8 14 14 5
split_gain=6426.45 13377.6 11958.9 7948.97 8594.57 6427.22
threshold=1.0892946424343755 1.0842898240257204 3.3500000000000001 1.1281809128220688 1.2235486479502535 5.004166413209405
decision_type=10 10 2 10 10 2
left_child=1 2 -1 -2 -5 -6
right_child=3 -3 -4 4 5 -7
leaf_value=-2.1207080169471778e-05 9.7912850258772074e-05 -0.00032151290444775268 0.00089402926525488009 -9.791737628288173e-05 -6.4112372750670945e-05 0.00018679488840048057
leaf_weight=1062718.659942627 82692.394184112549 16484.262718200684 59164.413064956665 43606.135633468628 7644.4566688537598 62462.20557975769
leaf_count=3729 236 32 209 132 27 422
internal_value=-0.000604374 -0.00146902 -0.00107475 0.00440706 -0.000739694 0.00576483
internal_weight=1.33477e+06 1.13837e+06 1.12188e+06 196405 113713 70106.7
internal_count=4787 3970 3938 817 581 449
is_linear=0
shrinkage=0.03


Tree=174
num_leaves=7
num_cat=0
split_feature=14 14 14 14 15 11
split_gain=10159.4 12221.4 7578.7 13060.6 8598.74 6819.09
threshold=1.0914695316578398 1.1068849337467095 1.0742246687527095 1.0708016918307643 0.028612134319168866 1.0000000180025095e-35
decision_type=10 10 10 10 2 2
left_child=2 -2 3 4 -1 -6
right_child=1 -3 -4 -5 5 -7
leaf_value=-4.4547172745176832e-05 0.00032254811852020112 7.0772188326545374e-06 -0.00010847830255147739 0.00035101312326383713 -1.7200896761008141e-05 0.0033890093167234124
leaf_weight=16582.726989746094 46999.234607696533 133632.60876274109 66244.709041595459 11981.50170135498 1033495.6293153763 21045.91588973999
leaf_count=17 104 701 123 25 3729 111
internal_value=-0.00071713 0.00589673 -0.00175658 -0.00115409 -0.00150258 -0.00116546
internal_weight=1.32998e+06 180632 1.14935e+06 1.08311e+06 1.07112e+06 1.05454e+06
internal_count=4810 805 4005 3882 3857 3840
is_linear=0
shrinkage=0.03


Tree=175
num_leaves=7
num_cat=0
split_feature=13 7 3 15 8 12
split_gain=5617.88 5946.16 8739.47 16460.2 11158.1 10314.4
threshold=0.8281396770149918 1.0000000180025095e-35 1.0000000180025095e-35 0.033876139740651644 2.2500000000000004 1.1093054004242737
decision_type=10 2 2 2 2 8
left_child=1 2 3 -1 -5 -6
right_child=-2 -3 -4 4 5 -7
leaf_value=-0.00022456027819821032 0.00016762038271817605 2.2863312670425647e-05 2.5259787016337025e-05 -1.1457412761836094e-05 1.5261722849921428e-05 -0.00031302145312464531
leaf_weight=48088.492126464844 23246.108062744141 488659.51145744324 275446.91410064697 396075.63710212708 18755.910522460938 41707.41704750061
leaf_count=50 128 1774 1419 1177 68 101
internal_value=-0.000585217 -0.000853017 -0.00247852 -0.00482451 -0.00306592 -0.0150692
internal_weight=1.29198e+06 1.26873e+06 780074 504627 456539 60463.3
internal_count=4717 4589 2815 1396 1346 169
is_linear=0
shrinkage=0.03


Tree=176
num_leaves=7
num_cat=0
split_feature=16 14 3 14 16 13
split_gain=8032.97 11424.2 18619.5 14121.3 8848.57 8752.58
threshold=1.0467215430128654 1.100296031110646 1.0000000180025095e-35 1.1068849337467095 1.0741876549771825 0.39179212105117417
decision_type=10 10 2 10 10 10
left_child=5 2 -2 -3 -4 -1
right_child=1 3 4 -5 -6 -7
leaf_value=4.8338758403310146e-06 -8.4989337537979049e-05 0.00033869114859066333 0.00024887625204689625 -1.6948983434926493e-06 -0.00019125200545371058 0.00079741530824668262
leaf_weight=828718.99908638 237231.69931411743 16789.197036743164 88256.176193237305 89684.890455245972 38939.03731918335 29270.624364852905
leaf_count=3662 356 22 182 249 135 178
internal_value=-0.000751923 -0.00390031 -0.00642601 0.00474426 0.00283478 0.000976056
internal_weight=1.32889e+06 470901 364427 106474 127195 857990
internal_count=4784 944 673 271 317 3840
is_linear=0
shrinkage=0.03


Tree=177
num_leaves=7
num_cat=0
split_feature=7 14 15 12 14 14
split_gain=7295.81 14686.5 23621.1 7626.05 21191.7 14241
threshold=1.5000000000000002 1.0305868273461383 0.04854845155040257 1.2716800630866065 0.96298262306421611 1.0226973961610917
decision_type=2 10 2 8 8 10
left_child=3 2 -2 4 -1 -6
right_child=1 -3 -4 -5 5 -7
leaf_value=-0.00032987516919492162 -0.00019126567034190582 0.00035867744840394598 0.00087106626732166847 1.5513741719573089e-05 3.8733914579826792e-05 -7.353806283531059e-05
leaf_weight=65767.970718383789 21492.641265869141 33277.822250366211 25760.752407073975 726228.97471046448 230472.53177070618 221046.12505722046
leaf_count=389 31 116 145 2937 533 612
internal_value=-0.00056109 0.00818947 -0.002562 -0.00112781 -0.00391146 -0.00159393
internal_weight=1.32405e+06 80531.2 47253.4 1.24352e+06 517287 451519
internal_count=4763 292 176 4471 1534 1145
is_linear=0
shrinkage=0.03


Tree=178
num_leaves=7
num_cat=0
split_feature=14 16 3 14 14 12
split_gain=10154.4 11483.5 14293.5 10971.5 9796.43 9075.46
threshold=1.0914695316578398 1.0655251995251278 1.0000000180025095e-35 0.98276316075988746 1.1068849337467095 1.0982699792095445
decision_type=10 10 2 10 10 8
left_child=1 5 -3 -4 -2 -1
right_child=4 2 3 -5 -6 -7
leaf_value=-5.1100727898732597e-05 0.00029124190366335375 -0.00011380611120521443 -0.00033686422053136154 0.00027273871454330789 7.4905566441923703e-06 2.901524824967378e-06
leaf_weight=97668.506011962891 50200.094480514526 76625.812631607056 33268.201532363892 54569.565183639526 135155.23148345947 894162.68538093567
leaf_count=577 109 138 127 111 699 3025
internal_value=-0.00094796 -0.00199292 -0.00933469 -0.00107405 0.00557065 -0.00077548
internal_weight=1.34165e+06 1.15629e+06 164464 87837.8 185355 991831
internal_count=4786 3978 376 238 808 3602
is_linear=0
shrinkage=0.03


Tree=179
num_leaves=7
num_cat=0
split_feature=8 14 7 12 3 16
split_gain=9275.34 7766.23 10327.8 11551.5 11985.7 9359.83
threshold=0.35000000000000003 1.0914695316578398 1.5000000000000002 1.1460866247694821 1.0000000180025095e-35 1.0416751333155199
decision_type=2 10 2 10 2 10
left_child=1 -1 3 5 -5 -3
right_child=-2 2 -4 4 -6 -7
leaf_value=-3.8076778356059645e-05 3.5562918509232421e-05 7.0277972744626593e-05 0.0004693919640591115 0.00031122429118215714 -0.00047729875574105765 -9.438173793266074e-05
leaf_weight=909985.24155044556 333180.76798439026 8086.0402126312256 14755.457452774048 47110.120433807373 13555.554738998413 22465.22804069519
leaf_count=3071 1197 127 60 147 145 57
internal_value=-0.000626936 -0.00205143 0.00563455 0.00186715 0.00944305 -0.0131754
internal_weight=1.34914e+06 1.01596e+06 105972 91216.9 60665.7 30551.3
internal_count=4804 3607 536 476 292 184
is_linear=0
shrinkage=0.03


Tree=180
num_leaves=7
num_cat=0
split_feature=14 14 15 8 15 15
split_gain=7201.18 14696.1 9565.01 18303.3 8154.01 9921.8
threshold=1.100296031110646 1.1068849337467095 0.042451038244787277 0.80000000000000016 0.04440030412786309 0.043779207680071618
decision_type=10 10 2 2 2 2
left_child=2 -2 3 -1 5 -4
right_child=1 -3 4 -5 -6 -7
leaf_value=-0.00015602242969560027 0.00033235190702247464 9.1369028802754814e-06 -0.00013354556822063027 0.00013064912081400817 -2.8020712081638378e-06 0.00023576256523223351
leaf_weight=219563.17646026611 28030.411933898926 139892.20809936523 43524.342071533203 48491.573417663574 781791.11391162872 51129.969665527344
leaf_count=327 69 718 89 77 3446 60
internal_value=-9.62966e-05 0.0057051 -0.000947506 -0.00590659 0.000569222 0.00888508
internal_weight=1.31242e+06 167923 1.1445e+06 268055 876445 94654.3
internal_count=4786 787 3999 404 3595 149
is_linear=0
shrinkage=0.03


Tree=181
num_leaves=7
num_cat=0
split_feature=14 14 14 15 14 14
split_gain=6059.18 12279.6 10029.4 9868.15 9836.94 6575.07
threshold=1.0892946424343755 1.0842898240257204 1.1068849337467095 0.028612134319168866 1.1008288912606925 1.2235486479502535
decision_type=10 10 10 2 10 10
left_child=1 3 4 -1 -2 -4
right_child=2 -3 5 -5 -6 -7
leaf_value=-2.5849126950425181e-05 6.2740366590094636e-06 -0.00029167625775862628 -4.5640027390303503e-05 -2.7201995983993793e-06 0.00032930292623335148 0.00018656004614295038
leaf_weight=20484.545104980469 33784.715797424316 14578.084705352783 62935.7982006073 1061539.2603158951 24151.402626037598 70736.060596466064
leaf_count=21 67 30 233 3825 61 483
internal_value=-0.000310289 -0.00117033 0.00461177 -0.000801779 0.0150367 9.30065e-05
internal_weight=1.28821e+06 1.0966e+06 191608 1.08202e+06 57936.1 133672
internal_count=4720 3876 844 3846 128 716
is_linear=0
shrinkage=0.03


Tree=182
num_leaves=7
num_cat=0
split_feature=0 14 15 15 15 14
split_gain=4942.21 6290.13 7354.59 7072.17 8895.83 10666.5
threshold=7.5000000000000009 1.0899336564785185 0.036734143736071978 0.051094601912366019 0.048852481607943997 1.01219325703209
decision_type=2 10 2 2 2 8
left_child=-1 2 -2 4 5 -4
right_child=1 -3 3 -5 -6 -7
leaf_value=-2.0105738850447839e-05 -0.00012230890576006706 0.00018339711674809434 0.00018981624969931107 -3.8726727216636947e-05 0.0003443797554119175 -7.1083054984448781e-05
leaf_weight=946284.68335437775 31948.532623291016 55832.235877990723 43853.570747375488 114393.97120475769 50623.212066650391 71561.571632385254
leaf_count=3389 51 249 79 795 80 101
internal_value=-0.000112068 0.00283683 0.00117906 0.00273284 0.00668716 0.00208801
internal_weight=1.3145e+06 368213 312381 280432 166038 115415
internal_count=4744 1355 1106 1055 260 180
is_linear=0
shrinkage=0.03


Tree=183
num_leaves=7
num_cat=0
split_feature=7 14 2 16 14 9
split_gain=6447.57 8562.33 7467.28 7763.67 14067.8 7366.01
threshold=1.0000000180025095e-35 1.3693105224658562 1.0000000180025095e-35 1.046132868658564 1.0318918125467762 0.95000000000000007
decision_type=2 10 2 10 10 2
left_child=1 -1 3 4 5 -2
right_child=2 -3 -4 -5 -6 -7
leaf_value=-2.4171431606360911e-05 2.7273473437332032e-06 0.00082424788855947183 -0.00053871568237199034 -1.7410404906297474e-05 0.00060394971475811706 0.0012352713783987874
leaf_weight=809714.45808601379 155625.19573879242 19044.826446533203 61637.278232574463 194641.31317329407 53508.616312026978 34522.249925613403
leaf_count=2835 526 137 597 350 241 91
internal_value=-0.000420704 -0.00204381 0.00226998 0.00364493 0.00721349 0.0033893
internal_weight=1.32869e+06 828759 499935 438297 243656 190147
internal_count=4777 2972 1805 1208 858 617
is_linear=0
shrinkage=0.03


Tree=184
num_leaves=7
num_cat=0
split_feature=0 13 13 14 9 3
split_gain=7393.18 9964.52 4650.26 4618.11 8089.14 8581.45
threshold=3.5000000000000004 0.8281396770149918 0.52641658325652074 1.1008288912606925 0.8500000000000002 1.0000000180025095e-35
decision_type=2 10 10 10 2 2
left_child=3 2 -2 -1 5 -5
right_child=1 -3 -4 4 -6 -7
leaf_value=-8.229385210045929e-05 4.0524017569163816e-06 0.00053841283087957949 -0.00024533915498779367 0.00016096145261827838 -7.8692328473847431e-05 -7.6507968473361895e-05
leaf_weight=354378.45985794067 874623.69962215424 22217.261962890625 16289.342914581299 21495.262357711792 13938.854858398438 13152.084529876709
leaf_count=1247 3124 105 55 85 50 88
internal_value=-0.000540484 0.000953208 0.000458259 -0.00392521 0.00474799 0.0125118
internal_weight=1.31609e+06 913130 890913 402965 48586.2 34647.3
internal_count=4754 3284 3179 1470 223 173
is_linear=0
shrinkage=0.03


Tree=185
num_leaves=7
num_cat=0
split_feature=0 14 15 15 12 15
split_gain=5518.21 5267.25 5352.93 12692 10712.9 5384.49
threshold=5.5000000000000009 1.337204318908934 0.051094601912366019 0.048852481607943997 1.4296333077027557 0.04962055203771714
decision_type=2 10 2 2 10 2
left_child=-1 2 3 4 -2 -5
right_child=1 -3 -4 5 -6 -7
leaf_value=-2.4868758079462685e-05 -6.5579493730492751e-06 0.0010850925114451494 -1.8918027202853469e-05 0.00038195803883522947 0.00022736809398056601 6.5791662698142517e-05
leaf_weight=669295.10113334656 260852.17265319824 12348.813165664673 235761.77186775208 42862.442108154297 43767.550163269043 35323.037338256836
leaf_count=2451 412 133 1580 55 69 72
internal_value=-0.00010645 0.00190651 0.00151912 0.00370924 0.000941689 0.0144912
internal_weight=1.30021e+06 630916 618567 382805 304620 78185.5
internal_count=4772 2321 2188 608 481 127
is_linear=0
shrinkage=0.03


Tree=186
num_leaves=7
num_cat=0
split_feature=0 13 16 15 15 3
split_gain=7003.4 8808 7683.34 6734.49 13299 13290.6
threshold=3.5000000000000004 0.8281396770149918 1.0655251995251278 0.043779207680071618 0.04440030412786309 1.0000000180025095e-35
decision_type=2 10 10 2 2 2
left_child=2 3 -1 5 -5 -2
right_child=1 -3 -4 4 -6 -7
leaf_value=-2.5343157763279509e-05 -6.8957217326741642e-05 0.00035142643613403059 -0.00018145563720673244 0.00033385615322496364 2.0655352604780526e-05 0.00018026470693250846
leaf_weight=331558.33638954163 169826.11126708984 18367.24076461792 67435.601594924927 37881.34375 589746.7734041214 101412.8514175415
leaf_count=1289 198 104 175 45 2714 223
internal_value=-7.94327e-05 0.00136386 -0.00339734 0.000943558 0.00265062 -0.00300644
internal_weight=1.31623e+06 917234 398994 898867 627628 271239
internal_count=4748 3284 1464 3180 2759 421
is_linear=0
shrinkage=0.03


Tree=187
num_leaves=7
num_cat=0
split_feature=0 12 14 12 15 14
split_gain=8364.67 10050 6276.25 10606.1 6884.04 7181.21
threshold=6.5000000000000009 1.5289988241803774 0.96855461248741614 1.3315813783272172 0.029173981984485647 0.98457513773568628
decision_type=2 10 8 8 2 8
left_child=2 -2 3 -1 -4 -6
right_child=1 -3 4 -5 5 -7
leaf_value=-0.00023707639673368157 1.4183357253345062e-05 0.00033109078403330446 0.00012137855220933429 7.2534292439372476e-05 0.00026232795860308019 -3.5272050024937721e-05
leaf_weight=67125.789556503296 462206.11150932312 46079.617713928223 20222.766418457031 34329.693099975586 31442.776182174683 650642.18596839905
leaf_count=292 1596 255 37 261 76 2266
internal_value=-0.000365809 0.00264635 -0.00227065 -0.00924529 -0.00126304 -0.00177451
internal_weight=1.31205e+06 508286 803763 101455 702308 682085
internal_count=4783 1851 2932 553 2379 2342
is_linear=0
shrinkage=0.03


Tree=188
num_leaves=7
num_cat=0
split_feature=13 8 8 8 13 13
split_gain=7892.07 5507.89 7921.23 13961.7 12344.7 11404.7
threshold=0.8281396770149918 3.3500000000000001 2.2500000000000004 2.0000000000000004 0.052899882418037725 0.025095141727727026
decision_type=10 2 2 2 10 10
left_child=1 2 3 4 5 -1
right_child=-2 -3 -4 -5 -6 -7
leaf_value=-2.5088668598695093e-05 0.00015402378308751862 0.00046002043218555211 -0.00013641283314843821 0.003376332473892248 6.7649947839140741e-05 -0.0010460146181598933
leaf_weight=1068331.6154909134 27064.254474639893 62858.939510345459 63345.069055557251 12735.693807601929 95788.902292251587 14098.080392837524
leaf_count=3876 137 242 213 43 263 51
internal_value=-0.00103406 -0.00136359 -0.00179789 -0.00124804 -0.0015858 -0.00249931
internal_weight=1.34422e+06 1.31716e+06 1.2543e+06 1.19095e+06 1.17822e+06 1.08243e+06
internal_count=4825 4688 4446 4233 4190 3927
is_linear=0
shrinkage=0.03


Tree=189
num_leaves=7
num_cat=0
split_feature=0 13 16 15 14 14
split_gain=8891.22 8410.9 6289.4 6091.2 19891.5 4884.39
threshold=3.5000000000000004 0.8281396770149918 1.0741876549771825 0.03347175610648883 1.0094554678862944 1.0892946424343755
decision_type=2 10 10 2 8 10
left_child=2 3 -1 4 -2 -5
right_child=1 -3 -4 5 -6 -7
leaf_value=-4.4317356993839352e-05 -0.00018613930528107824 0.00016509070172324812 -0.00045739471372482069 1.7574014273121569e-05 6.5172222524685234e-06 9.94701280405183e-05
leaf_weight=403175.5734167099 32780.734619140625 20889.398582458496 18311.633670806885 726007.84972286224 47434.795867919922 100045.8394947052
leaf_count=1390 41 100 107 2589 70 493
internal_value=-0.000141186 0.00150117 -0.00375391 0.00106731 -0.00682502 0.00183374
internal_weight=1.34865e+06 927159 421487 906269 80215.5 826054
internal_count=4790 3293 1497 3193 111 3082
is_linear=0
shrinkage=0.03


Tree=190
num_leaves=7
num_cat=0
split_feature=14 14 10 3 14 15
split_gain=7805.51 17039.7 8760.67 12474.1 8038.83 9178.25
threshold=1.0857030919366835 1.0842898240257204 1.0000000180025095e-35 1.0000000180025095e-35 1.1073138306264989 0.042273255409590892
decision_type=10 10 2 2 10 2
left_child=1 -1 3 -2 -5 -6
right_child=2 -3 -4 4 5 -7
leaf_value=-3.4327848069115596e-06 0.00016968147914260889 -0.00028435203824555666 -7.1786022868560527e-05 0.00019933936463784993 0.00013764447004690716 -0.00026240954327386818
leaf_weight=1107563.4567222595 108594.95140075684 17918.301452636719 32728.630241394043 12756.997329711914 9878.3979263305664 39063.109140396118
leaf_count=3943 370 19 127 50 22 304
internal_value=2.39562e-06 -0.00097427 0.00541657 0.00814858 -0.00262325 -0.00815202
internal_weight=1.3285e+06 1.12548e+06 203022 170293 61698.5 48941.5
internal_count=4835 3962 873 746 376 326
is_linear=0
shrinkage=0.03


Tree=191
num_leaves=7
num_cat=0
split_feature=13 13 9 8 9 4
split_gain=8154.74 13668.3 13342.9 9062.72 9859.04 13093.2
threshold=0.052899882418037725 0.025095141727727026 0.75000000000000011 1.6000000000000003 0.75000000000000011 5.5000000000000009
decision_type=10 10 2 2 2 2
left_child=1 3 -2 -1 -5 -6
right_child=2 -3 -4 4 5 -7
leaf_value=-2.8014700526207222e-05 0.00019474713158149765 -0.00048653378641531518 -2.8651982201198996e-06 0.0032482402107947084 0.0036922074748360419 -5.5533592690859185e-05
leaf_weight=1032164.3415603638 56318.053810119629 16444.887895584106 130499.30274391174 14237.215911865234 14255.499822616577 74482.008987426758
leaf_count=3730 158 51 370 46 59 360
internal_value=-0.00111737 -0.00206055 0.00469651 -0.0016671 0.00681932 0.00310038
internal_weight=1.3384e+06 1.15158e+06 186817 1.13514e+06 102975 88737.5
internal_count=4774 4246 528 4195 465 419
is_linear=0
shrinkage=0.03


Tree=192
num_leaves=7
num_cat=0
split_feature=14 14 3 15 12 12
split_gain=7759.2 11280.9 7171.17 8151.75 6530.58 7956.09
threshold=1.0914695316578398 1.0842898240257204 1.0000000180025095e-35 0.042273255409590892 1.0882697358021824 1.1460866247694821
decision_type=10 10 2 2 8 8
left_child=1 4 -2 -4 -1 -6
right_child=2 -3 3 -5 5 -7
leaf_value=-0.00063101382681513929 0.00015576003627203167 -0.00020102156930014962 0.00060654799116751409 -6.4919114947784303e-05 3.2655648571728392e-05 -2.6092823351125157e-05
leaf_weight=27946.42612361908 112728.96245765686 26441.079948425293 10875.629257202148 53998.055194854736 264688.36722564697 829967.48085975647
leaf_count=519 385 54 27 383 434 2941
internal_value=1.54844e-05 -0.000886527 0.00585113 -0.00209527 -0.000430287 -6.46531e-05
internal_weight=1.32665e+06 1.14904e+06 177603 64873.7 1.1226e+06 1.09466e+06
internal_count=4743 3948 795 410 3894 3375
is_linear=0
shrinkage=0.03


Tree=193
num_leaves=7
num_cat=0
split_feature=0 12 15 16 5 4
split_gain=6920.24 6738.06 6495.6 6423.5 4824.5 6422.72
threshold=7.5000000000000009 1.5289988241803774 0.051455990270393104 1.0753638324215993 5.004166413209405 5.5000000000000009
decision_type=2 10 2 10 2 2
left_child=3 -2 -3 4 -1 -6
right_child=1 2 -4 -5 5 -7
leaf_value=-8.4350315300297851e-05 2.5544947054417417e-05 0.00031130699978216354 1.9533568092918401e-05 -0.00033919409378733252 0.0018915961378018096 -1.0427321034153785e-05
leaf_weight=17897.399037361145 350661.89614200592 19596.155364990234 17068.36040687561 34364.169164657593 17021.567991256714 878792.17202377319
leaf_count=87 1190 33 166 224 72 3041
internal_value=-0.000272347 0.0031064 0.0153424 -0.00165271 -0.00117378 -0.000865606
internal_weight=1.3354e+06 387326 36664.5 948075 913711 895814
internal_count=4813 1389 199 3424 3200 3113
is_linear=0
shrinkage=0.03


Tree=194
num_leaves=7
num_cat=0
split_feature=0 7 13 8 15 15
split_gain=7878.8 10165.8 8695.7 5950.09 10415.6 5000.06
threshold=2.5000000000000004 1.5000000000000002 0.90546942226191041 1.6000000000000003 0.046719487290476397 0.043779207680071618
decision_type=2 2 10 2 2 2
left_child=1 3 5 -1 -5 -2
right_child=2 -3 -4 4 -6 -7
leaf_value=-0.00015830946775543663 -2.4474636483939599e-05 0.00012772759041932178 0.00089043284077320857 6.6064668009396859e-05 -0.00013875647745205109 1.9182773833761762e-05
leaf_weight=203321.15655994415 327758.23339080811 17255.279750823975 12078.212425231934 18333.427848815918 23073.55909538269 736792.63509368896
leaf_count=753 508 63 94 31 128 3241
internal_value=-0.000602928 -0.00526861 0.000532423 -0.00683788 0.0035274 0.00024518
internal_weight=1.33861e+06 261983 1.07663e+06 244728 41407 1.06455e+06
internal_count=4818 975 3843 912 159 3749
is_linear=0
shrinkage=0.03


Tree=195
num_leaves=7
num_cat=0
split_feature=14 14 8 15 9 3
split_gain=6399.72 15455.1 10918.2 9325.74 7957.23 8030.02
threshold=1.0892946424343755 1.0842898240257204 3.3500000000000001 0.04854845155040257 0.95000000000000007 1.0000000180025095e-35
decision_type=10 10 2 2 2 2
left_child=1 2 -1 -4 5 -2
right_child=4 -3 3 -5 -6 -7
leaf_value=-5.3486700730752541e-06 0.00014396302244279712 -0.00026522936011799555 0.00095505283992751563 0.00079302032679558643 -6.8256935486944303e-05 -8.0815528382130314e-06
leaf_weight=1025656.3658733368 107528.82830810547 17427.897548675537 22789.216659545898 38922.393758773804 31686.375341415405 56612.494047164917
leaf_count=3660 328 32 38 183 118 359
internal_value=0.000428369 -0.000457615 -8.33952e-06 0.0122465 0.00542668 0.00808368
internal_weight=1.30062e+06 1.1048e+06 1.08737e+06 61711.6 195828 164141
internal_count=4718 3913 3881 221 805 687
is_linear=0
shrinkage=0.03


Tree=196
num_leaves=7
num_cat=0
split_feature=0 13 16 7 8 15
split_gain=6199.34 6945 4955.81 4724.7 9255.36 6850.39
threshold=5.5000000000000009 0.8281396770149918 1.0741876549771825 1.0000000180025095e-35 1.0000000180025095e-35 0.03289819921516586
decision_type=2 10 10 2 2 2
left_child=2 3 -1 -2 5 -5
right_child=1 -3 -4 4 -6 -7
leaf_value=-1.8398335939073484e-05 -4.4388317160135271e-06 0.00053150682937770275 -0.00022549929868550446 0.00021929327844482377 0.00047635687379720825 -2.5585125221793728e-07
leaf_weight=636740.75740337372 376006.14043331146 15823.100410461426 27418.220949172974 12467.792846679688 53122.774366378784 175900.89016532898
leaf_count=2234 1399 75 159 18 180 652
internal_value=-0.000224048 0.00189952 -0.00224901 0.00139654 0.00467094 0.00155187
internal_weight=1.29748e+06 633321 664159 617498 241491 188369
internal_count=4717 2324 2393 2249 850 670
is_linear=0
shrinkage=0.03


Tree=197
num_leaves=7
num_cat=0
split_feature=16 13 14 12 14 15
split_gain=7065.48 5661.86 5003.16 29440 22809.9 10770.9
threshold=1.0831739136305429 0.8281396770149918 0.96855461248741614 1.4853093849417716 0.98457513773568628 0.0460662110248777
decision_type=10 10 8 8 8 2
left_child=1 2 3 -1 -4 -5
right_child=-2 -3 4 5 -6 -7
leaf_value=-0.00024907080447375714 -0.00041790118356173063 0.00018367786238247523 0.0005667062946375349 0.00037081983784135667 -4.3184253931569079e-06 3.7667493447412417e-05
leaf_weight=91684.046049118042 29736.121112823486 26531.461875915527 56830.999441146851 19438.296463012695 1069933.1166172028 34071.223081588745
leaf_count=439 260 117 126 32 3563 264
internal_value=-0.000309742 2.14006e-05 -0.00026473 -0.00550606 0.000410683 0.0121759
internal_weight=1.32823e+06 1.29849e+06 1.27196e+06 145194 1.12676e+06 53509.5
internal_count=4801 4541 4424 735 3689 296
is_linear=0
shrinkage=0.03


Tree=198
num_leaves=7
num_cat=0
split_feature=8 12 12 5 14 15
split_gain=5070.38 6494.26 11455.2 6971.96 5930.2 20603.3
threshold=0.35000000000000003 1.0982699792095445 1.1093054004242737 5.7086140729771788 0.96298262306421611 0.043779207680071618
decision_type=2 8 8 2 10 2
left_child=4 -2 -3 -4 5 -1
right_child=1 2 3 -5 -6 -7
leaf_value=-0.00032587589287888324 -1.7392053072358136e-05 0.00086269012960365436 0.0032326849081058136 1.0328250316999909e-05 6.8931083188236743e-06 2.7543294398118737e-06
leaf_weight=116184.58999633789 30761.251087188721 25678.529075622559 22681.60425567627 241570.1156578064 499806.94386863708 400891.92952060699
leaf_count=200 215 57 92 808 1451 1976
internal_value=0.000394035 0.00368308 0.0050737 0.00321459 -0.000643235 -0.00289561
internal_weight=1.33757e+06 320692 289930 264252 1.01688e+06 517077
internal_count=4799 1172 957 900 3627 2176
is_linear=0
shrinkage=0.03


Tree=199
num_leaves=7
num_cat=0
split_feature=0 15 15 12 15 16
split_gain=6766.74 6817.93 8299.94 9630.14 5331.69 4850.4
threshold=7.5000000000000009 0.051094601912366019 0.048852481607943997 1.4853093849417716 0.053979093041231309 1.0695099740380896
decision_type=2 2 2 10 2 8
left_child=-1 2 3 5 -3 -2
right_child=1 4 -4 -5 -6 -7
leaf_value=-1.8471743312290157e-05 -6.6247565616028397e-05 -0.00045670665469015753 0.00030792709556028066 0.00030376375886852718 2.1903810013914616e-05 2.7246337555253331e-05
leaf_weight=929533.82724380493 48494.839302062988 40425.855987548828 50797.352294921875 29722.629089355469 99708.231152534485 108508.29040527344
leaf_count=3392 95 76 81 48 892 155
internal_value=-0.000115897 0.00327038 0.00636645 0.00344124 -0.00197741 0.000476696
internal_weight=1.30719e+06 377657 237523 186726 140134 157003
internal_count=4739 1347 379 298 968 250
is_linear=0
shrinkage=0.03


Tree=200
num_leaves=7
num_cat=0
split_feature=0 12 8 11 14 14
split_gain=6160.08 7906.97 3997.21 3798.22 3932.17 7477.73
threshold=3.5000000000000004 1.5289988241803774 1.0000000180025095e-35 1.0000000180025095e-35 1.1281809128220688 1.1008288912606925
decision_type=2 10 2 2 10 10
left_child=-1 3 -3 4 5 -2
right_child=1 2 -4 -5 -6 -7
leaf_value=-5.2495433153171803e-05 -2.0057944128581786e-06 0.00012405259923196565 0.00054359914034963846 0.0030072374085747 -4.9934398225276288e-05 0.00019294652829989446
leaf_weight=415788.9271030426 731249.94752788544 56873.003953933716 20089.149778366089 14175.266560554504 56904.760219573975 33196.745412826538
leaf_count=1498 2426 346 97 68 267 98
internal_value=-0.000408122 0.000970969 0.010172 0.000123382 -0.000142389 0.000423967
internal_weight=1.32828e+06 912489 76962.2 835527 821351 764447
internal_count=4800 3302 443 2859 2791 2524
is_linear=0
shrinkage=0.03


Tree=201
num_leaves=7
num_cat=0
split_feature=0 12 15 14 16 15
split_gain=5985.28 9025.38 5360.36 5701.11 7151.58 5016.85
threshold=6.5000000000000009 1.5289988241803774 0.036734143736071978 1.157307298801548 1.0703648791856024 0.04854845155040257
decision_type=2 10 2 8 8 2
left_child=-1 2 -2 4 -4 -5
right_child=1 -3 3 5 -6 -7
leaf_value=-2.1954661700406281e-05 -4.6429938237971553e-05 0.00029175041813267981 9.8790102909207524e-06 -0.00029513475805000055 0.00028289837484192742 4.5972859526317897e-05
leaf_weight=804431.03983306885 61187.980194091797 45467.575483322144 149393.25737380981 69727.50715637207 52870.371862411499 139879.54644393921
leaf_count=2919 83 258 509 101 150 760
internal_value=-0.000179531 0.00233379 0.00110666 0.00233756 0.00593055 -0.00112962
internal_weight=1.32296e+06 518526 473059 411871 202264 209607
internal_count=4780 1861 1603 1520 659 861
is_linear=0
shrinkage=0.03


Tree=202
num_leaves=7
num_cat=0
split_feature=15 15 14 14 12 12
split_gain=5921.24 11596.5 4891.92 8052.42 4144.12 4881.38
threshold=0.039230364345783843 0.029173981984485647 1.0914695316578398 0.97581841408597325 1.0882697358021824 1.1093054004242737
decision_type=2 2 8 10 8 8
left_child=1 -1 3 -3 -2 -6
right_child=4 2 -4 -5 5 -7
leaf_value=7.5523106502755898e-06 -0.00055838622246672366 -0.00010240137239283277 -3.0973850426693493e-05 -0.00024513555380402662 3.4573071418705804e-05 -1.8204655684002976e-06
leaf_weight=52384.215209960938 32824.145493507385 57015.229217529297 61646.40234375 38706.778106689453 198005.36183166504 892383.75965881348
leaf_count=77 677 63 114 46 408 3372
internal_value=-0.000406949 -0.00503384 -0.00910357 -0.0133481 0.000457111 0.000773295
internal_weight=1.33297e+06 209753 157368 95722 1.12321e+06 1.09039e+06
internal_count=4757 300 223 109 4457 3780
is_linear=0
shrinkage=0.03


Tree=203
num_leaves=7
num_cat=0
split_feature=13 12 12 14 5 14
split_gain=6682.19 5051.94 16657.4 15917 14582.5 8511.94
threshold=0.8281396770149918 1.1693505096152683 1.2716800630866065 0.9613155423314802 5.004166413209405 1.0330184484492471
decision_type=10 10 10 8 2 8
left_child=1 5 3 -3 -4 -1
right_child=-2 2 4 -5 -6 -7
leaf_value=5.6565935820797053e-05 0.00014666780365668838 -0.001144211668173579 -0.00033868483584866785 -7.5331350577715947e-05 1.9285944822046348e-05 -7.2789373576864124e-06
leaf_weight=186468.10050392151 28396.010442733765 31444.56512260437 14690.128437042236 120286.29181289673 228539.06514930725 711944.28383827209
leaf_count=733 147 43 42 181 1107 2518
internal_value=-4.85863e-05 -0.000364672 -0.00319246 -0.0109927 0.00167362 0.00087849
internal_weight=1.32177e+06 1.29337e+06 394960 151731 243229 898412
internal_count=4771 4624 1373 224 1149 3251
is_linear=0
shrinkage=0.03


Tree=204
num_leaves=7
num_cat=0
split_feature=16 12 14 16 12 14
split_gain=5966.82 4459.46 11186.5 9658.39 8996.64 16465.9
threshold=1.0831739136305429 1.0982699792095445 1.0535599432888179 1.0414250008915147 1.1093054004242737 0.96855461248741614
decision_type=10 8 10 8 8 10
left_child=1 2 3 -1 5 -3
right_child=-2 4 -4 -5 -6 -7
leaf_value=-0.00042340977784088781 -0.00038876967092034496 -0.00020661151390973998 -9.0062982976147669e-05 2.9180402913389398e-05 -4.7817392367639067e-06 0.00037311025095583658
leaf_weight=21146.834894180298 29751.411441802979 19595.713729858398 37635.65739440918 46663.087732315063 1048105.8019943237 103960.6148147583
leaf_count=365 264 81 207 163 3510 219
internal_value=-0.000361282 -5.18576e-05 -0.005961 0.0013188 0.000479968 0.0081363
internal_weight=1.30686e+06 1.27711e+06 105446 67809.9 1.17166e+06 123556
internal_count=4809 4545 735 528 3810 300
is_linear=0
shrinkage=0.03


Tree=205
num_leaves=7
num_cat=0
split_feature=15 15 15 15 12 9
split_gain=7351.22 8701.34 4833.94 10628.5 12057.8 11081.4
threshold=0.029173981984485647 0.03347175610648883 0.051094601912366019 0.048852481607943997 1.2716800630866065 0.65000000000000002
decision_type=2 2 2 2 10 2
left_child=-1 -2 3 4 5 -3
right_child=1 2 -4 -5 -6 -7
leaf_value=1.1580424828602672e-05 -0.00013441428884992186 -6.9582630670680216e-05 -2.6988559797599734e-05 0.00013530563740636237 0.00013995507140099935 0.00026436283225104984
leaf_weight=56847.063354492188 71522.128845214844 353579.12442016602 509799.68897247314 165575.94543457031 110418.56591796875 71159.382461547852
leaf_count=84 91 569 3452 261 192 121
internal_value=-0.00018871 -0.000656815 -5.60459e-05 0.00156094 -0.000494206 -0.00279024
internal_weight=1.3389e+06 1.28205e+06 1.21053e+06 700733 535157 424739
internal_count=4770 4686 4595 1143 882 690
is_linear=0
shrinkage=0.03


Tree=206
num_leaves=7
num_cat=0
split_feature=15 16 15 12 14 8
split_gain=11703.9 6210.38 6387.52 6800.2 14477 11550.7
threshold=0.029173981984485647 1.0741876549771825 0.03347175610648883 1.0982699792095445 1.0535599432888179 2.5500000000000003
decision_type=2 10 2 8 10 2
left_child=-1 2 -2 4 5 -4
right_child=1 -3 3 -5 -6 -7
leaf_value=1.2464005578816925e-05 -0.00011102886381545011 -0.00018566234135364393 9.2142161723440317e-05 2.7873223541210887e-05 -8.8395098302612195e-05 -0.0001308235152033954
leaf_weight=52852.606750488281 73100.865936279297 59914.177318572998 57403.925054550171 1036711.3210935593 38610.685743331909 17431.042827606201
leaf_count=78 92 322 430 3580 196 102
internal_value=0.000734565 0.000164676 0.000626587 0.00117313 -0.00580002 0.00189802
internal_weight=1.33602e+06 1.28317e+06 1.22326e+06 1.15016e+06 113446 74835
internal_count=4800 4722 4400 4308 728 532
is_linear=0
shrinkage=0.03


Tree=207
num_leaves=7
num_cat=0
split_feature=15 15 16 14 14 8
split_gain=9211.94 8777.25 6947.52 4497.77 12388.6 13053.5
threshold=0.029173981984485647 0.03347175610648883 1.0825028702192958 0.97060912187111337 0.98457513773568628 1.0000000180025095e-35
decision_type=2 2 10 10 10 2
left_child=-1 -2 3 -3 -5 -6
right_child=1 2 -4 4 5 -7
leaf_value=1.3090094856899885e-05 -0.00012572886524610277 -1.5610949568273775e-05 -0.00036818193992675582 0.00064176129209994376 -1.9299418899372234e-05 4.5403007959992961e-05
leaf_weight=54015.631896972656 69772.871704101562 625570.6991443634 31883.719812393188 44181.546394348145 328140.33388519287 145670.69513702393
leaf_count=81 87 2679 269 93 1048 481
internal_value=0.00027174 -0.000254408 0.000359259 0.000744399 0.00281198 0.00139516
internal_weight=1.29924e+06 1.24522e+06 1.17545e+06 1.14356e+06 517993 473811
internal_count=4738 4657 4570 4301 1622 1529
is_linear=0
shrinkage=0.03


Tree=208
num_leaves=7
num_cat=0
split_feature=0 12 15 16 15 8
split_gain=7931.23 5877.63 6507.63 4382.13 4028.59 3808.86
threshold=7.5000000000000009 1.5289988241803774 0.052946931251674607 1.0753638324215993 0.029173981984485647 1.0000000180025095e-35
decision_type=2 10 2 10 2 2
left_child=3 -2 -3 4 -1 -4
right_child=1 2 5 -5 -6 -7
leaf_value=6.5036505792243202e-06 1.460328947287981e-05 0.00027820121517844185 -5.4336981386517681e-05 -0.00028597312866912822 -9.9797308006618396e-06 0.00084322117789344738
leaf_weight=39186.12255859375 349480.4604101181 17697.160934448242 11626.963598251343 35596.231842041016 888520.28844261169 5329.660436630249
leaf_count=58 1187 30 123 234 3154 37
internal_value=0.000252553 0.00389735 0.0156811 -0.00120089 -0.000804507 0.0023982
internal_weight=1.34744e+06 384134 34653.8 963303 927706 16956.6
internal_count=4823 1377 190 3446 3212 160
is_linear=0
shrinkage=0.03


Tree=209
num_leaves=7
num_cat=0
split_feature=13 7 8 13 13 16
split_gain=6404.13 5607.47 7344.7 5847.78 14710.5 6859.69
threshold=0.8281396770149918 1.0000000180025095e-35 3.3500000000000001 0.26658370010661642 0.052899882418037725 1.050118006791428
decision_type=10 2 2 10 10 8
left_child=1 -1 3 4 5 -3
right_child=-2 2 -4 -5 -6 -7
leaf_value=-2.3780578264095519e-05 9.5899995734368437e-05 -3.9691702768339369e-05 0.0013638812444560968 -0.00013650221149412553 0.00070161802506418748 4.2551233764894824e-05
leaf_weight=785850.56239318848 26545.56685256958 122393.81359004974 27226.931106567383 13762.467039108276 27140.018272399902 325837.51213932037
leaf_count=2802 141 630 95 52 67 1018
internal_value=-0.000130153 -0.00042754 0.00200106 0.00115683 0.00171504 0.000416328
internal_weight=1.32876e+06 1.30221e+06 516361 489134 475371 448231
internal_count=4805 4664 1862 1767 1715 1648
is_linear=0
shrinkage=0.03


Tree=210
num_leaves=7
num_cat=0
split_feature=0 7 13 14 8 12
split_gain=6992.52 5647.74 5079.43 4181.9 6208.59 4355.77
threshold=2.5000000000000004 1.5000000000000002 0.90546942226191041 1.1008288912606925 1.2500000000000002 1.265509476038903
decision_type=2 2 10 8 2 8
left_child=1 3 -2 -1 5 -5
right_child=2 -3 -4 4 -6 -7
leaf_value=-0.00012724809071415155 7.8001287297779765e-06 7.1289465847450799e-05 0.0007059362284944046 4.9002154831357036e-06 0.00010668787557414422 -0.00017428267443526414
leaf_weight=116298.29798984528 1022409.4990415573 14920.817934036255 12696.447195053101 39741.022443771362 38232.106056213379 70795.513109207153
leaf_count=386 3647 58 102 139 158 287
internal_value=3.89609e-05 -0.00416712 0.00117669 -0.0051781 -0.00184632 -0.00545062
internal_weight=1.31509e+06 279988 1.03511e+06 265067 148769 110537
internal_count=4777 1028 3749 970 584 426
is_linear=0
shrinkage=0.03


Tree=211
num_leaves=7
num_cat=0
split_feature=0 13 7 5 11 7
split_gain=6583.89 7071.57 6485.39 6373.62 8689.36 3796.25
threshold=2.5000000000000004 0.8281396770149918 1.5000000000000002 5.004166413209405 1.0000000180025095e-35 1.0000000180025095e-35
decision_type=2 10 2 2 2 2
left_child=2 3 -1 -2 5 -5
right_child=1 -3 -4 4 -6 -7
leaf_value=-8.4470037831794402e-05 -0.00025899845225885279 0.00020728103049843049 0.00013355940481626767 -5.7604260462819381e-06 0.0030551396441394038 5.0308818996502269e-05
leaf_weight=259055.79909801483 18788.870578765869 22625.092315673828 14544.808736801147 599375.63342094421 11495.28067779541 384446.76169967651
leaf_count=954 76 120 58 2142 40 1378
internal_value=-6.8396e-05 0.00102405 -0.00420784 0.00065392 0.000980727 0.000677663
internal_weight=1.31033e+06 1.03673e+06 273601 1.01411e+06 995318 983822
internal_count=4768 3756 1012 3636 3560 3520
is_linear=0
shrinkage=0.03


Tree=212
num_leaves=7
num_cat=0
split_feature=15 0 14 15 14 16
split_gain=9352.08 6015.82 4698.25 5942.66 6861.43 6256.72
threshold=0.029173981984485647 7.5000000000000009 1.0908659932270075 0.03347175610648883 1.0178988771316753 1.0437039124485492
decision_type=2 2 10 2 8 8
left_child=-1 -2 3 -3 5 -5
right_child=1 2 -4 4 -6 -7
leaf_value=1.2170488688949659e-05 -2.2641938180767159e-05 -0.00018082426900139776 0.00015452590670740721 -3.3436746038728708e-05 -2.4128822329971278e-05 0.00011240774270753262
leaf_weight=50863.026245117188 893520.3295955658 12503.067962646484 51219.050413131714 19787.961420059204 205786.05599880219 78796.222482681274
leaf_count=77 3337 17 235 206 701 209
internal_value=0.000249108 -0.000259388 0.00296819 0.00160545 0.00243825 0.0089458
internal_weight=1.31248e+06 1.26161e+06 368092 316873 304370 98584.2
internal_count=4782 4705 1368 1133 1116 415
is_linear=0
shrinkage=0.03


Tree=213
num_leaves=7
num_cat=0
split_feature=7 2 14 15 14 14
split_gain=5653.41 6284.47 6738.12 14569.8 10958.3 10733.8
threshold=1.0000000180025095e-35 1.0000000180025095e-35 1.1687579939507959 0.040899204715267111 1.1008288912606925 1.0742246687527095
decision_type=2 2 10 2 10 10
left_child=-1 2 4 -4 5 -2
right_child=1 -3 3 -5 -6 -7
leaf_value=-1.7510874772095459e-05 0.00015446987349106888 -0.00041293620599896775 0.0002342666063229464 -0.00010615214916283947 0.00022972319395785123 -2.5145218284276688e-05
leaf_weight=836559.01798439026 294069.18602180481 63964.865585327148 6771.2521362304688 26365.934719085693 45110.512884140015 65164.131811141968
leaf_count=3006 821 607 7 186 83 112
internal_value=-5.92895e-05 0.00245944 0.00374365 -0.00926096 0.00480952 0.00305927
internal_weight=1.338e+06 501446 437481 33137.2 404344 359233
internal_count=4822 1816 1209 193 1016 933
is_linear=0
shrinkage=0.03


Tree=214
num_leaves=7
num_cat=0
split_feature=12 5 12 4 14 13
split_gain=5420.48 11722.7 8857.94 8634.85 9493.62 11615
threshold=1.2716800630866065 5.004166413209405 1.1693505096152683 5.5000000000000009 1.0330184484492471 0.086440527897512179
decision_type=10 2 10 2 8 10
left_child=2 -2 3 -1 -5 -6
right_child=1 -3 -4 4 5 -7
leaf_value=0.0029637589384041005 -0.00029205139323240458 6.9113154273119602e-05 -0.00012219232830006495 2.1106666769241183e-05 -4.7873112559562223e-05 7.3109896625986464e-05
leaf_weight=18662.848207473755 15402.858224868774 258367.89966583252 169833.0804309845 175258.37212562561 641765.55823898315 42881.555961608887
leaf_count=110 58 1225 245 673 2337 106
internal_value=6.61455e-05 0.00382505 -0.000915438 0.000296979 -0.000141229 -0.00173608
internal_weight=1.32217e+06 273771 1.0484e+06 878568 859905 684647
internal_count=4754 1283 3471 3226 3116 2443
is_linear=0
shrinkage=0.03


Tree=215
num_leaves=7
num_cat=0
split_feature=15 15 14 13 14 12
split_gain=4526.49 7694.04 6895.67 13450.7 12483.3 11285.8
threshold=0.029173981984485647 0.038819155839050913 0.96855461248741614 0.025095141727727026 0.98457513773568628 1.0982699792095445
decision_type=2 2 10 10 10 8
left_child=-1 -2 3 -3 -4 -6
right_child=1 2 4 -5 5 -7
leaf_value=7.457849877658865e-06 -7.0135478787431921e-05 -2.0676460284581591e-05 0.00053436083633642275 -0.00066132030048395626 -3.7784173912553591e-05 4.1203745991996839e-05
leaf_weight=50848.318176269531 144420.68490600586 570398.5030670166 41938.860696792603 24125.648742675781 85947.847917556763 406780.70763397217
leaf_count=75 200 2634 112 100 431 1256
internal_value=-0.000373249 -0.000723693 0.000110213 -0.002113 0.00258232 0.00124487
internal_weight=1.32446e+06 1.27361e+06 1.12919e+06 594524 534667 492729
internal_count=4808 4733 4533 2734 1799 1687
is_linear=0
shrinkage=0.03


Tree=216
num_leaves=7
num_cat=0
split_feature=0 16 14 14 14 16
split_gain=6157.15 5245.51 6254.14 5058.1 8685.82 3902.19
threshold=5.5000000000000009 1.070723767750221 0.98276316075988746 1.0742246687527095 1.2235486479502535 1.0578864898449425
decision_type=2 10 10 10 10 10
left_child=1 3 -3 5 -5 -1
right_child=-2 2 -4 4 -6 -7
leaf_value=-1.0097047498078714e-05 1.4231137872972885e-05 -0.0011719843779621022 -0.00010203838202723267 -7.9584488021607259e-05 7.2561827445543194e-05 2.2949838943120587e-05
leaf_weight=442498.87086868286 644545.72463798523 14112.193531036377 49683.336351394653 66743.763193130493 27249.999141693115 61423.940393447876
leaf_count=1762 2321 76 142 184 181 87
internal_value=-4.72992e-06 -0.0020375 -0.0102144 -0.00116497 -0.00755369 2.67386e-05
internal_weight=1.30626e+06 661712 63795.5 597917 93993.8 503923
internal_count=4753 2432 218 2214 365 1849
is_linear=0
shrinkage=0.03


Tree=217
num_leaves=7
num_cat=0
split_feature=8 9 5 16 8 16
split_gain=4553.3 9771.99 8036.68 7062.37 6830.44 10696.8
threshold=0.35000000000000003 0.75000000000000011 5.7086140729771788 1.051927298175994 2.0000000000000004 1.0825028702192958
decision_type=2 2 2 10 2 8
left_child=-1 4 3 -3 5 -2
right_child=1 2 -4 -5 -6 -7
leaf_value=-9.2703494919068971e-06 0.00016422542957937949 0.0032281160106211499 -9.8981475583727005e-06 -0.00011648369963550426 0.0031441961671016317 -0.00010028497546066224
leaf_weight=984969.89160251617 39470.800983428955 14629.681263923645 210438.88924789429 10216.569864273071 15179.859548568726 37447.990310668945
leaf_count=3575 125 73 760 22 52 152
internal_value=0.000253297 0.00331835 7.55356e-05 0.0162097 0.0116023 0.00797181
internal_weight=1.31235e+06 327384 235285 24846.3 92098.7 76918.8
internal_count=4759 1184 855 95 329 277
is_linear=0
shrinkage=0.03


Tree=218
num_leaves=7
num_cat=0
split_feature=13 13 15 0 13 13
split_gain=6106.82 5488.41 5234.76 4935.38 4307.44 4783
threshold=0.8281396770149918 0.23631308981709873 0.029173981984485647 5.5000000000000009 0.39179212105117417 0.52641658325652074
decision_type=10 10 2 2 10 10
left_child=1 2 -1 -4 -3 -6
right_child=-2 4 3 -5 5 -7
leaf_value=1.2844242927514577e-05 0.00011893795395206441 -0.00012378114503827642 -1.8351006109743087e-05 3.8745950550963532e-05 0.00015193293662518523 -0.00019179388194188598
leaf_weight=42423.898254394531 28974.8313331604 39225.240631103516 605997.5748090744 569002.33212852478 29306.034660339355 26847.113862991333
leaf_count=68 140 65 2257 2121 68 80
internal_value=0.000472867 0.000172165 0.000715112 0.000341292 -0.00675776 -0.00142897
internal_weight=1.34178e+06 1.3128e+06 1.21742e+06 1.175e+06 95378.4 56153.1
internal_count=4799 4659 4446 4378 213 148
is_linear=0
shrinkage=0.03


Tree=219
num_leaves=7
num_cat=0
split_feature=15 7 14 14 0 15
split_gain=6616.29 5254.6 6986.56 7980.04 6143.7 7106.17
threshold=0.029173981984485647 1.0000000180025095e-35 1.2619510653514818 1.0617029765483477 2.5000000000000004 0.03347175610648883
decision_type=2 2 10 10 2 2
left_child=-1 2 3 4 -2 -6
right_child=1 -3 -4 -5 5 -7
leaf_value=1.4147237142205031e-05 -0.00010810511756826901 1.8737245321165563e-05 0.0002768579481383083 -0.00013704999948151633 -0.00017499332791256082 5.4435390489140864e-06
leaf_weight=59135.054016113281 145566.27669525146 472921.47595024109 38695.645498275757 68393.978359222412 27722.357971191406 514555.3740644455
leaf_count=86 514 1776 237 256 39 1888
internal_value=2.64292e-05 -0.000431079 -0.00192073 -0.00255695 -0.00158514 -0.000116159
internal_weight=1.32699e+06 1.26786e+06 794934 756238 687844 542278
internal_count=4796 4710 2934 2697 2441 1927
is_linear=0
shrinkage=0.03


Tree=220
num_leaves=7
num_cat=0
split_feature=15 15 0 15 15 12
split_gain=6737.56 6528.54 5924.19 10121.6 11681.5 9330.23
threshold=0.029173981984485647 0.03347175610648883 6.5000000000000009 0.051094601912366019 0.048852481607943997 1.4853093849417716
decision_type=2 2 2 2 2 10
left_child=-1 -2 -3 4 5 -4
right_child=1 2 3 -5 -6 -7
leaf_value=1.6134599156938377e-05 -0.00011558991705136869 -1.0164566537535646e-05 1.2375740466878897e-06 -1.3246501821380096e-05 0.00032056345095339534 0.00019959852261074008
leaf_weight=53922.993408203125 67900.270904541016 734055.13290119171 155153.02327728271 193453.94557952881 67898.013977050781 34853.565582275391
leaf_count=79 89 2821 264 1352 105 52
internal_value=0.000483457 3.66996e-05 0.000554919 0.00325951 0.0071503 0.00333344
internal_weight=1.30724e+06 1.25331e+06 1.18541e+06 451359 257905 190007
internal_count=4762 4683 4594 1773 421 316
is_linear=0
shrinkage=0.03


Tree=221
num_leaves=7
num_cat=0
split_feature=15 15 14 14 16 15
split_gain=6840.9 6378.64 9641.3 5640.59 4868.09 5298.12
threshold=0.029173981984485647 0.038819155839050913 1.0849023083940488 0.98276316075988746 1.0825028702192958 0.04440030412786309
decision_type=2 2 8 10 10 2
left_child=-1 2 3 -2 5 -3
right_child=1 4 -4 -5 -6 -7
leaf_value=1.5842213519563929e-05 -6.2125184055904177e-05 6.996969279781603e-05 1.7603560218455556e-05 -0.00023173816640740123 -0.00029863054720784379 1.1985399923397642e-06
leaf_weight=48183.986938476562 52019.365783691406 211294.80857849121 67936.912536621094 33294.027709960938 32125.921133041382 875520.05921173096
leaf_count=72 55 333 118 39 283 3902
internal_value=0.000504806 8.4538e-05 -0.00565536 -0.0123699 0.000870697 0.00121093
internal_weight=1.32038e+06 1.27219e+06 153250 85313.4 1.11894e+06 1.08681e+06
internal_count=4802 4730 212 94 4518 4235
is_linear=0
shrinkage=0.03


Tree=222
num_leaves=7
num_cat=0
split_feature=13 0 13 13 13 14
split_gain=4395.47 3849.23 3604.65 7261.27 12148.1 10981.4
threshold=0.8281396770149918 3.5000000000000004 0.23631308981709873 0.052899882418037725 0.025095141727727026 1.0513713275951677
decision_type=10 2 10 10 10 10
left_child=2 -2 3 4 -1 -5
right_child=1 -3 -4 5 -6 -7
leaf_value=-3.279678084315434e-06 -4.1921268739520262e-05 0.00014909739760116786 -0.00010989396938925347 -0.00010201614689967818 -0.00038221788803309982 0.00017150855019833715
leaf_weight=1098354.894317627 10094.803438186646 20461.029867172241 87827.543743133545 16273.725868225098 13527.692485809326 50274.335258483887
leaf_count=4168 48 104 204 88 46 101
internal_value=-0.000383976 0.0108585 -0.000655308 -0.000218322 -0.00079446 0.00940711
internal_weight=1.29681e+06 30555.8 1.26626e+06 1.17843e+06 1.11188e+06 66548.1
internal_count=4759 152 4607 4403 4214 189
is_linear=0
shrinkage=0.03


Tree=223
num_leaves=7
num_cat=0
split_feature=0 8 14 5 0 14
split_gain=5697.67 4899.77 6710.86 6012.74 5851.94 6145.91
threshold=8.5000000000000018 1.6000000000000003 1.5471157491389309 5.7086140729771788 3.5000000000000004 1.0842898240257204
decision_type=2 2 8 2 2 10
left_child=1 -1 4 -4 -3 -6
right_child=-2 2 3 -5 5 -7
leaf_value=-3.6173969011465578e-05 3.6625071681534382e-05 -0.0001008602249277409 0.0031357478014044184 0.0002074145225644629 1.1767358728268896e-05 -0.00017618404512243066
leaf_weight=893498.64365673065 250964.06297683716 30603.323656082153 10763.82569694519 76024.478967666626 36147.292959213257 14448.42017364502
leaf_count=3231 933 103 43 294 131 42
internal_value=-0.00088434 -0.00184546 0.00285516 0.00865478 -0.00334383 0.00291981
internal_weight=1.31245e+06 1.06149e+06 167987 86788.3 81199 50595.7
internal_count=4777 3844 613 337 276 173
is_linear=0
shrinkage=0.03


Tree=224
num_leaves=7
num_cat=0
split_feature=13 14 14 14 13 12
split_gain=6134.14 5187.9 12554.8 11260.8 20458.7 12721.2
threshold=0.8281396770149918 1.0050075219070154 1.0094554678862944 0.97060912187111337 0.025095141727727026 1.1093054004242737
decision_type=10 8 8 10 10 8
left_child=1 3 -3 4 -1 -5
right_child=-2 2 -4 5 -6 -7
leaf_value=1.0447862397144792e-05 0.00011969609460937745 -0.00018852068628373586 -1.3207652507501192e-05 0.00044453179920769299 -0.00032529274063978244 5.1604145652707134e-06
leaf_weight=131401.07983016968 27111.459968566895 17684.376914978027 972232.32792949677 65227.690824508667 25136.738922119141 88689.401700973511
leaf_count=794 138 44 3331 145 62 256
internal_value=-0.000280367 -0.000574851 -0.00163602 0.00280875 -0.00285673 0.00857061
internal_weight=1.32748e+06 1.30037e+06 989917 310455 156538 153917
internal_count=4770 4632 3375 1257 856 401
is_linear=0
shrinkage=0.03


Tree=225
num_leaves=7
num_cat=0
split_feature=15 15 14 12 11 14
split_gain=4564.2 6810.84 6312.36 4824.99 12596.6 11065.6
threshold=0.029173981984485647 0.036734143736071978 1.1306175073602398 1.0982699792095445 1.0000000180025095e-35 1.0535599432888179
decision_type=2 2 8 10 2 10
left_child=-1 2 -2 4 5 -3
right_child=1 3 -4 -5 -6 -7
leaf_value=8.2354263773799682e-06 -9.7050562490113109e-05 -9.3160176001014302e-06 2.2752773438143556e-05 1.7315098635760576e-05 0.0028992903574361194 -7.6162351156822987e-05
leaf_weight=52231.823059082031 64236.927307128906 515597.13153266907 39853.658233642578 613080.01630020142 11779.900049209595 37755.14804649353
leaf_count=79 70 2244 77 2043 52 239
internal_value=0.000135609 -0.000218494 -0.00757414 0.000431379 -0.00156821 -0.00222182
internal_weight=1.33453e+06 1.2823e+06 104091 1.17821e+06 565132 553352
internal_count=4804 4725 147 4578 2535 2483
is_linear=0
shrinkage=0.03


Tree=226
num_leaves=7
num_cat=0
split_feature=13 7 3 14 14 15
split_gain=4721.64 5906.6 5432.13 11130.4 17447.2 10003
threshold=0.8281396770149918 1.0000000180025095e-35 1.0000000180025095e-35 1.0526181595464561 1.0697315549387654 0.051455990270393104
decision_type=10 2 2 10 10 2
left_child=1 -1 3 5 -5 -3
right_child=-2 2 -4 4 -6 -7
leaf_value=-1.931977355007744e-05 0.00011642322459884966 0.00030416080075062232 -6.6203249091396506e-05 -0.00057661829030970573 1.3213499411981466e-05 -6.2764751583135409e-06
leaf_weight=804909.344622612 30416.445581436157 125930.98016357422 172067.07929420471 17725.381546020508 113730.51272201538 68202.912069320679
leaf_count=2830 151 148 920 33 273 448
internal_value=-0.000145772 -0.000418634 0.00215056 0.00442907 -0.00231153 0.00899334
internal_weight=1.33298e+06 1.30257e+06 497657 325590 131456 194134
internal_count=4803 4652 1822 902 306 596
is_linear=0
shrinkage=0.03


Tree=227
num_leaves=7
num_cat=0
split_feature=16 14 15 11 13 14
split_gain=5125.69 9708.05 9289.47 6642.34 6036.75 6044.07
threshold=1.046132868658564 1.0297995467268952 0.047760458621648939 1.0000000180025095e-35 0.020524103634483742 1.0330184484492471
decision_type=10 10 2 2 8 10
left_child=1 3 -3 -1 5 -4
right_child=-2 2 4 -5 -6 -7
leaf_value=-2.9166036179592314e-06 -1.1775516544179893e-05 0.00066562451547841817 0.00079861995210000949 0.0027209879039097038 0.00045275106836856958 -2.8589221389919926e-05
leaf_weight=640705.10413551331 552492.98558044434 23784.928588867188 5282.7740936279297 20494.283470153809 35942.559164047241 53191.17506980896
leaf_count=2845 1072 83 19 97 179 499
internal_value=6.59616e-05 0.00163287 0.00955152 0.000217208 0.00532969 -0.000617849
internal_weight=1.33189e+06 779401 118201 661199 94416.5 58473.9
internal_count=4794 3722 780 2942 697 518
is_linear=0
shrinkage=0.03


Tree=228
num_leaves=7
num_cat=0
split_feature=13 8 8 8 3 9
split_gain=4633.34 4713.25 7673.16 15287.8 9418.61 16119.2
threshold=0.8281396770149918 3.3500000000000001 2.2500000000000004 2.0000000000000004 1.0000000180025095e-35 0.8500000000000002
decision_type=10 2 2 2 2 2
left_child=1 2 3 -1 -4 -6
right_child=-2 -3 4 -5 5 -7
leaf_value=-5.5047514235533148e-06 9.6565327809392554e-05 0.00041655899647704636 -0.00024074203466208836 0.0030412884190493821 -0.00014562622786400635 0.0011038111760783439
leaf_weight=1132803.4671936035 32086.06526184082 64838.80623626709 42308.609220504761 14702.719228744507 8606.9336376190186 13563.608041763306
leaf_count=4144 148 237 102 50 46 61
internal_value=-0.000260726 -0.000543693 -0.00096529 -0.00039943 -0.0110348 0.00480364
internal_weight=1.30891e+06 1.27682e+06 1.21199e+06 1.14751e+06 64479.2 22170.5
internal_count=4788 4640 4403 4194 209 107
is_linear=0
shrinkage=0.03


Tree=229
num_leaves=7
num_cat=0
split_feature=15 15 0 14 14 15
split_gain=7292.75 5821.65 6363.59 3888.73 5337.88 7439.16
threshold=0.029173981984485647 0.03347175610648883 7.5000000000000009 1.0914695316578398 1.01219325703209 0.052946931251674607
decision_type=2 2 2 10 8 2
left_child=-1 -2 -3 4 5 -4
right_child=1 2 3 -5 -6 -7
leaf_value=1.513673801269117e-05 -7.8824157095217005e-05 -8.739325897051579e-06 0.00014148912220099619 0.00020446467936392757 -1.1099623251378256e-06 -7.4435374253459754e-06
leaf_weight=50355.963256835938 73991.844543457031 867877.36370849609 62630.237953186035 41682.205144882202 200739.71141529083 34425.036912918091
leaf_count=77 94 3255 106 222 690 300
internal_value=0.000327749 -0.000112376 0.000388233 0.0038706 0.00266923 0.00844539
internal_weight=1.3317e+06 1.28135e+06 1.20735e+06 339477 297795 97055.3
internal_count=4744 4667 4573 1318 1096 406
is_linear=0
shrinkage=0.03


Tree=230
num_leaves=7
num_cat=0
split_feature=13 7 13 12 14 14
split_gain=6182.46 5029.47 7138.15 6644.54 5539.95 21296.5
threshold=0.8281396770149918 1.0000000180025095e-35 0.052899882418037725 1.265509476038903 1.0742246687527095 1.0680501303968397
decision_type=10 2 10 10 10 10
left_child=1 -1 4 -4 5 -3
right_child=-2 2 3 -5 -6 -7
leaf_value=-2.5452391721569223e-05 0.00011555014621170984 4.8631997943051624e-06 0.0012182181045225157 5.8038604681840668e-06 -2.1780182091714843e-05 0.00056964010181857153
leaf_weight=789992.25998020172 26585.170612335205 306134.50689220428 14186.854934692383 24615.362380981445 119537.24539375305 23126.941680908203
leaf_count=2823 142 1244 34 83 409 31
internal_value=-0.000801004 -0.00109899 0.00129689 0.0136407 0.000229527 0.00223783
internal_weight=1.30418e+06 1.27759e+06 487601 38802.2 448799 329261
internal_count=4766 4624 1801 117 1684 1275
is_linear=0
shrinkage=0.03


Tree=231
num_leaves=7
num_cat=0
split_feature=15 7 9 3 14 13
split_gain=9052.85 8732.21 7487.85 7887.59 7305.59 6628.1
threshold=0.029173981984485647 1.0000000180025095e-35 0.15000000000000005 1.0000000180025095e-35 1.3693105224658562 0.052899882418037725
decision_type=2 2 2 2 10 10
left_child=-1 4 -3 -4 -2 -5
right_child=1 2 3 5 -6 -7
leaf_value=1.5296927385013957e-05 -3.8788995952685214e-05 8.5821497468407007e-06 0.00046440953120399083 -0.00038285631583683384 0.00094227252139024659 0.00026723064389480664
leaf_weight=58138.517272949219 734149.82290649414 376880.34415912628 63118.005529403687 21823.228897094727 18355.113265991211 12983.706554412842
leaf_count=88 2701 1400 182 137 139 57
internal_value=-0.000240005 -0.000787975 0.0023977 0.00978837 -0.00279803 -0.001677
internal_weight=1.28545e+06 1.22731e+06 474805 97924.9 752505 34806.9
internal_count=4704 4616 1776 376 2840 194
is_linear=0
shrinkage=0.03


Tree=232
num_leaves=7
num_cat=0
split_feature=8 5 9 8 16 15
split_gain=5096.68 6973.93 4630.62 8363.24 11346.7 5831.24
threshold=0.35000000000000003 4.9522546289084159 0.75000000000000011 2.0000000000000004 1.0825028702192958 0.04962055203771714
decision_type=2 2 2 2 8 2
left_child=1 -1 3 4 -2 -6
right_child=2 -3 -4 -5 5 -7
leaf_value=-0.00035462018193072915 0.0001489236531229544 -7.4942935127275782e-06 1.0478574777323843e-06 0.002953498643371548 -0.00027083863904134352 0.00010608155283553492
leaf_weight=11307.574147224426 41508.435556411743 990473.15151405334 231652.92573165894 14118.620092391968 20353.967926025391 19212.748292922974
leaf_count=67 126 3543 855 49 30 119
internal_value=-0.000138027 -0.00119936 0.0031149 0.00868507 0.00497347 -0.00652132
internal_weight=1.32863e+06 1.00178e+06 326847 95193.8 81075.2 39566.7
internal_count=4789 3610 1179 324 275 149
is_linear=0
shrinkage=0.03


Tree=233
num_leaves=7
num_cat=0
split_feature=15 15 0 7 15 12
split_gain=10898.3 5112.03 5567.26 7140.55 5995.99 5268.34
threshold=0.029173981984485647 0.03347175610648883 2.5000000000000004 1.5000000000000002 0.045778916224061585 1.5289988241803774
decision_type=2 2 2 2 2 10
left_child=-1 -2 3 4 -3 -4
right_child=1 2 5 -5 -6 -7
leaf_value=1.4110895409690342e-05 -6.6535452053421794e-05 1.3730644907065053e-05 -2.0349003564518639e-06 0.00012070834258757041 -0.00011522961172780245 0.00017956907111571355
leaf_weight=50996.629821777344 71310.8046875 66308.84733581543 852318.99099254608 16465.585540771484 167911.78314304352 82812.591901779175
leaf_count=76 91 113 3071 58 793 519
internal_value=-0.000383646 -0.000935182 -0.000466031 -0.00443611 -0.00577864 0.000598269
internal_weight=1.30813e+06 1.25713e+06 1.18582e+06 250686 234221 935132
internal_count=4721 4645 4554 964 906 3590
is_linear=0
shrinkage=0.03


Tree=234
num_leaves=7
num_cat=0
split_feature=16 12 12 14 16 14
split_gain=4294.78 4863.44 5707.29 7803.29 11891.4 8724.54
threshold=1.0824113861458291 1.0933050055255815 1.1693505096152683 1.0526181595464561 1.046132868658564 0.97060912187111337
decision_type=10 8 8 10 10 8
left_child=1 -1 3 5 -5 -3
right_child=-2 2 -4 4 -6 -7
leaf_value=-0.00038013456360416417 -0.00019305101698534547 -0.00016713793158321249 -5.4325574225305003e-06 0.0005535060399932052 -4.7044825118615128e-05 0.0001369075367902053
leaf_weight=39272.096723556519 32966.773328781128 23783.028167724609 903335.1258392334 20247.535781860352 98901.040481567383 196225.43830108643
leaf_count=638 266 96 3131 105 135 360
internal_value=-9.47111e-05 0.000180293 0.000508848 0.0038271 -0.00235635 0.00717581
internal_weight=1.31473e+06 1.28176e+06 1.24249e+06 339157 119149 220008
internal_count=4731 4465 3827 696 240 456
is_linear=0
shrinkage=0.03


Tree=235
num_leaves=7
num_cat=0
split_feature=15 15 6 14 7 14
split_gain=8180.96 6332 8423.38 7112.39 6213.2 9849.15
threshold=0.029173981984485647 0.038819155839050913 1.5000000000000002 0.94607194311368847 1.5000000000000002 1.0305868273461383
decision_type=2 2 2 10 2 10
left_child=-1 3 4 -2 -3 -6
right_child=1 2 -4 -5 5 -7
leaf_value=1.4780184630764201e-05 2.1051372631408771e-05 -2.9327122955293081e-06 -0.00037738905669976912 -0.00010019416093725088 -9.6990875677205205e-06 0.00066843885122171425
leaf_weight=49684.093688964844 48497.731170654297 1040762.2525291443 10419.485311508179 107580.95721435547 38957.09596824646 28958.886985778809
leaf_count=75 96 4175 51 119 157 108
internal_value=-0.000511171 -0.000976521 -0.000187023 -0.0066371 6.53559e-05 0.00885657
internal_weight=1.32486e+06 1.27518e+06 1.1191e+06 156079 1.10868e+06 67916
internal_count=4781 4706 4491 215 4440 265
is_linear=0
shrinkage=0.03


Tree=236
num_leaves=7
num_cat=0
split_feature=13 5 11 12 12 14
split_gain=6079.98 5648.37 11749.6 7048.23 4842.61 11935.2
threshold=0.8281396770149918 5.004166413209405 1.0000000180025095e-35 1.2716800630866065 1.0982699792095445 1.0535599432888179
decision_type=10 2 2 10 8 10
left_child=1 3 4 -1 5 -3
right_child=-2 2 -4 -5 -6 -7
leaf_value=8.3593766484103967e-06 7.7445404415923914e-05 3.3174451548067429e-06 0.0025447341537430776 -0.00031201737660686987 -1.1946402940254951e-06 -8.2297401163245284e-05
leaf_weight=10436.690623283386 29571.053558349609 72499.559478759766 15298.404897689819 14332.076040267944 1150224.9647445679 40358.35703086853
leaf_count=59 156 529 60 40 3674 228
internal_value=-0.000460591 -0.000765852 -0.000490902 -0.0149538 -0.000807477 -0.00673755
internal_weight=1.33272e+06 1.30315e+06 1.27838e+06 24768.8 1.26308e+06 112858
internal_count=4746 4590 4491 99 4431 757
is_linear=0
shrinkage=0.03


Tree=237
num_leaves=7
num_cat=0
split_feature=15 15 14 14 15 15
split_gain=6166.09 6602.69 8781.35 4428.3 4322.82 9653.92
threshold=0.029173981984485647 0.036734143736071978 1.0849023083940488 0.98728541406749526 0.051094601912366019 0.048852481607943997
decision_type=2 2 8 10 2 2
left_child=3 2 -2 -1 5 -3
right_child=1 4 -4 -5 -6 -7
leaf_value=3.3863128020884757e-05 -0.00014704324872799178 -3.2420317881979141e-06 1.365678334225955e-06 2.556263781290161e-07 -1.677210241098162e-05 0.0001208714123308829
leaf_weight=28417.451293945312 44940.59130859375 503017.05937194824 52210.490264892578 26364.982299804688 510179.31794548035 169260.1805267334
leaf_count=48 49 819 86 35 3503 268
internal_value=-0.000185618 -0.000607591 -0.00812555 0.00966996 1.01197e-05 0.00159027
internal_weight=1.33439e+06 1.27961e+06 97151.1 54782.4 1.18246e+06 672277
internal_count=4808 4725 135 83 4590 1087
is_linear=0
shrinkage=0.03


Tree=238
num_leaves=7
num_cat=0
split_feature=7 8 15 15 9 13
split_gain=4485.07 7214.42 6190.78 7799.23 5614.56 9701.04
threshold=1.0000000180025095e-35 3.3500000000000001 0.029173981984485647 0.03347175610648883 0.95000000000000007 0.052899882418037725
decision_type=2 2 2 2 2 10
left_child=2 4 -1 -4 5 -2
right_child=1 -3 3 -5 -6 -7
leaf_value=8.8391157122417898e-06 2.5186852109214232e-06 0.0013287932991281786 -0.00014741616438062618 -1.560767150854733e-05 -0.00011940259238750749 0.00061429874066065498
leaf_weight=38923.502685546875 427479.89339351654 21910.369264602661 44527.768859863281 739930.76927947998 28700.835983276367 24853.904647827148
leaf_count=56 1561 86 57 2855 99 65
internal_value=-0.000603735 0.00162839 -0.00196718 -0.00254665 0.000861472 0.00167793
internal_weight=1.32633e+06 502945 823382 784459 481035 452334
internal_count=4779 1811 2968 2912 1725 1626
is_linear=0
shrinkage=0.03


Tree=239
num_leaves=7
num_cat=0
split_feature=5 12 15 12 11 15
split_gain=5696.08 4635.71 6515.01 5062.2 11905.3 6851.1
threshold=4.2888467430657835 1.5289988241803774 0.0460662110248777 1.1693505096152683 1.0000000180025095e-35 0.031909852228532147
decision_type=2 10 2 10 2 2
left_child=-1 3 -3 4 5 -2
right_child=1 2 -4 -5 -6 -7
leaf_value=-0.00033063814594123416 0.00024765444785064691 0.00021583925784992609 6.6498303445457441e-05 -3.3918025593859812e-05 0.0027491866973331103 -1.2108350839951991e-06
leaf_weight=11184.9368724823 23054.534912109375 18295.515533447266 97651.865112304688 311732.85140228271 12538.293272018433 843212.32348823547
leaf_count=71 46 27 679 754 47 3141
internal_value=-2.37164e-05 0.000158827 0.00588491 -0.000398863 0.000766242 0.000346071
internal_weight=1.31767e+06 1.30649e+06 115947 1.19054e+06 878805 866267
internal_count=4765 4694 706 3988 3234 3187
is_linear=0
shrinkage=0.03


Tree=240
num_leaves=7
num_cat=0
split_feature=15 14 0 15 15 15
split_gain=7200.66 8832.72 6608.43 7201.24 18553.1 8516.84
threshold=0.031909852228532147 0.95292131809574754 3.5000000000000004 0.043779207680071618 0.04440030412786309 0.048189136147402965
decision_type=2 10 2 2 2 2
left_child=1 -1 -2 -4 -5 -6
right_child=2 -3 3 4 5 -7
leaf_value=0.00012388683922464637 -4.5760942221122477e-05 1.4703861173158253e-08 -3.9170185956104464e-05 0.00022661361505332762 -7.1729766856382855e-05 5.6637166621578853e-05
leaf_weight=28618.688323974609 387168.4909992218 48444.278015136719 224391.17303466797 42865.204437255859 105986.20907592773 499916.25170993805
leaf_count=54 1446 61 352 51 207 2610
internal_value=2.28834e-05 0.00892477 -0.000521458 0.00092509 0.00252736 0.00117789
internal_weight=1.33739e+06 77063 1.26033e+06 873159 648768 605902
internal_count=4781 115 4666 3220 2868 2817
is_linear=0
shrinkage=0.03


Tree=241
num_leaves=7
num_cat=0
split_feature=16 8 9 3 13 14
split_gain=4404.35 4208.67 10680.1 9002.26 14238.6 6243.32
threshold=1.0525702378340926 1.6000000000000003 0.75000000000000011 1.0000000180025095e-35 0.8281396770149918 1.0680501303968397
decision_type=8 2 2 2 8 10
left_child=-1 5 -3 4 -4 -2
right_child=1 2 3 -5 -6 -7
leaf_value=-1.7416525616382711e-05 -3.5266026312293623e-05 0.0028765519710299715 -0.00024414780901087728 0.00049112662989813586 6.9213948997698434e-06 5.6441273809126953e-05
leaf_weight=381830.50419425964 659651.05008983612 13986.169363021851 15776.917705535889 50698.261561393738 61775.159832000732 120579.87476921082
leaf_count=1823 2153 50 28 224 182 317
internal_value=-0.000766645 0.000354947 0.00510081 0.00238557 -0.00404079 -0.000510254
internal_weight=1.3043e+06 922467 142237 128250 77552.1 780231
internal_count=4777 2954 484 434 210 2470
is_linear=0
shrinkage=0.03


Tree=242
num_leaves=7
num_cat=0
split_feature=13 7 14 15 14 14
split_gain=5802.71 5013.63 7645.08 15146.1 8069.75 9981.34
threshold=0.8281396770149918 1.0000000180025095e-35 1.1687579939507959 0.040899204715267111 1.1008288912606925 1.0742246687527095
decision_type=10 2 10 2 10 10
left_child=1 -1 4 -4 5 -3
right_child=-2 2 3 -5 -6 -7
leaf_value=-1.8595372151960697e-05 8.2331082563357947e-05 7.7369213402678393e-05 0.00017699819327955833 -0.00011012527595650135 0.00021058360192918171 -4.4482944521698991e-05
leaf_weight=813601.7981595993 31167.179870605469 357186.72433948517 6798.7766723632812 32233.060831069946 47067.496753692627 62116.225135803223
leaf_count=2867 154 1345 7 232 121 123
internal_value=1.07045e-05 -0.000291639 0.00205507 -0.0106982 0.00312253 0.00180029
internal_weight=1.35017e+06 1.319e+06 505402 39031.8 466370 419303
internal_count=4849 4695 1828 239 1589 1468
is_linear=0
shrinkage=0.03


Tree=243
num_leaves=7
num_cat=0
split_feature=12 14 13 12 14 0
split_gain=5409.85 11116.1 8879.89 9727.14 5320.41 4655.68
threshold=1.0982699792095445 1.0535599432888179 0.057777630891249689 1.0882697358021824 1.0981490402581098 7.5000000000000009
decision_type=8 10 10 10 10 2
left_child=1 2 3 -1 -3 -2
right_child=5 4 -4 -5 -6 -7
leaf_value=-0.00039159360457182709 -1.6291644117496438e-05 -0.00026276312045227143 -1.0714389933301759e-05 0.00026191634116379259 -1.7279340895608794e-05 2.3318078861412551e-05
leaf_weight=18819.493455886841 858031.56313323975 26513.349899291992 32813.556198120117 26119.579803466797 14450.773599624634 355914.87826251984
leaf_count=429 2825 58 91 39 183 1175
internal_value=-0.000564519 -0.00667658 -1.30613e-05 0.00864983 -0.0193228 3.32289e-05
internal_weight=1.33266e+06 118717 77752.6 44939.1 40964.1 1.21395e+06
internal_count=4800 800 559 468 241 4000
is_linear=0
shrinkage=0.03


Tree=244
num_leaves=7
num_cat=0
split_feature=0 14 7 12 14 1
split_gain=5046.34 4603.16 4227.67 6413.11 5950.39 5658.4
threshold=4.5000000000000009 1.337204318908934 1.0000000180025095e-35 1.0982699792095445 0.94607194311368847 1.0000000180025095e-35
decision_type=2 10 2 8 8 2
left_child=-1 2 3 -2 5 -5
right_child=1 -3 -4 4 -6 -7
leaf_value=-3.2848031954683258e-05 -2.5734749997688962e-05 0.0007115667596820877 5.2626407672707415e-05 -0.0010800564019604296 -1.4120845921378679e-05 7.0813527339674953e-05
leaf_weight=529312.98754501343 27657.246879577637 15867.511463165283 300191.5096282959 10314.535987854004 405529.18137168884 23543.116271972656
leaf_count=1941 218 161 1022 181 1210 39
internal_value=-8.63868e-05 0.00144301 0.00111218 -0.000673193 0.000208857 0.0122903
internal_weight=1.31242e+06 783103 767236 467044 439387 33857.7
internal_count=4772 2831 2670 1648 1430 220
is_linear=0
shrinkage=0.03


Tree=245
num_leaves=7
num_cat=0
split_feature=15 16 15 15 15 15
split_gain=6216.38 5058.46 5220.7 5437.26 13696.6 8617.17
threshold=0.029173981984485647 1.0831739136305429 0.038819155839050913 0.051094601912366019 0.051178108375541619 0.048852481607943997
decision_type=2 10 2 2 2 2
left_child=-1 2 -2 5 -5 -4
right_child=1 -3 3 4 -6 -7
leaf_value=1.3288458226056226e-05 -4.3217254871514854e-05 -0.00030620414653419935 2.0492612333798717e-06 -7.3373335182719623e-05 -7.0043757507173087e-06 0.00015038958317188357
leaf_weight=55289.49658203125 141975.15008544922 29643.902463912964 428166.23740386963 27618.163513183594 468086.51068687439 165326.50872802734
leaf_count=83 198 264 691 31 3207 266
internal_value=1.10959e-05 -0.000420679 -0.000125796 0.00057952 -0.00173976 0.00251665
internal_weight=1.31611e+06 1.26082e+06 1.23117e+06 1.0892e+06 495705 593493
internal_count=4740 4657 4393 4195 3238 957
is_linear=0
shrinkage=0.03


Tree=246
num_leaves=7
num_cat=0
split_feature=4 12 16 13 12 15
split_gain=7416.29 3809.43 4267.39 4162.65 4118.7 3539.84
threshold=4.5000000000000009 1.0882697358021824 1.0741876549771825 0.02326356788680704 1.2716800630866065 0.060583591483640557
decision_type=2 8 10 8 10 2
left_child=-1 3 5 -2 -4 -3
right_child=1 2 4 -5 -6 -7
leaf_value=-0.00034444138887746367 -0.00017653557068002317 1.2509102850571445e-05 -0.00030275099525006174 -0.0019089339320599507 4.8880914671791676e-05 -7.3322212260441483e-05
leaf_weight=10963.112140655518 25278.54158782959 1073045.382270813 34705.135101318359 6956.5947341918945 22879.847459793091 160490.86283111572
leaf_count=48 599 1793 65 66 190 2043
internal_value=0.000545354 0.000748967 0.00100331 -0.00943688 -0.00697887 0.00137597
internal_weight=1.33432e+06 1.32336e+06 1.29112e+06 32235.1 57585 1.23354e+06
internal_count=4804 4756 4091 665 255 3836
is_linear=0
shrinkage=0.03


Tree=247
num_leaves=7
num_cat=0
split_feature=13 13 13 15 14 14
split_gain=6576.42 4626.1 11463.8 5658.65 6128.64 5590.46
threshold=0.8281396770149918 0.23631308981709873 0.086440527897512179 0.031909852228532147 1.0094554678862944 1.0050075219070154
decision_type=10 10 10 2 8 8
left_child=1 2 3 4 -1 -5
right_child=-2 -3 -4 5 -6 -7
leaf_value=-6.5676862196982131e-05 9.8067752947241755e-05 -7.1148243630657753e-05 4.3166690258898826e-05 2.1222847883098368e-05 0.00017234455252872449 -3.6463584207775722e-05
leaf_weight=29369.754333496094 31160.270668029785 88525.14762878418 52848.203353881836 242982.1068353653 38370.677490234375 835065.19485282898
leaf_count=39 148 214 131 1119 66 3036
internal_value=-3.47077e-05 -0.00036441 0.00012437 -0.00050575 0.0079044 -0.00103425
internal_weight=1.31832e+06 1.28716e+06 1.19864e+06 1.14579e+06 67740.4 1.07805e+06
internal_count=4753 4605 4391 4260 105 4155
is_linear=0
shrinkage=0.03


Tree=248
num_leaves=7
num_cat=0
split_feature=0 13 7 15 8 14
split_gain=4917.31 5230.91 4823.35 4427.52 4061.8 3509.14
threshold=2.5000000000000004 0.8281396770149918 1.5000000000000002 0.04440030412786309 0.80000000000000016 0.96381182778037988
decision_type=2 10 2 2 2 10
left_child=2 -2 3 4 5 -1
right_child=1 -3 -4 -5 -6 -7
leaf_value=-0.00023737640891568544 4.58357606408465e-06 0.00019038645395538139 0.000119836976301009 -0.00011933629423647072 4.7141214892481022e-05 3.4259751630346787e-05
leaf_weight=29173.039260864258 1005556.2109498978 21055.986255645752 17556.311332702637 174563.16595458984 27922.596542358398 31867.028625488281
leaf_count=47 3618 111 59 800 42 47
internal_value=0.000172672 0.00113527 -0.00334305 -0.00435745 0.00108958 -0.00324604
internal_weight=1.30769e+06 1.02661e+06 281082 263526 88962.7 61040.1
internal_count=4724 3729 995 936 136 94
is_linear=0
shrinkage=0.03


Tree=249
num_leaves=7
num_cat=0
split_feature=13 7 14 15 15 15
split_gain=5327.91 3556.61 8671.79 13850.8 5039.63 4417.47
threshold=0.90546942226191041 1.5000000000000002 1.0305868273461383 0.04854845155040257 0.060785732231722706 0.04080493668922195
decision_type=10 2 10 2 2 2
left_child=1 -1 3 -3 -5 -4
right_child=-2 2 5 4 -6 -7
leaf_value=-5.7386590468163861e-06 0.00049003475049922698 -0.0001318594162263332 7.2683768582923156e-06 0.00082676816572019069 -0.0003486280929416705 0.00082940336141615648
leaf_weight=1233396.8809995651 16328.553161621094 19954.685241699219 10854.442687988281 15652.733139038086 8236.9892883300781 21316.095100402832
leaf_count=4360 119 27 16 30 105 101
internal_value=-8.33875e-06 -0.000220746 0.00607704 -0.00260264 0.0128068 0.0179049
internal_weight=1.32574e+06 1.30941e+06 76014.9 43844.4 23889.7 32170.5
internal_count=4758 4639 279 162 135 117
is_linear=0
shrinkage=0.03


Tree=250
num_leaves=7
num_cat=0
split_feature=15 15 16 14 9 1
split_gain=4373.78 3972.45 4262.44 5493.09 11067 12381.7
threshold=0.029173981984485647 0.03347175610648883 1.0825028702192958 0.99272114493003116 1.0000000180025095e-35 1.0000000180025095e-35
decision_type=2 2 10 8 2 2
left_child=-1 -2 3 4 5 -3
right_child=1 2 -4 -5 -6 -7
leaf_value=1.6051012402306296e-05 -6.7195192044111309e-05 -0.00098921610658120047 -0.00025308727927715927 -7.8896966586117225e-06 -0.00010625350403389652 0.00019443838253163694
leaf_weight=49064.509338378906 67684.435485839844 34889.471406936646 34094.848880767822 937703.75757408142 52231.363389968872 118910.61755371094
leaf_count=73 88 532 265 3380 252 171
internal_value=-0.000130965 -0.000477075 -7.09167e-05 0.000240699 0.00467604 0.00872787
internal_weight=1.29458e+06 1.24551e+06 1.17783e+06 1.14374e+06 206031 153800
internal_count=4761 4688 4600 4335 955 703
is_linear=0
shrinkage=0.03


Tree=251
num_leaves=7
num_cat=0
split_feature=8 9 12 8 5 16
split_gain=4144.44 7478.01 7471.41 9057.71 6848.04 8909.72
threshold=0.35000000000000003 0.75000000000000011 1.1093054004242737 2.0000000000000004 5.7086140729771788 1.0851376996661604
decision_type=2 2 8 2 2 8
left_child=-1 2 -2 -4 5 -3
right_child=1 4 3 -5 -6 -7
leaf_value=-1.8439870549442504e-05 0.0011542622013801956 -0.00010129076075715213 5.8390802534259296e-06 0.0027845580804740479 -6.6407147782058043e-06 0.0026557208427473197
leaf_weight=1004906.4442739487 16279.790796279907 10490.770318984985 65822.427135467529 11859.591606140137 214527.23774909973 14776.399170875549
leaf_count=3592 66 36 218 47 782 59
internal_value=-0.000336706 0.00255972 0.00973318 0.00585959 -0.00025129 0.0145194
internal_weight=1.33866e+06 333756 93961.8 77682 239794 25267.2
internal_count=4800 1208 331 265 877 95
is_linear=0
shrinkage=0.03


Tree=252
num_leaves=7
num_cat=0
split_feature=14 14 3 9 14 15
split_gain=4428.56 11884.5 7623.59 11950.8 8057.37 5742.77
threshold=1.2235486479502535 1.150712066236131 1.0000000180025095e-35 0.95000000000000007 1.2839068195847994 0.056539048474663657
decision_type=10 10 2 2 10 2
left_child=1 -1 3 -2 -4 -6
right_child=2 -3 4 -5 5 -7
leaf_value=-1.8782205862711273e-07 0.00019325544911537085 -0.00011906222521255327 -0.00036912297595213686 -0.00017246644870689995 0.0014189207009530007 -0.00021140874822974778
leaf_weight=1213484.9582958221 38927.58731842041 19736.478414535522 10139.079307556152 8757.8471698760986 6139.188591003418 7299.0665664672852
leaf_count=4222 183 62 46 48 23 153
internal_value=5.29787e-05 -0.000367222 0.00732418 0.0142233 -0.00662941 0.00860337
internal_weight=1.30448e+06 1.23322e+06 71262.8 47685.4 23577.3 13438.3
internal_count=4737 4284 453 231 222 176
is_linear=0
shrinkage=0.03


Tree=253
num_leaves=7
num_cat=0
split_feature=15 15 8 14 15 15
split_gain=3884.18 10121.1 9865.35 14056.6 9517.84 12757.3
threshold=0.050780791744762903 0.048852481607943997 1.2500000000000002 0.9613155423314802 0.031909852228532147 0.043779207680071618
decision_type=2 2 2 10 2 2
left_child=1 2 3 4 -1 -6
right_child=-2 -3 -4 -5 5 -7
leaf_value=3.4209799482720441e-05 -2.3626034441981619e-05 0.00012582258364265747 4.6340685221974986e-05 9.0396821740382418e-06 -0.00045806373117693018 -3.6764330952536327e-05
leaf_weight=27136.351684570312 507485.78332901001 153360.0249786377 131682.07043457031 312398.54342651367 78777.540397644043 105794.87218475342
leaf_count=46 3483 238 223 490 132 164
internal_value=0.000233401 0.00152383 -9.87239e-05 -0.00194311 -0.00791112 -0.0103501
internal_weight=1.31664e+06 809149 655789 524107 211709 184572
internal_count=4776 1293 1055 832 342 296
is_linear=0
shrinkage=0.03


Tree=254
num_leaves=7
num_cat=0
split_feature=16 13 5 11 14 14
split_gain=5283.09 3906.99 4456.37 9324.78 4764.96 13214.2
threshold=1.0825028702192958 0.8281396770149918 5.004166413209405 1.0000000180025095e-35 1.2235486479502535 1.1281809128220688
decision_type=10 10 2 2 10 10
left_child=1 2 -1 4 5 -4
right_child=-2 -3 3 -5 -6 -7
leaf_value=-0.00022685577052550992 -0.0002144445447506562 4.0759803981737251e-05 9.3309289894769083e-07 0.0022980110529829639 0.00013703312452982073 -9.8041475240804031e-05
leaf_weight=24162.463103294373 33869.909009933472 25698.789232254028 1145635.8030567169 12940.430593490601 43407.429027557373 36611.594270706177
leaf_count=95 273 119 3796 56 308 106
internal_value=-0.000152374 0.000155093 -8.05991e-05 0.000168344 -9.91708e-05 -0.000457611
internal_weight=1.32233e+06 1.28846e+06 1.26276e+06 1.2386e+06 1.22565e+06 1.18225e+06
internal_count=4753 4480 4361 4266 4210 3902
is_linear=0
shrinkage=0.03


Tree=255
num_leaves=7
num_cat=0
split_feature=8 16 15 12 12 12
split_gain=3573.43 9828.05 7757.5 2587.18 4131.81 8564.18
threshold=3.3500000000000001 1.0637771057775078 0.04854845155040257 1.0933050055255815 1.1693505096152683 1.2716800630866065
decision_type=2 10 2 8 8 8
left_child=3 2 -2 -1 -5 -6
right_child=1 -3 -4 4 5 -7
leaf_value=-0.00034073040831646123 0.0010874725765384952 -0.00016559414898284448 0.00065777091566888708 1.0593939760350337e-05 -7.9086064546690361e-05 2.7093639060149209e-06
leaf_weight=37181.636932373047 17615.565910339355 14410.883420944214 35699.404100418091 321444.61540222168 175471.18988800049 727018.43703746796
leaf_count=660 31 26 178 652 255 2986
internal_value=0.000123888 0.0068368 0.0127782 -0.000236641 2.06826e-07 -0.00104006
internal_weight=1.32884e+06 67725.9 53315 1.26112e+06 1.22393e+06 902490
internal_count=4788 235 209 4553 3893 3241
is_linear=0
shrinkage=0.03


Tree=256
num_leaves=7
num_cat=0
split_feature=0 12 15 13 13 0
split_gain=3667.62 8364.39 4279.68 3834.65 8550.88 4484.16
threshold=6.5000000000000009 1.5289988241803774 0.059842722037963862 0.17913450679131507 0.10316166510267542 2.5000000000000004
decision_type=2 10 2 10 10 2
left_child=3 -2 -3 4 -1 -5
right_child=1 2 -4 5 -6 -7
leaf_value=-2.1080464389968525e-05 8.9208910576040474e-07 0.00016325472483293997 -9.0100902978101913e-05 -0.00010753865591153655 5.6360510012345869e-05 -1.0024159845251724e-05
leaf_weight=726987.59921455383 472126.29474067688 31896.072196960449 13413.188034057617 29375.189294815063 17494.520858764648 55790.767379760742
leaf_count=2705 1610 69 188 75 32 167
internal_value=-0.000605551 0.00137658 0.0136883 -0.00184177 -0.00115191 -0.00787177
internal_weight=1.34708e+06 517436 45309.3 829648 744482 85166
internal_count=4846 1867 257 2979 2737 242
is_linear=0
shrinkage=0.03


Tree=257
num_leaves=7
num_cat=0
split_feature=7 8 15 3 12 8
split_gain=4269.38 7689.38 5315.42 5152.75 9908.54 10122.6
threshold=1.0000000180025095e-35 3.3500000000000001 0.049078502971399311 1.0000000180025095e-35 1.4982042974990588 2.2500000000000004
decision_type=2 2 2 2 10 2
left_child=3 -2 -3 4 5 -1
right_child=1 2 -4 -5 -6 -7
leaf_value=-3.1295621232326497e-05 7.9568918223295858e-06 0.0012011831020620461 0.00091669410153702349 2.4170535099606691e-05 0.00021761292704696684 -0.00014315867406700756
leaf_weight=411709.01146888733 475722.07709026337 14304.23046875 12536.03009223938 291427.989153862 48630.467084884644 79998.692613601685
leaf_count=1013 1713 19 72 1485 276 210
internal_value=-0.000309568 0.00187354 0.0174947 -0.00162863 -0.00336271 -0.00464033
internal_weight=1.33433e+06 502562 26840.3 831766 540338 491708
internal_count=4788 1804 91 2984 1499 1223
is_linear=0
shrinkage=0.03


Tree=258
num_leaves=7
num_cat=0
split_feature=8 14 13 14 16 0
split_gain=5844.07 5167.14 11402.8 6955.77 6200.55 9447.21
threshold=0.35000000000000003 0.96502995123221536 0.8281396770149918 1.0835991471870294 1.048383096817489 3.5000000000000004
decision_type=2 8 10 8 10 2
left_child=-1 2 -2 4 5 -3
right_child=1 3 -4 -5 -6 -7
leaf_value=-6.1479855272923364e-06 -0.00034363460578365468 -8.980557298461971e-05 2.9238494920939254e-05 2.6206291077683908e-05 0.0001684036012529232 0.0005915195199010869
leaf_weight=988051.79545307159 16817.379493713379 12928.090320587158 15174.187406539917 244198.75999259949 26571.231145858765 26937.017797470093
leaf_count=3615 106 49 60 856 38 110
internal_value=0.000359098 0.00373522 -0.00774399 0.00491754 0.0135239 0.00604015
internal_weight=1.33068e+06 342627 31991.6 310635 66436.3 39865.1
internal_count=4834 1219 166 1053 197 159
is_linear=0
shrinkage=0.03


Tree=259
num_leaves=7
num_cat=0
split_feature=16 16 16 8 9 5
split_gain=3486.07 9124.8 6883.25 4588.05 10699.6 11118.4
threshold=1.046132868658564 1.0429653789081046 1.0465384712774024 1.6000000000000003 0.75000000000000011 5.7086140729771788
decision_type=10 10 10 2 2 2
left_child=1 3 -2 -1 -5 -6
right_child=2 -3 -4 4 5 -7
leaf_value=-1.1770939222679698e-05 -7.8467091309262186e-05 0.00029546863505680717 -3.9723957928211809e-06 0.0026946684516337572 0.0025476416734331801 -5.9968995363103217e-06
leaf_weight=609413.17981529236 38656.047424316406 40793.294309616089 484287.40575790405 14388.289628982544 12413.872643470764 107714.27187919617
leaf_count=3002 64 97 947 50 65 501
internal_value=2.53534e-05 0.00128983 -0.00187209 0.000532242 0.00554675 0.002618
internal_weight=1.30767e+06 784723 522943 743930 134516 120128
internal_count=4726 3715 1011 3618 616 566
is_linear=0
shrinkage=0.03


Tree=260
num_leaves=7
num_cat=0
split_feature=5 11 12 12 7 14
split_gain=4416.91 12138.1 6066.27 5173.01 5136.27 6088.27
threshold=5.004166413209405 1.0000000180025095e-35 1.2716800630866065 1.5289988241803774 1.0000000180025095e-35 0.94607194311368847
decision_type=2 2 10 10 2 8
left_child=2 3 -1 4 5 -2
right_child=1 -3 -4 -5 -6 -7
leaf_value=1.7164020176595814e-05 3.6007793572102152e-05 0.0021858123088026862 -0.0002754166139654018 0.00010967124920309207 2.1966467198608298e-05 -3.5791681307470574e-05
leaf_weight=11238.898864746094 37921.453815460205 15418.072946548462 16989.633438110352 111100.1941280365 445276.9654045105 693467.69856452942
leaf_count=63 274 68 62 692 1508 2115
internal_value=-0.000222365 3.19683e-05 -0.0119617 -0.000284885 -0.000869152 -0.00241568
internal_weight=1.33141e+06 1.30318e+06 28228.5 1.28777e+06 1.17667e+06 731389
internal_count=4782 4657 125 4589 3897 2389
is_linear=0
shrinkage=0.03


Tree=261
num_leaves=7
num_cat=0
split_feature=15 7 8 3 14 12
split_gain=7248.68 4752.38 10148.1 9409.41 6405.19 5936.53
threshold=0.029173981984485647 1.0000000180025095e-35 1.0000000180025095e-35 1.0000000180025095e-35 1.2619510653514818 1.1693505096152683
decision_type=2 2 2 2 10 8
left_child=-1 4 -3 -4 5 -2
right_child=1 2 3 -5 -6 -7
leaf_value=2.1399888914839915e-05 3.77891102218565e-06 -2.3735611838084806e-06 0.00041321390508035073 -9.111604998274727e-05 0.00034595809758090304 -9.359923312131996e-05
leaf_weight=51292.746337890625 244325.47389602661 392583.32686901093 66696.364437103271 33751.734027862549 35651.55809211731 501941.86622238159
leaf_count=79 828 1426 194 188 254 1856
internal_value=-0.000244103 -0.000688978 0.00161762 0.0101262 -0.00214338 -0.00273688
internal_weight=1.32624e+06 1.27495e+06 493031 100448 781919 746267
internal_count=4825 4746 1808 382 2938 2684
is_linear=0
shrinkage=0.03


Tree=262
num_leaves=7
num_cat=0
split_feature=12 14 13 12 12 12
split_gain=4080.33 10608.5 12846.4 8237.61 7023.3 9144.76
threshold=1.0982699792095445 1.0535599432888179 0.057777630891249689 1.0882697358021824 1.1693505096152683 1.2716800630866065
decision_type=8 10 10 10 8 8
left_child=1 2 3 -1 -2 -6
right_child=4 -3 -4 -5 5 -7
leaf_value=-0.0001041962006737061 5.1616202450022243e-05 -7.0734242210866087e-05 -2.2314867420264679e-05 0.00048674806322630094 -6.4970180481065338e-05 9.2740018498915605e-06
leaf_weight=19432.565011978149 267392.56282806396 36537.664949417114 29252.869071960449 25745.646697998047 171863.25581932068 788449.95136833191
leaf_count=433 607 230 89 41 247 3165
internal_value=0.000414284 -0.00509465 0.00140448 0.0114329 0.000912239 -0.000285096
internal_weight=1.33867e+06 110969 74431.1 45178.2 1.22771e+06 960313
internal_count=4812 793 563 474 4019 3412
is_linear=0
shrinkage=0.03


Tree=263
num_leaves=7
num_cat=0
split_feature=0 12 16 15 15 15
split_gain=4480.96 5806.41 4560.49 3994.67 9585.98 10478.7
threshold=6.5000000000000009 1.5289988241803774 1.0710728321363889 0.043597703860321656 0.051094601912366019 0.048852481607943997
decision_type=2 10 10 2 2 2
left_child=-1 2 3 -2 5 -5
right_child=1 -3 -4 4 -6 -7
leaf_value=-1.4782353512867156e-05 -2.7494958305125014e-05 0.00021999101720823809 0.00030847510493797373 -4.7433345558052184e-06 -8.4099185390590299e-06 0.00024958369506441423
leaf_weight=786246.79539680481 109776.01588439941 43413.028638839722 45802.555345535278 80931.381301879883 167881.33867645264 68426.520980834961
leaf_count=2888 166 249 121 132 1079 106
internal_value=0.000209314 0.0023809 0.00141674 0.000451744 0.00215861 0.00768732
internal_weight=1.30248e+06 516231 472818 427015 317239 149358
internal_count=4741 1853 1604 1483 1317 238
is_linear=0
shrinkage=0.03


Tree=264
num_leaves=7
num_cat=0
split_feature=0 15 15 14 14 9
split_gain=3990.41 3357.28 3518.24 4592.05 3254.89 9055.6
threshold=8.5000000000000018 0.029173981984485647 0.036734143736071978 0.94607194311368847 1.0050075219070154 0.15000000000000005
decision_type=2 2 2 10 8 2
left_child=1 -1 3 -3 5 -4
right_child=-2 2 4 -5 -6 -7
leaf_value=1.5802256927621873e-05 2.0443443257642278e-05 4.4877952101092832e-06 0.00011920299742988871 -8.3786037574122064e-05 -2.4024300633626462e-05 -0.00010599999243539961
leaf_weight=41528.080261230469 251465.96827220917 27826.920745849609 158049.19735336304 52261.447448730469 732245.06377506256 42996.57125377655
leaf_count=63 921 55 756 56 2647 239
internal_value=-0.000386249 -0.00119577 -0.00153839 -0.00757242 -0.00102055 0.00236053
internal_weight=1.30637e+06 1.05491e+06 1.01338e+06 80088.4 933291 201046
internal_count=4737 3816 3753 111 3642 995
is_linear=0
shrinkage=0.03


Tree=265
num_leaves=7
num_cat=0
split_feature=5 11 14 3 13 14
split_gain=4821.12 10981 6430.28 8733.8 6255.69 8541.43
threshold=5.004166413209405 1.0000000180025095e-35 1.2619510653514818 1.0000000180025095e-35 0.25194537264644484 1.0842898240257204
decision_type=2 2 10 2 10 10
left_child=-1 2 4 -4 -2 -6
right_child=1 -3 3 -5 5 -7
leaf_value=-0.00011468288146141205 1.3226356131445747e-06 0.0021727760361688682 0.00032750457335014584 -0.00021281135772154155 -4.8841051978269909e-06 -0.00018943560468654064
leaf_weight=29056.871758460999 1163704.0915260315 15616.512058258057 24562.271186828613 14473.316516876221 51224.51357460022 23404.960273742676
leaf_count=130 4034 70 163 201 127 45
internal_value=3.63437e-05 0.000307947 2.21052e-06 0.01199 -0.000375722 -0.00879531
internal_weight=1.32204e+06 1.29299e+06 1.27737e+06 39035.6 1.23833e+06 74629.5
internal_count=4770 4640 4570 364 4206 172
is_linear=0
shrinkage=0.03


Tree=266
num_leaves=7
num_cat=0
split_feature=0 13 13 13 12 13
split_gain=4784.77 4431.42 3300.21 3776.65 13348.5 11021.6
threshold=1.5000000000000002 0.8281396770149918 0.25194537264644484 0.052899882418037725 1.0982699792095445 0.025095141727727026
decision_type=2 10 10 10 10 10
left_child=-1 2 3 5 -5 -2
right_child=1 -3 -4 4 -6 -7
leaf_value=-3.9341509707597223e-05 7.6849145805589687e-06 9.6987341329694718e-05 -4.1210507383753827e-05 -3.3144172385081544e-05 0.00030416600422589825 -0.00094748410387961786
leaf_weight=138413.24376583099 1011515.0162572861 24421.623132705688 72329.87659072876 17200.255424499512 46584.363496780396 11105.263465881348
leaf_count=503 3767 131 166 75 113 39
internal_value=0.000247617 0.000865035 0.000598463 0.00101158 0.00809365 0.000569807
internal_weight=1.32157e+06 1.18316e+06 1.15873e+06 1.0864e+06 63784.6 1.02262e+06
internal_count=4794 4291 4160 3994 188 3806
is_linear=0
shrinkage=0.03


Tree=267
num_leaves=7
num_cat=0
split_feature=15 15 15 3 14 14
split_gain=6207.46 5736.2 13587.3 10122.5 8674.21 11768.2
threshold=0.029173981984485647 0.043597703860321656 0.04440030412786309 1.0000000180025095e-35 0.96298262306421611 0.98926459276612355
decision_type=2 2 2 2 10 10
left_child=-1 3 -3 4 -2 -6
right_child=1 2 -4 -5 5 -7
leaf_value=2.4287595895583274e-05 -0.00032567250501982614 0.00011516243702410609 -2.1335027289781648e-06 5.3213754501805753e-05 0.00019939172752959743 -8.2731729084645797e-05
leaf_weight=53845.650512695312 65229.899688720703 64619.493194580078 866639.38429260254 133057.58167266846 40834.344451904297 98822.306869506836
leaf_count=81 75 75 4144 290 47 121
internal_value=-0.000137896 -0.000561166 0.000653778 -0.0039091 -0.00809315 -0.00387425
internal_weight=1.32305e+06 1.2692e+06 931259 337944 204887 139657
internal_count=4833 4752 4219 533 243 168
is_linear=0
shrinkage=0.03


Tree=268
num_leaves=7
num_cat=0
split_feature=14 14 14 15 14 14
split_gain=4500.56 13904.2 10623 6553.1 6242.15 7133.07
threshold=1.0914695316578398 1.0842898240257204 1.1068849337467095 0.029173981984485647 1.2235486479502535 1.150712066236131
decision_type=10 10 10 2 10 10
left_child=1 3 -2 -1 5 -4
right_child=2 -3 4 -5 -6 -7
leaf_value=2.5373123536598712e-05 0.0002196361230922202 -0.00015216411063608953 -1.104229066999712e-05 -1.1933271218555597e-05 0.00012971499111461053 -0.00015670134592469834
leaf_weight=40750.317138671875 46191.203426361084 25099.399347305298 48112.398048400879 1087587.6966495514 72159.219755172729 18387.779851913452
leaf_count=70 106 49 167 3880 483 68
internal_value=-0.000511877 -0.00120834 0.00383383 -0.000717027 -0.000317212 -0.00694747
internal_weight=1.33829e+06 1.15344e+06 184851 1.12834e+06 138659 66500.2
internal_count=4823 3999 824 3950 718 235
is_linear=0
shrinkage=0.03


Tree=269
num_leaves=7
num_cat=0
split_feature=5 5 5 8 16 15
split_gain=3618.68 8419.72 6096.51 8776.78 4656.11 3754.68
threshold=5.004166413209405 5.3218043714983461 4.9541342052569144 1.0000000180025095e-35 1.0825028702192958 0.051094601912366019
decision_type=2 2 2 2 10 2
left_child=2 -2 3 -1 5 -3
right_child=1 4 -4 -5 -6 -7
leaf_value=-0.00031515053942825542 0.0013348746324956223 1.027249001746225e-05 -0.00023955386046945241 0.00037569920847667539 -0.0002708178042628014 -2.0637459796983283e-05
leaf_weight=9912.7149820327759 19967.544380187988 772360.65077972412 9627.2476196289062 12076.08910369873 31687.672332763672 475643.59871292114
leaf_count=43 51 1210 14 74 258 3147
internal_value=-5.43649e-05 0.000189604 -0.0100818 -0.00136304 -0.000112057 0.000176313
internal_weight=1.33128e+06 1.29966e+06 31616.1 21988.8 1.27969e+06 1.248e+06
internal_count=4797 4666 131 117 4615 4357
is_linear=0
shrinkage=0.03


Tree=270
num_leaves=7
num_cat=0
split_feature=0 5 5 16 12 15
split_gain=5042.74 5763.48 6336.62 4691.58 4585.56 3673.94
threshold=7.5000000000000009 5.004166413209405 5.3249834198423418 1.0423697238496554 1.5289988241803774 0.04854845155040257
decision_type=2 2 2 10 10 2
left_child=1 3 -3 -1 5 -2
right_child=4 2 -4 -5 -6 -7
leaf_value=-0.00030667216349105681 -6.0389022358691173e-06 0.0012894528956942605 -1.1809214590976575e-05 -0.00018019077916289799 0.00011760931200063462 7.806885452177559e-05
leaf_weight=9129.5813274383545 165575.22648620605 14523.989395141602 887846.79716300964 12367.151212692261 33567.530143737793 191114.30577850342
leaf_count=70 269 38 3231 25 194 933
internal_value=9.48752e-05 -0.00111296 -0.000747188 -0.0164631 0.00295419 0.00195649
internal_weight=1.31412e+06 923868 902371 21496.7 390257 356690
internal_count=4760 3364 3269 95 1396 1202
is_linear=0
shrinkage=0.03


Tree=271
num_leaves=7
num_cat=0
split_feature=15 16 15 12 14 9
split_gain=4621.32 3893.74 3485.22 3881.08 10291.7 9460.64
threshold=0.029173981984485647 1.0839725208765716 0.03347175610648883 1.0982699792095445 1.0535599432888179 1.0000000180025095e-35
decision_type=2 10 2 8 10 2
left_child=-1 2 -2 4 5 -4
right_child=1 -3 3 -5 -6 -7
leaf_value=1.836075630734011e-05 -4.8230709892523729e-05 -0.0002608215882313355 0.00021964532648397926 9.7162078343375541e-06 -7.2683683716405901e-05 -1.9104880803559194e-05
leaf_weight=51387.678466796875 77220.946014404297 28239.82745552063 41276.82276725769 1074749.7594642639 38666.644702911377 36562.713380813599
leaf_count=79 98 259 315 3672 207 216
internal_value=9.60964e-05 -0.000253582 -8.27502e-06 0.000392104 -0.00480862 0.00147587
internal_weight=1.3481e+06 1.29672e+06 1.26848e+06 1.19126e+06 116506 77839.5
internal_count=4846 4767 4508 4410 738 531
is_linear=0
shrinkage=0.03


Tree=272
num_leaves=7
num_cat=0
split_feature=16 16 13 13 8 8
split_gain=4017.45 5195.93 3461.02 4630.65 4140.36 7131.86
threshold=1.0741876549771825 1.0710728321363889 0.8281396770149918 0.52641658325652074 3.3500000000000001 2.5500000000000003
decision_type=10 10 10 10 2 2
left_child=1 2 3 4 5 -1
right_child=-2 -3 -4 -5 -6 -7
leaf_value=-8.3820944159134676e-07 -0.00014688968696578364 0.00019515538383928015 4.14532471472131e-05 -0.00031296569874117799 0.00061213230839984064 -8.8071254895036357e-05
leaf_weight=1052758.7946882248 55894.15845489502 61400.276184082031 26933.345502853394 20732.260972976685 57834.07216835022 40917.248304367065
leaf_count=3798 317 104 114 63 204 170
internal_value=-0.00016644 0.000182546 -0.000253295 -0.000497613 -0.00024458 -0.000658264
internal_weight=1.31647e+06 1.26058e+06 1.19918e+06 1.17224e+06 1.15151e+06 1.09368e+06
internal_count=4770 4453 4349 4235 4172 3968
is_linear=0
shrinkage=0.03


Tree=273
num_leaves=7
num_cat=0
split_feature=13 0 13 8 15 12
split_gain=5676.81 5087.62 4462.15 7597.26 4117.85 4056.19
threshold=0.8281396770149918 2.5000000000000004 0.17913450679131507 0.35000000000000003 0.048852481607943997 1.265509476038903
decision_type=10 2 10 2 2 8
left_child=1 2 3 5 -5 -1
right_child=-2 -3 -4 4 -6 -7
leaf_value=-1.1802149722329097e-05 7.4426391105333187e-05 2.4998086951649403e-06 -8.6913302055767727e-05 0.00011039531530782557 -1.6067075498846131e-05 -0.00016881190742530413
leaf_weight=97801.707800865173 29251.714073181152 1001141.9002599716 23931.160209655762 19648.106658935547 19273.797109603882 109953.72665786743
leaf_count=296 143 3607 48 34 139 438
internal_value=-0.000281984 -0.000582552 -0.00423219 -0.00303212 0.00913076 -0.00531094
internal_weight=1.301e+06 1.27175e+06 270608 246677 38921.9 207755
internal_count=4705 4562 955 907 173 734
is_linear=0
shrinkage=0.03


Tree=274
num_leaves=7
num_cat=0
split_feature=13 14 13 14 12 15
split_gain=3893.98 4237.57 20634.4 9781.48 8521.23 12419.6
threshold=0.8281396770149918 0.97060912187111337 0.025095141727727026 0.98457513773568628 1.4853093849417716 0.0460662110248777
decision_type=10 8 10 8 8 2
left_child=1 2 4 -3 -1 -6
right_child=-2 3 -4 -5 5 -7
leaf_value=-6.0918487586761577e-05 3.6142964796443523e-05 0.00047258422902605584 -0.00031617316325210335 -3.7831828090978969e-06 0.00036544242174035065 -1.1590332543030768e-05
leaf_weight=71648.946327209473 30515.993984222412 47344.107089996338 30904.571569442749 1078595.7441635132 17607.249069213867 34897.287782669067
leaf_count=425 140 110 69 3652 29 333
internal_value=-0.000285171 -0.000537491 -0.00518701 0.000102835 0.000273449 0.00945415
internal_weight=1.31151e+06 1.281e+06 155058 1.12594e+06 124153 52504.5
internal_count=4758 4618 856 3762 787 362
is_linear=0
shrinkage=0.03


Tree=275
num_leaves=7
num_cat=0
split_feature=16 12 5 11 14 14
split_gain=4692.44 3639.9 3938.72 7862.26 5677.12 10274.3
threshold=1.0741876549771825 1.0882697358021824 5.004166413209405 1.0000000180025095e-35 1.2235486479502535 1.1281809128220688
decision_type=10 8 2 2 10 10
left_child=1 -1 -3 4 5 -4
right_child=-2 2 3 -5 -6 -7
leaf_value=-0.00039221089966267876 -9.520527936782768e-05 -8.7021031513996266e-05 6.1139808008538711e-06 0.002032500401139275 0.00015285316396754036 -0.00010275698380212768
leaf_weight=32175.905032157898 56834.660734176636 26490.29551410675 1104080.9287643433 12971.803396224976 48676.907905578613 30991.841989517212
leaf_count=611 313 100 3316 59 272 82
internal_value=0.000209631 0.000591356 0.000853367 0.00110666 0.000852062 0.000421805
internal_weight=1.31222e+06 1.25539e+06 1.22321e+06 1.19672e+06 1.18375e+06 1.13507e+06
internal_count=4753 4440 3829 3729 3670 3398
is_linear=0
shrinkage=0.03


Tree=276
num_leaves=7
num_cat=0
split_feature=16 14 14 5 15 15
split_gain=3941.76 4901.96 7085.75 6556.33 5538.88 6324.87
threshold=1.0741876549771825 1.2235486479502535 1.157307298801548 5.004166413209405 0.04854845155040257 0.052946931251674607
decision_type=10 10 10 2 2 2
left_child=1 2 -1 -3 -5 -6
right_child=-2 3 -4 4 5 -7
leaf_value=-2.671851610160351e-07 -0.00012046339021451146 -7.0815351361379979e-05 -9.5439314979394013e-05 0.00016403604146973701 -8.1420940004544489e-05 0.00041674490202171674
leaf_weight=1172618.4615688324 60198.371332168579 6844.728687286377 12955.036470413208 22743.756973266602 7171.5764465332031 22796.109035491943
leaf_count=3969 330 26 50 47 10 294
internal_value=-0.000205549 0.000156951 -0.000264954 0.00855504 0.0121421 0.00366896
internal_weight=1.30533e+06 1.24513e+06 1.18557e+06 59556.2 52711.4 29967.7
internal_count=4726 4396 4019 377 351 304
is_linear=0
shrinkage=0.03


Tree=277
num_leaves=7
num_cat=0
split_feature=13 12 14 3 14 14
split_gain=5572.24 2825.99 6339.59 10433.4 9840.4 9790.02
threshold=0.8281396770149918 1.1693505096152683 1.0526181595464561 1.0000000180025095e-35 1.0711860687033472 0.97060912187111337
decision_type=10 8 10 2 10 8
left_child=1 2 5 4 -4 -1
right_child=-2 -3 3 -5 -6 -7
leaf_value=-0.0001912574394166304 4.7029877759673153e-05 -2.288244338033834e-05 -0.00067907746605338994 0.00026474058145211596 -4.219635699443867e-05 6.964685293745732e-05
leaf_weight=36784.326216697693 30387.553449630737 901893.83404159546 17706.223100662231 43884.827806472778 70556.876791000366 224068.87714385986
leaf_count=366 148 3262 42 201 214 610
internal_value=-0.000526848 -0.000824866 0.00129822 -0.004055 -0.0099987 0.00401018
internal_weight=1.32528e+06 1.29489e+06 393001 132148 88263.1 260853
internal_count=4843 4695 1433 457 256 976
is_linear=0
shrinkage=0.03


Tree=278
num_leaves=7
num_cat=0
split_feature=13 12 16 15 12 16
split_gain=4379.84 3808.35 6900.27 6080 4894.2 8868.94
threshold=0.8281396770149918 1.0982699792095445 1.0498483685467155 0.057971824605915843 1.1093054004242737 1.0465384712774024
decision_type=10 8 8 2 8 10
left_child=1 2 3 -1 5 -3
right_child=-2 4 -4 -5 -6 -7
leaf_value=-9.0019761474143133e-05 7.9392928832040186e-05 -8.1503314919393618e-06 1.9571384433422886e-05 -1.6804658640240641e-05 -4.5857233204356408e-06 0.00025351434199257688
leaf_weight=31798.376739501953 26846.531118392944 61802.930221557617 37166.738021850586 42198.133993148804 1078299.4813394547 65294.417770385742
leaf_count=100 138 198 187 493 3573 101
internal_value=2.25728e-05 -0.000222056 -0.0055351 -0.010832 0.00026794 0.00583581
internal_weight=1.34341e+06 1.31656e+06 111163 73996.5 1.2054e+06 127097
internal_count=4790 4652 780 593 3872 299
is_linear=0
shrinkage=0.03


Tree=279
num_leaves=7
num_cat=0
split_feature=13 0 16 16 16 14
split_gain=6212.64 3344.68 3080.33 5823.25 7084.72 5127.57
threshold=0.8281396770149918 4.5000000000000009 1.0427419311371495 1.046132868658564 1.0465384712774024 0.94334000820062025
decision_type=10 2 8 8 8 8
left_child=2 -2 -1 -4 -5 -6
right_child=1 -3 3 4 5 -7
leaf_value=-3.7927092226773064e-05 3.8247546550210841e-06 0.00012719635641827428 0.00021762474316836374 -8.8915937472793254e-05 7.1716290376056563e-05 2.0162730186656928e-06
leaf_weight=129442.54704666138 12880.532297134399 17999.538625717163 37072.677360534668 40510.84708404541 31870.142946243286 1054349.946190834
leaf_count=1345 64 89 93 66 193 2923
internal_value=0.000519347 0.0138165 0.000201785 0.000690081 0.000305126 0.000764558
internal_weight=1.32413e+06 30880.1 1.29325e+06 1.1638e+06 1.12673e+06 1.08622e+06
internal_count=4773 153 4620 3275 3182 3116
is_linear=0
shrinkage=0.03


Tree=280
num_leaves=7
num_cat=0
split_feature=13 0 16 15 15 15
split_gain=5967.53 4311.37 4980.92 4014.16 7424.04 9727.78
threshold=0.8281396770149918 6.5000000000000009 1.0741876549771825 0.039230364345783843 0.051094601912366019 0.048852481607943997
decision_type=10 2 10 2 2 2
left_child=1 2 -1 -3 5 -5
right_child=-2 3 -4 4 -6 -7
leaf_value=-1.023505401750787e-05 6.5780823571803565e-05 -1.4618798778177179e-05 -0.00026371817518278671 1.6297963002057922e-05 -6.2022398278385434e-06 0.00024268284268775479
leaf_weight=758459.60848999023 30330.800977706909 83521.915679931641 34882.099580764771 160963.4126739502 195507.00969696045 66389.74739074707
leaf_count=2668 147 122 190 272 1296 102
internal_value=7.61859e-05 -0.000230811 -0.00161123 0.00193187 0.00311895 0.00680505
internal_weight=1.33005e+06 1.29972e+06 793342 506382 422860 227353
internal_count=4797 4650 2858 1792 1670 374
is_linear=0
shrinkage=0.03


Tree=281
num_leaves=7
num_cat=0
split_feature=12 14 9 16 12 14
split_gain=4428.11 10077.7 10897 8226.81 6486.15 13120.6
threshold=1.0982699792095445 1.0535599432888179 1.0000000180025095e-35 1.0419302677309197 1.1093054004242737 0.96855461248741614
decision_type=8 10 2 10 8 10
left_child=1 2 3 -1 5 -2
right_child=4 -3 -4 -5 -6 -7
leaf_value=2.4778802420070563e-05 -0.00033102120864248477 -6.3823623433525699e-05 -5.3031696367043599e-05 0.0013325170112302152 -2.0471494107010135e-06 0.00025110270924257088
leaf_weight=25369.885375976562 23292.189697265625 38209.542705535889 32311.358270645142 15917.493133544922 1111051.4809217453 102921.45413970947
leaf_count=300 85 226 215 55 3711 222
internal_value=8.76667e-06 -0.00570861 0.000781199 0.0109926 0.000525451 0.00696993
internal_weight=1.34907e+06 111808 73598.7 41287.4 1.23727e+06 126214
internal_count=4814 796 570 355 4018 307
is_linear=0
shrinkage=0.03


Tree=282
num_leaves=7
num_cat=0
split_feature=15 14 14 14 12 14
split_gain=4709.93 7756.31 3140.06 7626.72 8883.03 10110.5
threshold=0.032249317692343661 0.95292131809574754 0.97060912187111337 1.0050075219070154 1.1093054004242737 1.0010306046144557
decision_type=2 10 10 10 10 10
left_child=1 -1 -2 4 -4 -6
right_child=2 -3 3 -5 5 -7
leaf_value=6.8663431841837263e-05 -1.7085998140496637e-05 4.010268685286205e-06 0.00032689280269891283 -1.330815832739481e-06 -5.3733109089608469e-05 0.00041731084664040855
leaf_weight=30122.114532470703 646300.58253002167 57361.312072753906 63961.318309783936 428391.71398353577 62601.99089050293 20567.113784790039
leaf_count=54 2794 69 144 1437 207 41
internal_value=0.000601425 0.00732555 0.000119945 0.00173159 0.00762436 0.00115974
internal_weight=1.30931e+06 87483.4 1.22182e+06 575522 147130 83169.1
internal_count=4746 123 4623 1829 392 248
is_linear=0
shrinkage=0.03


Tree=283
num_leaves=7
num_cat=0
split_feature=14 14 14 13 14 14
split_gain=3917.4 11752.4 10646.8 4505.42 3172.22 9473.16
threshold=0.95292131809574754 0.9613155423314802 0.93054782712494399 -0.5699598092311815 1.0050075219070154 1.0010306046144557
decision_type=8 8 10 10 8 10
left_child=2 -2 3 -1 5 -3
right_child=1 4 -4 -5 -6 -7
leaf_value=2.8246146878480177e-05 -0.00071659015370554376 8.6277552559165369e-06 5.7384440498738212e-05 -0.00043196458762655046 -3.6736652538124602e-06 0.00035958800948446517
leaf_weight=3759.7196044921875 26699.207851409912 171106.63195991516 57164.150993347168 33121.791194915771 1017250.4877824783 21550.677215576172
leaf_count=37 77 431 146 548 3506 49
internal_value=0.000151638 -0.000297263 0.00605395 -0.00651219 0.000137229 0.00366696
internal_weight=1.33065e+06 1.23661e+06 94045.7 36881.5 1.20991e+06 192657
internal_count=4794 4063 731 585 3986 480
is_linear=0
shrinkage=0.03


Tree=284
num_leaves=7
num_cat=0
split_feature=12 14 15 12 8 14
split_gain=4386.88 8647.21 6538.57 5499.1 8446.85 14706.4
threshold=1.0982699792095445 0.98457513773568628 0.05048627430081553 1.1093054004242737 0.80000000000000016 1.0002642784689899
decision_type=8 10 2 8 2 8
left_child=1 -1 -3 4 5 -2
right_child=3 2 -4 -5 -6 -7
leaf_value=0.00032803997469997012 0.00027759414689224049 -0.00019385247519094952 -6.693859359435873e-06 2.7055298585145546e-06 0.00054243467169696297 -9.286862504800716e-05
leaf_weight=30203.326183319092 43843.419769287109 21529.949722290039 64650.250171661377 1077282.1498527527 31649.568077087402 55676.648696899414
leaf_count=369 101 78 359 3684 70 136
internal_value=0.000379603 -0.00518299 -0.0100239 0.000915344 0.00671486 0.00242128
internal_weight=1.32484e+06 116384 86180.2 1.20845e+06 131170 99520.1
internal_count=4797 806 437 3991 307 237
is_linear=0
shrinkage=0.03


Tree=285
num_leaves=7
num_cat=0
split_feature=15 13 3 13 13 8
split_gain=4638.24 3705.58 3850.13 3240.21 6359.07 6785
threshold=0.029173981984485647 0.90546942226191041 1.0000000180025095e-35 0.23631308981709873 0.10316166510267542 1.2500000000000002
decision_type=2 10 2 10 10 2
left_child=-1 3 -3 4 -2 -6
right_child=1 2 -4 -5 5 -7
leaf_value=1.9174780841341767e-05 -1.1665968813877884e-05 0.00061796061847475771 -0.000189164488408069 -2.9508868302579038e-05 0.0011890509270255022 -3.4718632742070098e-07
leaf_weight=52571.785827636719 1104731.5005645752 12352.371471405029 7160.1244087219238 94419.465238571167 23623.900604248047 28373.940063476562
leaf_count=79 4236 70 68 219 32 65
internal_value=-0.000645005 -0.0010063 0.0119648 -0.00120863 -0.000772438 0.00947974
internal_weight=1.32323e+06 1.27066e+06 19512.5 1.25115e+06 1.15673e+06 51997.8
internal_count=4769 4690 138 4552 4333 97
is_linear=0
shrinkage=0.03


Tree=286
num_leaves=7
num_cat=0
split_feature=14 14 12 14 14 15
split_gain=4283.27 10919.5 12265.6 9123.04 8243.68 7061.6
threshold=0.94864079539466883 0.9613155423314802 1.3315813783272172 0.93054782712494399 0.98457513773568628 0.04440030412786309
decision_type=8 8 10 10 8 2
left_child=3 2 -2 5 -3 -1
right_child=1 4 -4 -5 -6 -7
leaf_value=2.1416958628077001e-05 -0.0011747794739234811 0.00019937432421930024 0.00010062649538956529 4.184416479064594e-05 -1.0009913387215753e-05 -0.00048005519918911644
leaf_weight=7259.2202835083008 27641.941596984863 103954.76267433167 15127.146718978882 45217.936168670654 1104472.2992763519 31275.78279209137
leaf_count=18 60 196 60 116 3780 585
internal_value=-0.000355084 -0.00079475 -0.0156911 0.0062128 -0.000267471 -0.00451248
internal_weight=1.33495e+06 1.2512e+06 42769.1 83752.9 1.20843e+06 38535
internal_count=4815 4096 120 719 3976 603
is_linear=0
shrinkage=0.03


Tree=287
num_leaves=7
num_cat=0
split_feature=16 14 14 5 3 7
split_gain=3653.9 4524.66 11991 5961.29 6817.44 4924.64
threshold=1.0825028702192958 1.2235486479502535 1.150712066236131 5.004166413209405 1.0000000180025095e-35 1.0000000180025095e-35
decision_type=10 10 10 2 2 2
left_child=1 2 5 -3 -5 -1
right_child=-2 3 -4 4 -6 -7
leaf_value=-1.7316225747460217e-05 -0.00023887277335310508 -9.9466492137612183e-05 -0.00013035372239048493 0.00015574712076395783 -0.00022799907806421037 3.2572570427740015e-05
leaf_weight=760941.18054866791 36557.668725967407 6846.0072326660156 20093.47342300415 37369.232501983643 18143.560932159424 450212.62354469299
leaf_count=2547 269 25 66 176 200 1506
internal_value=-0.00085607 -0.000591727 -0.00099103 0.00729177 0.0105494 -0.000609648
internal_weight=1.33016e+06 1.29361e+06 1.23125e+06 62358.8 55512.8 1.21115e+06
internal_count=4789 4520 4119 401 376 4053
is_linear=0
shrinkage=0.03


Tree=288
num_leaves=7
num_cat=0
split_feature=0 5 11 12 14 16
split_gain=4389.98 6274.96 8443.77 3985.98 9130.81 8552.35
threshold=7.5000000000000009 5.004166413209405 1.0000000180025095e-35 1.1693505096152683 1.0526181595464561 1.0373805800306661
decision_type=2 2 2 8 10 8
left_child=1 -1 3 4 5 -3
right_child=-2 2 -4 -5 -6 -7
leaf_value=-0.00015719828464707332 1.4431292183750576e-05 -0.00035089405388109081 0.0019701695996844444 -3.8952249374664238e-05 -5.1442521642988577e-05 7.4718670789753155e-05
leaf_weight=20399.441123962402 375931.06333255768 21481.792472839355 11436.875688552856 616789.27576828003 94095.496995925903 167712.69304466248
leaf_count=94 1362 304 54 2239 301 398
internal_value=8.53189e-05 -0.00101861 -0.00065029 -0.000975833 0.00196993 0.00576819
internal_weight=1.30785e+06 931916 911516 900079 283290 189194
internal_count=4752 3390 3296 3242 1003 702
is_linear=0
shrinkage=0.03


Tree=289
num_leaves=7
num_cat=0
split_feature=15 8 13 12 4 13
split_gain=4684.33 4819.46 6072.69 11407.1 10330.5 6280.13
threshold=0.029173981984485647 0.35000000000000003 0.23631308981709873 1.0982699792095445 5.5000000000000009 0.8281396770149918
decision_type=2 2 10 10 2 10
left_child=-1 -2 3 4 -3 -4
right_child=1 2 5 -5 -6 -7
leaf_value=1.7560309334385328e-05 -1.2868195670067606e-05 0.0021756254141338909 -3.3711900393215068e-05 0.00058677647189482574 5.007467093642859e-08 0.00014252058392262359
leaf_weight=55835.231018066406 950399.00647258759 12049.991048812866 80220.700256347656 37168.694236755371 157576.17028427124 24043.638738632202
leaf_count=82 3547 53 197 60 718 147
internal_value=-4.25746e-05 -0.000418965 0.00282228 0.00579861 0.00250012 -0.00308089
internal_weight=1.31729e+06 1.26146e+06 311059 206795 169626 104264
internal_count=4804 4722 1175 831 771 344
is_linear=0
shrinkage=0.03


Tree=290
num_leaves=7
num_cat=0
split_feature=15 13 16 14 14 5
split_gain=6772.77 4333.31 3882.42 3161.44 13932.7 9833.08
threshold=0.029173981984485647 0.8281396770149918 1.0825028702192958 1.2235486479502535 1.150712066236131 5.004166413209405
decision_type=2 10 10 10 10 2
left_child=-1 2 3 4 -2 -5
right_child=1 -3 -4 5 -6 -7
leaf_value=1.8294067214032328e-05 -3.5095668110574481e-06 8.6084819055935621e-05 -0.00023443798434613476 -8.2981053767122709e-05 -9.7435944668774999e-05 0.00016603744012299733
leaf_weight=56808.391906738281 1131334.626452446 27969.074321746826 30220.228130340576 5598.0572509765625 19214.978193283081 38721.453811645508
leaf_count=85 3892 144 245 7 59 323
internal_value=-0.000230689 -0.000690022 -0.000956605 -0.000687998 -0.000990875 0.00717401
internal_weight=1.30987e+06 1.25306e+06 1.22509e+06 1.19487e+06 1.15055e+06 44319.5
internal_count=4755 4670 4526 4281 3951 330
is_linear=0
shrinkage=0.03


Tree=291
num_leaves=7
num_cat=0
split_feature=14 16 14 12 14 8
split_gain=4375.74 13114.6 5950.62 12547.6 7748.52 6705.49
threshold=0.94864079539466883 1.0635378110534581 0.97060912187111337 1.265509476038903 0.98457513773568628 1.6000000000000003
decision_type=8 8 8 10 8 2
left_child=1 -1 3 -2 -4 -6
right_child=2 -3 4 -5 5 -7
leaf_value=-5.1257628891564402e-05 -0.00033958082098231715 4.7355565812285693e-05 0.00049825668501659128 -2.4382221164445927e-06 -1.1518359156072349e-05 5.3940923055628076e-05
leaf_weight=46192.170557975769 26579.244766235352 35258.038692474365 47944.418649673462 55522.821067810059 937323.90367221832 161834.84037971497
leaf_count=543 66 186 108 121 3137 591
internal_value=-4.62089e-05 0.00668751 -0.000492427 -0.00829432 6.60147e-05 -0.000448963
internal_weight=1.31066e+06 81450.2 1.22921e+06 82102.1 1.1471e+06 1.09916e+06
internal_count=4752 729 4023 187 3836 3728
is_linear=0
shrinkage=0.03


Tree=292
num_leaves=7
num_cat=0
split_feature=14 7 14 15 14 14
split_gain=4556.83 5842.56 4208.48 7385.23 5641.52 10485.6
threshold=1.2619510653514818 1.0000000180025095e-35 1.1281809128220688 0.042273255409590892 1.1008288912606925 1.1068849337467095
decision_type=10 2 10 2 10 10
left_child=2 -2 4 -4 -1 -6
right_child=1 -3 3 -5 5 -7
leaf_value=-4.8891403887375454e-06 0.00022650620616481541 -0.00024871869196827704 3.1794835274882261e-05 -7.3835425011778132e-05 0.00029234887585225119 -1.2851788627257684e-05
leaf_weight=1166057.4953718185 36239.556749343872 8484.3657264709473 21703.877235412598 38819.84751701355 22822.243766784668 24684.791425704956
leaf_count=4074 244 152 29 169 56 110
internal_value=-0.000318439 0.00909322 -0.000648848 -0.00836915 -0.000263783 0.00986939
internal_weight=1.31881e+06 44723.9 1.27409e+06 60523.7 1.21356e+06 47507
internal_count=4834 396 4438 198 4240 166
is_linear=0
shrinkage=0.03


Tree=293
num_leaves=7
num_cat=0
split_feature=15 15 12 15 15 14
split_gain=4285.09 4587.75 7725.44 6584.98 16300.3 18732.1
threshold=0.029173981984485647 0.038819155839050913 1.1849468853702654 0.04440030412786309 0.043779207680071618 1.1417229228257375
decision_type=2 2 8 2 2 8
left_child=-1 2 -2 4 5 -3
right_child=1 3 -4 -5 -6 -7
leaf_value=1.5878944811102414e-05 -0.00014349319010598783 0.00012492618639231806 -7.2922593297023892e-06 -1.0881311997600593e-05 0.00011832051871280638 -0.00026287540968047653
leaf_weight=52777.557495117188 38570.137023925781 119471.79649353027 117975.13214111328 892148.80182266235 56657.766418457031 60551.446571350098
leaf_count=78 42 222 174 4102 68 92
internal_value=-0.000439385 -0.000783398 -0.00559614 -0.000115948 0.00433258 -8.43166e-05
internal_weight=1.33815e+06 1.28538e+06 156545 1.12883e+06 236681 180023
internal_count=4778 4700 216 4484 382 314
is_linear=0
shrinkage=0.03


Tree=294
num_leaves=7
num_cat=0
split_feature=14 14 1 14 13 15
split_gain=4001.35 9813.18 7686.99 5724.56 5346.88 4558.64
threshold=0.95292131809574754 0.9613155423314802 1.0000000180025095e-35 0.98707670706139494 0.75372985175490548 0.051094601912366019
decision_type=8 8 2 8 10 2
left_child=2 -2 -1 5 -5 -3
right_child=1 3 -4 4 -6 -7
leaf_value=-0.00076157157193927378 -0.00080199240571570633 0.00013338370006725649 2.0486373426266709e-05 -5.8383289569018682e-06 0.00058591435128778682 -5.5869251529516716e-06
leaf_weight=35008.535674095154 29897.04216003418 77304.016273498535 60017.960723876953 1078350.7497186661 18310.732847213745 30380.623973846436
leaf_count=655 83 112 86 3593 92 137
internal_value=0.000108115 -0.000348604 0.00603988 7.28975e-05 -0.000575236 0.00667322
internal_weight=1.32927e+06 1.23424e+06 95026.5 1.20435e+06 1.09666e+06 107685
internal_count=4758 4017 741 3934 3685 249
is_linear=0
shrinkage=0.03


Tree=295
num_leaves=7
num_cat=0
split_feature=15 14 12 14 13 16
split_gain=6109.7 5296.22 3678.13 10812.7 12742.3 7094.75
threshold=0.029173981984485647 0.98728541406749526 1.0982699792095445 1.0535599432888179 0.057777630891249689 1.0414250008915147
decision_type=2 10 8 10 10 8
left_child=1 -1 3 4 5 -2
right_child=2 -3 -4 -5 -6 -7
leaf_value=2.426340977071616e-05 -5.3982370908388116e-05 -1.1372603053749605e-06 2.0267534925413558e-06 -6.6314435106655393e-05 -1.5277203280244725e-05 0.00055505991247183941
leaf_weight=27012.276672363281 15690.238976478577 27379.108276367188 1155854.3847799301 40150.506542205811 29403.843147277832 30904.062631607056
leaf_count=45 307 35 3923 246 91 163
internal_value=0.000237262 0.0100831 -0.000183788 -0.0052727 0.00138061 0.0111386
internal_weight=1.32639e+06 54391.4 1.272e+06 116149 75998.1 46594.3
internal_count=4810 80 4730 807 561 470
is_linear=0
shrinkage=0.03


Tree=296
num_leaves=7
num_cat=0
split_feature=16 14 14 16 14 14
split_gain=3908.67 7111.29 8701.29 6647.74 6444.66 9102.58
threshold=1.046132868658564 1.0297995467268952 1.0050075219070154 1.0465384712774024 1.0166163544129261 1.0420962051182974
decision_type=10 10 10 10 10 10
left_child=1 2 -1 -2 -5 -6
right_child=3 -3 -4 4 5 -7
leaf_value=8.9634390415049766e-06 -0.00014268263606744967 0.00027721864297156626 -0.00031977638972141304 7.8302736052519899e-06 -8.1051181118045658e-05 -1.310902214098716e-05
leaf_weight=637226.11695098877 42426.78214263916 109361.97850036621 23367.713960647583 250142.03454017639 31590.813491821289 239031.88093185425
leaf_count=2820 68 774 113 511 46 446
internal_value=-0.000172292 0.00121699 4.38868e-05 -0.00207162 -0.00114124 -0.00434978
internal_weight=1.33315e+06 769956 660594 563192 520765 270623
internal_count=4778 3707 2933 1071 1003 492
is_linear=0
shrinkage=0.03


Tree=297
num_leaves=7
num_cat=0
split_feature=14 13 13 14 14 12
split_gain=3549.21 4269.99 11504 6216.37 9983.58 8414.62
threshold=1.5471157491389309 0.10486722501747013 0.10316166510267542 1.0050075219070154 1.0094554678862944 1.1093054004242737
decision_type=10 10 10 8 8 8
left_child=1 2 3 5 -5 -1
right_child=-2 -3 -4 4 -6 -7
leaf_value=0.00062496930137812651 0.00038922813841176792 -1.4812089316119928e-05 0.00092102806435052833 -0.00024939393354555162 -6.2120656902135972e-06 4.5260365676304302e-06
leaf_weight=60593.768091201782 14319.040046691895 144198.99457168579 11470.322418212891 18041.356460571289 859938.21571350098 207998.79160881042
leaf_count=420 116 365 16 39 3044 762
internal_value=-0.000344187 -0.000507548 9.86496e-05 -0.000200483 -0.00142227 0.00379326
internal_weight=1.31656e+06 1.30224e+06 1.15804e+06 1.14657e+06 877980 268593
internal_count=4762 4646 4281 4265 3083 1182
is_linear=0
shrinkage=0.03


Tree=298
num_leaves=7
num_cat=0
split_feature=15 15 15 15 3 14
split_gain=5020.65 3680.46 21076.5 9166.39 7080.04 12702.4
threshold=0.029173981984485647 0.043779207680071618 0.04440030412786309 0.045542957249921343 1.0000000180025095e-35 1.0908659932270075
decision_type=2 2 2 2 2 10
left_child=-1 4 -3 -4 5 -2
right_child=1 2 3 -5 -6 -7
leaf_value=1.6579807334051894e-05 -8.3824834671985054e-05 0.00016404809600976492 -0.00068152643375178515 -2.5365146514404543e-06 5.5393726367926991e-05 3.208843343096791e-05
leaf_weight=53245.949035644531 159673.72210693359 54373.425811767578 22042.352210998535 857601.14789867401 128199.40832519531 47218.936264038086
leaf_count=79 188 64 71 4048 280 57
internal_value=-0.000277145 -0.000655795 0.00031188 -0.00080859 -0.003353 -0.00678557
internal_weight=1.32235e+06 1.26911e+06 934017 879644 335092 206893
internal_count=4787 4708 4183 4119 525 245
is_linear=0
shrinkage=0.03


Tree=299
num_leaves=7
num_cat=0
split_feature=15 14 12 14 12 14
split_gain=4724.37 5656.42 5628.9 11211.1 10982.4 12766.6
threshold=0.03289819921516586 0.95422374222778628 1.2716800630866065 0.97060912187111337 1.265509476038903 1.0050075219070154
decision_type=2 10 8 8 10 10
left_child=1 -1 3 -2 5 -5
right_child=2 -3 -4 4 -6 -7
leaf_value=7.9228269399866816e-05 -0.00017116429327651442 -1.3658985397930107e-08 2.1782001830810791e-05 0.00020770459632581513 -0.00025276395565561208 -1.6129897200921326e-05
leaf_weight=37361.957000732422 79496.807439804077 64816.524658203125 714407.03164482117 118843.41618537903 41351.222808837891 256501.61804962158
leaf_count=67 423 76 3010 329 70 762
internal_value=3.95527e-05 0.00623406 -0.000483307 -0.00293789 -0.000968188 0.000648439
internal_weight=1.31278e+06 102178 1.2106e+06 496193 416696 375345
internal_count=4737 143 4594 1584 1161 1091
is_linear=0
shrinkage=0.03


Tree=300
num_leaves=7
num_cat=0
split_feature=13 16 15 15 14 8
split_gain=6279.46 3996.26 3466.19 6609.61 4466.59 10002.7
threshold=0.8281396770149918 1.0575834151292844 0.056539048474663657 0.054366120026944839 1.0050075219070154 1.0000000180025095e-35
decision_type=10 8 2 2 8 2
left_child=2 -2 3 4 5 -1
right_child=1 -3 -4 -5 -6 -7
leaf_value=1.4671890915676794e-05 7.7598695712415654e-05 2.0760233691389486e-05 -5.5919076950419199e-05 0.00025559332186031892 -9.40801487641968e-06 -4.428445713711817e-05
leaf_weight=162978.40267181396 17713.765045166016 12339.212799072266 287685.50095176697 30083.477874755859 778113.24253082275 32851.264984130859
leaf_count=303 98 49 2996 89 1206 57
internal_value=-0.000645263 0.01291 -0.000960688 -0.000128821 -0.000556646 0.00349301
internal_weight=1.32176e+06 30053 1.29171e+06 1.00403e+06 973943 195830
internal_count=4798 147 4651 1655 1566 360
is_linear=0
shrinkage=0.03


Tree=301
num_leaves=7
num_cat=0
split_feature=0 15 8 5 5 9
split_gain=5634.25 3652.04 2909.38 5067.73 6401.4 4490.58
threshold=8.5000000000000018 0.029173981984485647 3.3500000000000001 5.004166413209405 5.3218043714983461 0.95000000000000007
decision_type=2 2 2 2 2 2
left_child=1 -1 3 -3 -5 -6
right_child=-2 2 -4 4 5 -7
leaf_value=1.2607900653423116e-05 1.9527005357451443e-05 -0.00019891590108952928 0.00031232915231446353 0.0011333442718789684 -1.8006627215450611e-05 -5.4692939546340818e-05
leaf_weight=43049.269226074219 242640.84448814392 20142.132824897766 52706.129026412964 15177.168022155762 872710.63365936279 55354.044483184814
leaf_count=63 904 92 196 35 3225 218
internal_value=-0.000402957 -0.00134762 -0.00171023 -0.00208572 -0.00176771 -0.0020838
internal_weight=1.30178e+06 1.05914e+06 1.01609e+06 963384 943242 928065
internal_count=4733 3829 3766 3570 3478 3443
is_linear=0
shrinkage=0.03


Tree=302
num_leaves=7
num_cat=0
split_feature=14 14 14 16 3 13
split_gain=3597.2 10693.3 6792.86 4726.5 4810.41 3554.35
threshold=1.2235486479502535 1.150712066236131 1.2540639626712573 1.048383096817489 1.0000000180025095e-35 0.25194537264644484
decision_type=10 10 10 10 2 10
left_child=1 5 -2 4 -4 -1
right_child=2 -3 3 -5 -6 -7
leaf_value=2.5757967745517445e-06 0.00014809640242850329 -0.00012757941627753299 0.00066655147653935944 -2.8678371540583647e-05 -0.00013511775650942753 -2.7630655909642163e-05
leaf_weight=1166506.0587844849 11404.314086914062 16361.883974075317 14352.20133972168 38375.115333557129 10492.569583892822 76432.241870880127
leaf_count=4101 59 62 123 129 176 164
internal_value=0.000208569 -0.000170681 0.00660809 0.00276286 0.0129561 0.000146546
internal_weight=1.33392e+06 1.2593e+06 74624.2 63219.9 24844.8 1.24294e+06
internal_count=4814 4327 487 428 299 4265
is_linear=0
shrinkage=0.03


Tree=303
num_leaves=7
num_cat=0
split_feature=0 13 14 14 9 15
split_gain=3855.93 4179.87 4063.39 5483.96 5970.71 4461.82
threshold=5.5000000000000009 0.8281396770149918 1.0742246687527095 1.0857030919366835 0.95000000000000007 0.042614187952672099
decision_type=2 10 10 10 2 2
left_child=2 -2 -1 -4 5 -5
right_child=1 -3 3 4 -6 -7
leaf_value=-3.8400628989521392e-07 1.2998071957946583e-05 0.00016970219325556092 -0.00019690207969695083 7.1902333714274968e-05 -0.00010161870449830263 -1.5496465479094988e-05
leaf_weight=558419.22736930847 610863.09149169922 12141.678998947144 25027.968280792236 20679.934295654297 15679.381952285767 62899.338949203491
leaf_count=1987 2189 66 39 30 60 325
internal_value=0.000463518 0.00217012 -0.00109385 -0.00599961 -0.00283485 0.000352435
internal_weight=1.30571e+06 623005 682706 124287 99258.7 83579.3
internal_count=4696 2255 2441 454 415 355
is_linear=0
shrinkage=0.03


Tree=304
num_leaves=7
num_cat=0
split_feature=15 0 5 5 15 15
split_gain=6936.09 6352.27 7010.32 6751.91 5126.49 11757.9
threshold=0.029173981984485647 6.5000000000000009 5.004166413209405 5.3249834198423418 0.043779207680071618 0.043967304307690573
decision_type=2 2 2 2 2 2
left_child=-1 2 -2 -4 -3 -6
right_child=1 4 3 -5 5 -7
leaf_value=1.281409326596063e-05 -0.00020058742774230204 -1.2111147343577794e-05 0.00090406964185016619 -1.6868888954333262e-05 0.00018441901877339848 2.2706147555300981e-05
leaf_weight=58645.580261230469 16627.060401916504 128275.25606536865 12791.645259857178 769140.46739387512 18799.461730957031 333546.98137664795
leaf_count=88 82 203 32 2789 21 1564
internal_value=-7.69188e-05 -0.000539455 -0.00217954 -0.00176959 0.00218556 0.00405501
internal_weight=1.33783e+06 1.27918e+06 798559 781932 480622 352346
internal_count=4779 4691 2903 2821 1788 1585
is_linear=0
shrinkage=0.03


Tree=305
num_leaves=7
num_cat=0
split_feature=15 7 8 13 3 12
split_gain=6556.25 4476.87 7811.12 6774.75 4714.86 4489.21
threshold=0.029173981984485647 1.0000000180025095e-35 3.3500000000000001 0.02326356788680704 1.0000000180025095e-35 1.4296333077027557
decision_type=2 2 2 10 2 10
left_child=-1 5 3 -3 -5 -2
right_child=1 2 -4 4 -6 -7
leaf_value=1.3036301508927377e-05 -2.4449725572070212e-05 -3.2432088025832615e-06 0.001224625469257353 0.00027507699863812019 -1.9441485650079355e-05 2.2951683556801461e-05
leaf_weight=55158.186645507812 667979.18490123749 418251.60025119781 22788.665016174316 32531.308084487915 18173.532512664795 123298.46286582947
leaf_count=82 2251 1563 84 72 74 689
internal_value=-0.000133732 -0.00056914 0.00167879 0.000845206 0.0112007 -0.00196614
internal_weight=1.33818e+06 1.28302e+06 491745 468956 50704.8 791278
internal_count=4815 4733 1793 1709 146 2940
is_linear=0
shrinkage=0.03


Tree=306
num_leaves=7
num_cat=0
split_feature=15 12 11 15 15 15
split_gain=2428.93 3445.4 12292.3 8618.57 15320.9 7879.29
threshold=0.029173981984485647 1.2716800630866065 1.0000000180025095e-35 0.048852481607943997 0.048880105699558786 0.045542957249921343
decision_type=2 10 2 2 2 2
left_child=-1 2 3 -2 -5 -3
right_child=1 5 -4 4 -6 -7
leaf_value=1.1324726189660677e-05 -4.0581307625289422e-05 0.00017279169612290397 0.00205289760906124 0.00051055517446068732 1.6180141979632359e-06 -2.2547351679042637e-05
leaf_weight=52270.494506835938 450819.47566223145 90048.80638885498 12065.993189811707 23047.573364257812 510363.92054271698 171740.54847717285
leaf_count=78 716 147 53 26 2615 1136
internal_value=0.00031262 4.93341e-05 -0.00075543 -0.00112446 0.00145637 0.003112
internal_weight=1.31036e+06 1.25809e+06 996297 984231 533411 261789
internal_count=4771 4693 3410 3357 2641 1283
is_linear=0
shrinkage=0.03


Tree=307
num_leaves=7
num_cat=0
split_feature=16 14 14 14 14 9
split_gain=5535.08 5221.23 13865.6 8303.5 8134.42 7681.82
threshold=1.0831739136305429 0.98457513773568628 0.97371294995495739 0.98801204113021213 0.98926459276612355 1.0000000180025095e-35
decision_type=10 8 10 8 8 2
left_child=1 2 5 -3 -5 -1
right_child=-2 3 -4 4 -6 -7
leaf_value=9.0841772494343002e-06 -0.0001964713691759275 -0.00011213299092119697 0.00049897183931351557 7.344784735797051e-05 -6.3285033114953681e-06 -9.7822634444669868e-05
leaf_weight=128161.371301651 29192.324584960938 21413.381984710693 34642.080934524536 14287.181762695312 1059921.4706869125 48149.651064872742
leaf_count=586 262 95 77 15 3510 257
internal_value=-0.000484612 -0.000195928 0.00412595 -0.00102809 -0.0006593 0.000716464
internal_weight=1.33577e+06 1.30658e+06 210953 1.09562e+06 1.07421e+06 176311
internal_count=4802 4540 920 3620 3525 843
is_linear=0
shrinkage=0.03


Tree=308
num_leaves=7
num_cat=0
split_feature=0 8 8 15 15 15
split_gain=4214.64 3444.19 3418.86 3937.19 11643.6 6206.96
threshold=7.5000000000000009 3.0000000000000004 2.2500000000000004 0.050780791744762903 0.048852481607943997 0.053979093041231309
decision_type=2 2 2 2 2 2
left_child=-1 2 3 4 -2 -5
right_child=1 -3 -4 5 -6 -7
leaf_value=-1.0108792068019829e-05 3.3347099550740127e-06 0.00045333670990079287 -0.00031885412467316018 -0.00028344163460576588 0.00028194761362740475 6.7227393170427786e-05
leaf_weight=945004.44651603699 158674.80080413818 28771.469625473022 10970.592277526855 34196.846893310547 41633.046630859375 87008.921795845032
leaf_count=3419 258 110 43 66 60 808
internal_value=-0.000284504 0.00247158 0.0016098 0.00217183 0.00475421 -0.00209589
internal_weight=1.30626e+06 361256 332484 321514 200308 121206
internal_count=4764 1345 1235 1192 318 874
is_linear=0
shrinkage=0.03


Tree=309
num_leaves=7
num_cat=0
split_feature=7 14 5 14 14 3
split_gain=7400.99 8124.17 9084.36 8488.5 10692.2 7106.82
threshold=1.0000000180025095e-35 1.2619510653514818 5.004166413209405 1.0617029765483477 1.0513713275951677 1.0000000180025095e-35
decision_type=2 10 2 10 10 2
left_child=1 3 -3 4 -1 -2
right_child=5 2 -4 -5 -6 -7
leaf_value=-1.343621678307037e-05 6.705087026643566e-05 -0.00019814712659303187 0.00025949377485686294 -9.2018807290601175e-05 0.0012665073255029957 -2.5622081999987078e-05
leaf_weight=698202.00474643707 325841.52769851685 6683.835391998291 33747.316837310791 67280.492868423462 13861.290283203125 173623.80201721191
leaf_count=2431 881 23 216 252 27 906
internal_value=0.000176221 -0.0015777 0.0115335 -0.00225795 -0.00129551 0.00305492
internal_weight=1.31924e+06 819775 40431.2 779344 712063 499465
internal_count=4736 2949 239 2710 2458 1787
is_linear=0
shrinkage=0.03


Tree=310
num_leaves=7
num_cat=0
split_feature=15 4 11 16 12 15
split_gain=8172.73 4669.03 7569.69 4658.83 4561.99 9591.54
threshold=0.029173981984485647 4.5000000000000009 1.0000000180025095e-35 1.0741876549771825 1.2716800630866065 0.045542957249921343
decision_type=2 2 2 8 10 2
left_child=-1 -2 4 -4 -3 -6
right_child=1 2 3 -5 5 -7
leaf_value=1.8813809021412828e-05 -0.00028273817748217071 -9.141889375392608e-06 -1.6716880926958706e-05 0.0018573275059730334 0.00016464590670941937 -1.7117553775789008e-05
leaf_weight=56208.6904296875 10531.561000823975 995563.49451446533 8289.7407569885254 12979.291101455688 82967.42399597168 152300.87029838562
leaf_count=83 53 3386 37 69 133 1019
internal_value=0.000174633 -0.000323665 -0.000156315 0.0175862 -0.000462979 0.00329407
internal_weight=1.31884e+06 1.26263e+06 1.2521e+06 21269 1.23083e+06 235268
internal_count=4780 4697 4644 106 4538 1152
is_linear=0
shrinkage=0.03


Tree=311
num_leaves=7
num_cat=0
split_feature=13 15 16 15 15 12
split_gain=5077.14 4256.29 3897.26 4227.15 6213.93 11531.3
threshold=0.8281396770149918 0.029173981984485647 1.0741876549771825 0.051094601912366019 0.048852481607943997 1.0982699792095445
decision_type=10 2 10 2 2 8
left_child=1 -1 3 4 -3 -6
right_child=-2 2 -4 -5 5 -7
leaf_value=1.1056725827553534e-05 2.571059615413547e-05 -1.1651636543812618e-06 -0.00011252397211490145 -2.4458527928734913e-05 -5.446318615207502e-05 0.00016712985376014317
leaf_weight=51387.678466796875 27331.24303817749 549937.83053588867 56033.231927871704 480671.12281131744 41291.626037597656 130063.3575592041
leaf_count=79 146 871 295 3151 69 198
internal_value=0.000131832 -0.000135312 -0.000481022 -0.000120478 0.00133186 0.00632012
internal_weight=1.33672e+06 1.30938e+06 1.258e+06 1.20196e+06 721293 171355
internal_count=4809 4663 4584 4289 1138 267
is_linear=0
shrinkage=0.03


Tree=312
num_leaves=7
num_cat=0
split_feature=7 8 12 15 6 5
split_gain=2858.95 9103.04 4271.84 17396.2 6467.38 8509.38
threshold=1.0000000180025095e-35 3.3500000000000001 1.4296333077027557 0.045542957249921343 1.0000000180025095e-35 5.004166413209405
decision_type=2 2 10 2 2 2
left_child=2 -2 4 -4 -1 -6
right_child=1 -3 3 -5 5 -7
leaf_value=-2.7521100209093e-05 4.3872019207261921e-06 0.0011015243622150991 0.00022981617883595671 -5.0316343989976353e-05 -6.4694196442216553e-05 0.0016773069741665527
leaf_weight=675959.29881095886 465706.40043449402 24888.137510299683 27799.674690246582 99116.928718566895 9281.6251888275146 12487.569919586182
leaf_count=2239 1690 87 53 626 36 51
internal_value=-0.00037318 0.00144021 -0.001452 0.00361057 -0.0023729 0.0137199
internal_weight=1.31524e+06 490595 824645 126917 697728 21769.2
internal_count=4782 1777 3005 679 2326 87
is_linear=0
shrinkage=0.03


Tree=313
num_leaves=7
num_cat=0
split_feature=13 15 14 12 12 15
split_gain=4030.31 3684.33 5712.43 9296.36 11120.1 8841.92
threshold=0.8281396770149918 0.058481993197022804 1.0166163544129261 1.1693505096152683 1.2716800630866065 0.045542957249921343
decision_type=10 2 8 8 10 2
left_child=1 2 3 -1 -5 -6
right_child=-2 -3 -4 4 5 -7
leaf_value=7.6669056815330185e-05 2.5811762747368295e-05 -4.6269211132824657e-05 -6.4240365414494002e-06 -9.8914049006979297e-05 0.00014773116668564536 -4.9309814666727339e-05
leaf_weight=108219.86508178711 30853.680200576782 250590.07449913025 753460.11535644531 87246.769836425781 38792.64811706543 36935.445579528809
leaf_count=223 149 2863 1245 121 68 107
internal_value=-0.000134964 -0.000394197 0.000403245 0.00413684 -0.000389371 0.00802162
internal_weight=1.3061e+06 1.27524e+06 1.02465e+06 271195 162975 75728.1
internal_count=4776 4627 1764 519 296 175
is_linear=0
shrinkage=0.03


Tree=314
num_leaves=7
num_cat=0
split_feature=4 11 16 15 14 14
split_gain=4484.43 5937.93 7896.58 4360.17 3496.35 4266.91
threshold=4.5000000000000009 1.0000000180025095e-35 1.0637771057775078 0.029173981984485647 1.4339674717983921 1.0742246687527095
decision_type=2 2 10 2 10 8
left_child=-1 3 -3 -2 5 -5
right_child=1 2 -4 4 -6 -7
leaf_value=-0.00025445241763218134 1.4841460956083168e-05 0.0019407989796423181 -2.6458984347229445e-05 5.9949300151022937e-06 0.00034665199126823266 -1.3618689362100702e-05
leaf_weight=10896.081497192383 52760.555786132812 14675.250597953796 9551.1560192108154 509262.81807136536 19844.911735534668 708317.72285842896
leaf_count=48 78 83 22 1780 180 2590
internal_value=0.000369479 0.0005284 0.0152417 0.000252064 -0.000108068 -0.000311676
internal_weight=1.32531e+06 1.31441e+06 24226.4 1.29019e+06 1.23743e+06 1.21758e+06
internal_count=4781 4733 105 4628 4550 4370
is_linear=0
shrinkage=0.03


Tree=315
num_leaves=7
num_cat=0
split_feature=13 0 7 8 13 8
split_gain=5468.44 4236.03 3886.42 7381.34 6614.47 6254.86
threshold=0.8281396770149918 3.5000000000000004 1.0000000180025095e-35 3.3500000000000001 0.052899882418037725 2.2500000000000004
decision_type=10 2 2 2 10 2
left_child=2 -2 5 4 -4 -1
right_child=1 -3 3 -5 -6 -7
leaf_value=-5.2884330262681819e-06 -5.1907062925415444e-05 0.00017827131894506274 -5.9225004080295422e-06 0.0011056150607277029 0.00028197977490276177 -9.5404476780122947e-05
leaf_weight=696579.60010528564 9575.8135929107666 17902.392383575439 445697.37949752808 25528.699289321899 39917.669725418091 108499.15629386902
leaf_count=2461 44 97 1639 91 108 369
internal_value=-7.72177e-05 0.0131672 -0.000353764 0.0016921 0.000865434 -0.00165268
internal_weight=1.3437e+06 27478.2 1.31622e+06 511144 485615 805079
internal_count=4809 141 4668 1838 1747 2830
is_linear=0
shrinkage=0.03


Tree=316
num_leaves=7
num_cat=0
split_feature=15 14 14 9 16 15
split_gain=3886.89 2968.06 15689.3 9332.58 6895.81 13351.9
threshold=0.029173981984485647 1.0050075219070154 1.0094554678862944 0.15000000000000005 1.052111716826343 0.058710104780756514
decision_type=2 8 8 2 10 2
left_child=-1 3 -3 4 5 -2
right_child=1 2 -4 -5 -6 -7
leaf_value=1.4969848047518955e-05 0.00019844609978062174 -0.00021365553613401767 3.936767426517504e-07 -1.5123926413817691e-05 8.7128105802930578e-07 -2.531779741066314e-05
leaf_weight=56677.081970214844 77203.439483642578 15828.597442626953 954755.20906829834 67406.880286216736 109926.95421409607 46656.458036422729
leaf_count=84 193 42 3381 308 292 487
internal_value=0.00077779 0.000435206 -0.000372141 0.00303681 0.00587237 0.0107261
internal_weight=1.32845e+06 1.27178e+06 970584 301194 233787 123860
internal_count=4787 4703 3423 1280 972 680
is_linear=0
shrinkage=0.03


Tree=317
num_leaves=7
num_cat=0
split_feature=15 15 15 3 14 14
split_gain=4174.61 4125.37 15781.7 9626.46 7925.2 8372.88
threshold=0.029173981984485647 0.043597703860321656 0.04440030412786309 1.0000000180025095e-35 1.0981490402581098 0.98683856844922457
decision_type=2 2 2 2 10 8
left_child=-1 3 -3 4 5 -2
right_child=1 2 -4 -5 -6 -7
leaf_value=1.3994359689145344e-05 -4.0181395984095756e-06 8.5153085815110121e-05 -6.2596180699271957e-06 6.0359639679451908e-05 1.8833628713421088e-05 -0.00016570665843694153
leaf_weight=57500.144348144531 64237.548156738281 65494.442474365234 883083.51953792572 131731.43738555908 40649.847633361816 104229.52819824219
leaf_count=87 78 77 4086 289 52 121
internal_value=-0.000113487 -0.00046619 0.000550994 -0.00329697 -0.00729842 -0.0101672
internal_weight=1.34693e+06 1.28943e+06 948578 340848 209117 168467
internal_count=4790 4703 4163 540 251 199
is_linear=0
shrinkage=0.03


Tree=318
num_leaves=7
num_cat=0
split_feature=7 2 15 15 14 14
split_gain=4986.12 6377.74 6255.08 7385.25 6923.56 8800.33
threshold=1.0000000180025095e-35 1.0000000180025095e-35 0.029173981984485647 0.03347175610648883 1.2619510653514818 1.0617029765483477
decision_type=2 2 2 2 10 10
left_child=2 -2 -1 -4 5 -5
right_child=1 -3 3 4 -6 -7
leaf_value=1.297372548314539e-05 3.6467661533279973e-05 -0.00038665274469664959 -9.2441782950978077e-05 -2.1890311876426366e-06 0.00020800482453829189 -0.00013257149737421514
leaf_weight=37870.705261230469 444322.4564447403 63057.970245361328 42112.166259765625 635647.10845088959 37870.359289169312 61990.829469680786
leaf_count=57 1202 606 55 2333 241 245
internal_value=0.000361701 0.00269669 -0.00109108 -0.00167093 -0.000971317 -0.0016495
internal_weight=1.32287e+06 507380 815491 777620 735508 697638
internal_count=4739 1808 2931 2874 2819 2578
is_linear=0
shrinkage=0.03


Tree=319
num_leaves=7
num_cat=0
split_feature=0 15 15 3 8 14
split_gain=3999.01 5233.34 13402.3 5300.75 4349.42 4310.71
threshold=6.5000000000000009 0.043779207680071618 0.043967304307690573 1.0000000180025095e-35 1.0000000180025095e-35 1.0524175575421828
decision_type=2 2 2 2 2 10
left_child=-1 3 -3 -2 -4 -6
right_child=1 2 4 -5 5 -7
leaf_value=-9.7661378174646948e-06 -2.6957820081952023e-05 0.0001840835263361057 3.3148301832188525e-06 0.00010064306001226208 8.7623180677409551e-06 0.00048788879764421735
leaf_weight=816155.11482143402 90643.701751708984 17009.036804199219 230566.12128829956 57215.057952880859 72784.959946632385 25063.08473777771
leaf_count=2934 106 19 1090 125 345 117
internal_value=-0.000125119 0.00200739 0.00402905 -0.00271551 0.002684 0.00798347
internal_weight=1.30944e+06 493282 345423 147859 328414 97848
internal_count=4736 1802 1571 231 1552 462
is_linear=0
shrinkage=0.03


Tree=320
num_leaves=7
num_cat=0
split_feature=7 8 13 13 15 15
split_gain=3698.95 6851.97 6201.85 11354.2 5593.38 10612
threshold=1.0000000180025095e-35 3.3500000000000001 0.26658370010661642 0.052899882418037725 0.04440030412786309 0.043779207680071618
decision_type=2 2 10 10 2 2
left_child=4 2 3 -2 5 -1
right_child=1 -3 -4 -5 -6 -7
leaf_value=-5.8886279877677615e-07 4.8071968375434976e-06 0.0010697831132691444 -0.00011262056276651713 0.00045024016814017596 -4.7854522800346274e-05 7.9751847007363528e-05
leaf_weight=257459.94185638428 444572.77414798737 24860.450958251953 16553.631153106689 26900.053123474121 510286.80481910706 35955.864135742188
leaf_count=403 1619 93 53 65 2497 43
internal_value=-9.63762e-05 0.00189416 0.00111145 0.00174522 -0.00136665 0.0019338
internal_weight=1.31659e+06 512887 488026 471473 803703 293416
internal_count=4773 1830 1737 1684 2943 446
is_linear=0
shrinkage=0.03


Tree=321
num_leaves=7
num_cat=0
split_feature=15 15 15 12 14 14
split_gain=4365.27 3837.49 10277.7 8104.65 9746.1 13629.5
threshold=0.029173981984485647 0.048852481607943997 0.048880105699558786 1.2716800630866065 0.99874981136256369 1.0463392515326024
decision_type=2 2 2 10 10 10
left_child=-1 3 -3 -2 -5 -6
right_child=1 2 -4 4 5 -7
leaf_value=1.4233786630988316e-05 -2.6293301384616716e-05 0.00045596561007101851 4.5796471619364106e-06 0.00013763560601936996 -8.1782634295843413e-05 0.00018172224234363934
leaf_weight=48968.377868652344 481819.71170806885 17728.902587890625 654631.05655765533 30282.405227661133 40112.918731689453 52321.101600646973
leaf_count=76 752 20 3804 58 54 91
internal_value=0.000235634 -0.000101481 0.00145798 -0.0018359 0.00504681 0.000207392
internal_weight=1.32586e+06 1.2769e+06 672360 604536 122716 92434
internal_count=4855 4779 3824 955 203 145
is_linear=0
shrinkage=0.03


Tree=322
num_leaves=7
num_cat=0
split_feature=15 12 14 14 12 14
split_gain=3539.76 4122.35 8248.49 11261.4 7947.74 6672.19
threshold=0.029173981984485647 1.1693505096152683 0.97060912187111337 0.98926459276612355 1.2716800630866065 1.0552465198855685
decision_type=2 8 8 8 8 8
left_child=-1 2 -2 -4 5 -3
right_child=1 4 3 -5 -6 -7
leaf_value=1.2060619748969584e-05 -0.0001427314113433657 -9.8121475569838692e-06 0.00023533273887109554 4.9410528483441479e-06 -1.931893291423724e-06 -0.0001760454969303876
leaf_weight=51349.007019042969 35194.39914894104 93099.650690078735 60346.12522315979 288569.64626312256 720781.4636259079 51840.93928527832
leaf_count=80 364 140 121 911 3031 79
internal_value=8.93739e-05 -0.000227801 0.00235878 0.00375505 -0.00137544 -0.00778535
internal_weight=1.30118e+06 1.24983e+06 384110 348916 865722 144941
internal_count=4726 4646 1396 1032 3250 219
is_linear=0
shrinkage=0.03


Tree=323
num_leaves=7
num_cat=0
split_feature=0 15 15 8 15 16
split_gain=4609.58 6517.81 4842.87 4120.53 3539.49 4357.43
threshold=7.5000000000000009 0.03289819921516586 0.043779207680071618 3.0000000000000004 0.043967304307690573 1.0429653789081046
decision_type=2 2 2 2 2 10
left_child=1 -1 -2 4 -4 -6
right_child=2 -3 3 -5 5 -7
leaf_value=1.2120601310613367e-05 -3.243943090873724e-06 -1.3124587882937973e-05 6.8103320395391799e-05 0.00046195644994492021 8.9709912317868371e-06 2.8559013233766343e-05
leaf_weight=75076.398651123047 111579.30805969238 852527.80608940125 14323.3994140625 24402.348964691162 150599.96787166595 75048.731100082397
leaf_count=104 173 3299 16 112 883 196
internal_value=0.00046516 -0.000670565 0.00326735 0.00547933 0.00428479 0.0033666
internal_weight=1.30356e+06 927604 375954 264374 239972 225649
internal_count=4783 3403 1380 1207 1095 1079
is_linear=0
shrinkage=0.03


Tree=324
num_leaves=7
num_cat=0
split_feature=14 14 14 15 16 14
split_gain=3571.31 9296.69 6859.97 4846.19 3439.87 2746.22
threshold=0.95422374222778628 0.92794751910932771 0.96298262306421611 0.044677744095230308 1.0658259974865829 1.0742246687527095
decision_type=8 10 8 2 8 10
left_child=1 3 -2 -1 -3 -4
right_child=2 4 5 -5 -6 -7
leaf_value=2.4269190519205315e-06 -0.001012786031226587 2.8637408496585727e-05 4.545281923095055e-06 -0.0003834494108237271 3.8354690088916735e-05 -1.8177479105359866e-05
leaf_weight=8017.2624359130859 23547.225749969482 33367.991764068604 930111.05178642273 31485.269176483154 31569.096775054932 238328.97964096069
leaf_count=22 73 119 2951 579 58 905
internal_value=-7.58122e-05 0.00524347 -0.000541897 -0.00623194 0.0122241 -0.000218781
internal_weight=1.29643e+06 104440 1.19199e+06 39502.5 64937.1 1.16844e+06
internal_count=4707 778 3929 601 177 3856
is_linear=0
shrinkage=0.03


Tree=325
num_leaves=7
num_cat=0
split_feature=14 14 14 14 7 8
split_gain=4627.89 9623.89 8501.37 4728.2 4300.95 7091.85
threshold=0.95422374222778628 0.93054782712494399 0.9613155423314802 1.5471157491389309 1.0000000180025095e-35 3.3500000000000001
decision_type=8 8 8 10 2 2
left_child=1 -1 -2 4 -4 -6
right_child=2 -3 3 -5 5 -7
leaf_value=-0.00025879275779179951 -0.0011237236239571657 6.1897275863058478e-05 -1.1331151223488156e-05 0.00036870175820787271 7.2157869239739334e-06 0.0010204591861732908
leaf_weight=39013.068269729614 18380.939199447632 62922.866603851318 718000.18218708038 13382.187572479248 471564.97377109528 20887.681917190552
leaf_count=611 66 158 2281 118 1483 81
internal_value=-3.13734e-05 0.00611349 -0.000535642 -0.000231449 -0.000427547 0.00173172
internal_weight=1.34415e+06 101936 1.24222e+06 1.22384e+06 1.21045e+06 492453
internal_count=4798 769 4029 3963 3845 1564
is_linear=0
shrinkage=0.03


Tree=326
num_leaves=7
num_cat=0
split_feature=14 13 12 7 14 14
split_gain=4212.13 3682.63 3542.23 6285.61 11985.4 10855.2
threshold=1.5471157491389309 0.23631308981709873 1.1693505096152683 1.5000000000000002 1.0166163544129261 0.97371294995495739
decision_type=10 10 8 2 10 8
left_child=1 2 3 4 5 -1
right_child=-2 -3 -4 -5 -6 -7
leaf_value=-5.1876697052361608e-05 0.00033754227791922927 -2.8829344848770434e-05 -3.8072674256111388e-06 0.00053273308080035075 -4.0931858372510913e-05 0.00014994729531063897
leaf_weight=47743.894598007202 13208.782110214233 110325.95317649841 842372.0073928833 34343.023202896118 145544.88393211365 119714.37350463867
leaf_count=374 114 297 3026 110 481 341
internal_value=0.000107908 -6.33817e-05 0.000422853 0.00297206 0.00163516 0.00710799
internal_weight=1.31325e+06 1.30004e+06 1.18972e+06 347346 313003 167458
internal_count=4743 4629 4332 1306 1196 715
is_linear=0
shrinkage=0.03


Tree=327
num_leaves=7
num_cat=0
split_feature=0 16 12 12 13 9
split_gain=3570.24 4379.01 3408.59 3258.82 3177.17 6288.34
threshold=2.5000000000000004 1.0825028702192958 1.0882697358021824 1.1693505096152683 0.052899882418037725 0.55000000000000016
decision_type=2 10 8 8 10 2
left_child=3 2 -2 -1 -4 -6
right_child=1 -3 4 -5 5 -7
leaf_value=3.1206261405719541e-06 -0.0004690745885323454 -0.00013073171801388688 3.5962128301652419e-06 -0.00012997567420089216 0.00045385016710337438 5.3102275026182252e-06
leaf_weight=99066.888334274292 21593.330533027649 29971.447120666504 863913.15524101257 170410.64003753662 22078.365850448608 114932.05246543884
leaf_count=330 451 220 2762 642 66 290
internal_value=9.14211e-05 0.000880306 0.00121163 -0.00298966 0.00146606 0.0057102
internal_weight=1.32197e+06 1.05249e+06 1.02252e+06 269478 1.00092e+06 137010
internal_count=4761 3789 3569 972 3118 356
is_linear=0
shrinkage=0.03


Tree=328
num_leaves=7
num_cat=0
split_feature=15 14 0 14 14 12
split_gain=6125.18 3973 3934.9 4000.88 7917.08 7262.86
threshold=0.032249317692343661 0.98728541406749526 2.5000000000000004 1.0050075219070154 1.0010306046144557 1.1093054004242737
decision_type=2 10 2 8 10 10
left_child=1 -1 -2 4 5 -4
right_child=2 -3 3 -5 -6 -7
leaf_value=4.1670263739796826e-05 -3.9220534613723198e-05 3.1790082710882837e-07 0.00014855947703808586 -6.1131247440997614e-07 0.00034784319214226008 -1.5043052687343642e-05
leaf_weight=48496.121246337891 265244.23056697845 43323.913330078125 77901.107113838196 732930.06919384003 17484.918022155762 133573.50629234314
leaf_count=75 964 54 405 2657 40 561
internal_value=0.000590592 0.0080642 3.13504e-05 0.00092343 0.00438507 0.00278071
internal_weight=1.31895e+06 91820 1.22713e+06 961890 228960 211475
internal_count=4756 129 4627 3663 1006 966
is_linear=0
shrinkage=0.03


Tree=329
num_leaves=7
num_cat=0
split_feature=7 8 15 15 12 15
split_gain=2882.09 6688.24 5242.14 4163.97 15479 7449.35
threshold=1.0000000180025095e-35 3.3500000000000001 0.049078502971399311 0.04440030412786309 1.4296333077027557 0.043779207680071618
decision_type=2 2 2 2 10 2
left_child=3 -2 -3 4 5 -1
right_child=1 2 -4 -5 -6 -7
leaf_value=-5.2253581184578568e-06 1.5621455179341096e-05 0.00093890682409388101 0.00065015555795696831 -3.4177781525243035e-05 0.00018987468675773611 5.2242697835863116e-05
leaf_weight=242553.01607513428 480788.31861209869 13391.193359375 12755.288866043091 532662.25791168213 27519.844985961914 30452.685546875
leaf_count=363 1739 18 74 2539 51 37
internal_value=0.000323773 0.00210737 0.0168824 -0.000761421 0.00206206 -9.97774e-05
internal_weight=1.34012e+06 506935 26146.5 833188 300526 273006
internal_count=4821 1831 92 2990 451 400
is_linear=0
shrinkage=0.03


Tree=330
num_leaves=7
num_cat=0
split_feature=12 4 3 4 16 12
split_gain=3870.89 6611.21 4644.73 4418.09 4636.62 3600.05
threshold=1.5289988241803774 4.5000000000000009 1.0000000180025095e-35 5.5000000000000009 1.0710728321363889 1.1693505096152683
decision_type=10 2 2 2 8 10
left_child=3 -2 -3 4 -1 -5
right_child=1 2 -4 5 -6 -7
leaf_value=-3.0630577796942443e-05 -0.00024476224102188343 0.00014719319251954216 -2.7119320480556836e-05 2.1271911025120495e-06 0.0010126891699040299 -2.4137879650534694e-05
leaf_weight=16307.512412071228 9768.4317092895508 70434.748264312744 40576.708515167236 857993.04022789001 19080.11118221283 293146.03824234009
leaf_count=76 34 350 345 3129 93 739
internal_value=0.000145573 0.00526203 0.0073443 -0.000375266 0.0100649 -0.000696253
internal_weight=1.30731e+06 120780 111011 1.18653e+06 35387.6 1.15114e+06
internal_count=4766 729 695 4037 169 3868
is_linear=0
shrinkage=0.03


Tree=331
num_leaves=7
num_cat=0
split_feature=16 16 14 14 12 16
split_gain=3679.04 8995.26 6934.83 6334.9 4254.65 11268.7
threshold=1.0498483685467155 1.0467215430128654 0.94607194311368847 0.93054782712494399 1.0982699792095445 1.0465384712774024
decision_type=8 10 8 10 10 10
left_child=1 4 3 -2 -1 -6
right_child=2 -3 -4 -5 5 -7
leaf_value=-5.3063673905277878e-05 -7.0129976095845143e-06 -8.0257399032545261e-05 3.3269594917194444e-07 0.00011769479813540731 -1.313660535348631e-05 0.00023102401064393157
leaf_weight=66452.992925643921 15089.418897628784 38066.013488769531 1013525.4651279449 25994.177736282349 168298.73801231384 24342.701644897461
leaf_count=594 167 42 2930 48 992 32
internal_value=-0.000288695 -0.00323707 0.000542089 0.0126244 -0.00123628 0.00102167
internal_weight=1.35177e+06 297160 1.05461e+06 41083.6 259094 192641
internal_count=4805 1660 3145 215 1618 1024
is_linear=0
shrinkage=0.03


Tree=332
num_leaves=7
num_cat=0
split_feature=15 15 14 16 16 9
split_gain=2975.2 7444.03 4640.68 5297.66 4544.71 4567.16
threshold=0.056539048474663657 0.054366120026944839 0.94864079539466883 1.0623642774519968 1.0655251995251278 0.95000000000000007
decision_type=2 2 8 8 10 2
left_child=1 2 3 -1 5 -4
right_child=-2 -3 4 -5 -6 -7
leaf_value=-2.2944418970736433e-05 -2.03262758931886e-05 0.00029725184453505685 8.2806156230452335e-07 1.9595036690306251e-05 -3.1929115632508762e-05 8.3584663152797559e-05
leaf_weight=13298.525207519531 296649.81293964386 35115.583839416504 662318.38545227051 23277.259948730469 199135.57843017578 97030.491409301758
leaf_count=67 3115 97 1071 37 279 167
internal_value=0.000484167 0.00124649 0.000767387 0.0112544 0.000367145 0.00142503
internal_weight=1.32683e+06 1.03018e+06 995060 36575.8 958484 759349
internal_count=4833 1718 1621 104 1517 1238
is_linear=0
shrinkage=0.03


Tree=333
num_leaves=7
num_cat=0
split_feature=4 13 14 14 3 14
split_gain=4872.96 10012.9 4441.85 11960.3 10269.9 9308.6
threshold=5.5000000000000009 0.75372985175490548 1.2619510653514818 1.1281809128220688 1.0000000180025095e-35 1.1008288912606925
decision_type=2 8 10 10 2 10
left_child=1 -1 3 5 -4 -2
right_child=2 -3 4 -5 -6 -7
leaf_value=-3.5888573325063076e-05 -2.3090786501231703e-06 0.0016327947318487298 0.00016782739978023317 -6.8707423422261911e-05 -0.00022945694993663885 5.9220871735621214e-05
leaf_weight=24903.997379302979 1136757.537027359 20871.499196052551 25709.577411651611 51303.283834457397 13904.356407165527 47538.505884170532
leaf_count=99 3795 116 157 182 198 159
internal_value=0.000186819 0.00980335 -0.000158416 -0.000475462 0.00972936 0.000138888
internal_weight=1.32099e+06 45775.5 1.27521e+06 1.2356e+06 39613.9 1.1843e+06
internal_count=4706 215 4491 4136 355 3954
is_linear=0
shrinkage=0.03


Tree=334
num_leaves=7
num_cat=0
split_feature=4 11 14 7 14 3
split_gain=4622.01 8810.46 4900.3 4539.54 8590.35 8749.79
threshold=4.5000000000000009 1.0000000180025095e-35 1.2777369774735328 1.0000000180025095e-35 1.2619510653514818 1.0000000180025095e-35
decision_type=2 2 10 2 10 2
left_child=-1 3 -3 4 -2 -6
right_child=1 2 -4 -5 5 -7
leaf_value=-0.00023681526495061703 -1.8692365246706364e-05 0.0017228213900432519 0.00021288873199293233 1.9392052767481333e-05 0.00021695484112910592 -0.00026385270826036412
leaf_weight=11271.467544555664 764316.46915817261 14337.61661529541 8693.229772567749 501827.76814460754 22498.36450958252 9050.3594608306885
leaf_count=52 2655 68 38 1792 96 114
internal_value=5.97518e-05 0.000223043 0.0186137 -0.000103417 -0.00151237 0.0138273
internal_weight=1.332e+06 1.32072e+06 23030.8 1.29769e+06 795865 31548.7
internal_count=4815 4763 106 4657 2865 210
is_linear=0
shrinkage=0.03


Tree=335
num_leaves=7
num_cat=0
split_feature=15 7 3 13 16 12
split_gain=4395.3 4947.09 9233.75 7840.72 6712.38 6187.99
threshold=0.029173981984485647 1.0000000180025095e-35 1.0000000180025095e-35 1.0000000180025095e-35 1.0498483685467155 1.2203176711021559
decision_type=2 2 2 8 8 8
left_child=-1 -2 3 4 -3 -4
right_child=1 2 5 -5 -6 -7
leaf_value=1.2018732161131689e-05 -1.0131811070388362e-05 -4.7936126123225453e-05 0.00023546648546259312 0.00022498120845829337 4.6185598866316135e-05 -0.00014969007305668512
leaf_weight=55778.970336914062 778234.25937366486 64265.286994934082 45499.346007347107 157488.76558303833 92989.378768920898 113360.58171272278
leaf_count=81 2887 269 259 436 185 621
internal_value=0.000423633 5.64734e-05 0.00247398 0.00544994 0.000711347 -0.00342218
internal_weight=1.30762e+06 1.25184e+06 473603 314743 157255 158860
internal_count=4738 4657 1770 890 454 880
is_linear=0
shrinkage=0.03


Tree=336
num_leaves=7
num_cat=0
split_feature=0 15 15 7 14 15
split_gain=3303.74 5249.48 5038.98 3129.08 11903.9 11080.7
threshold=8.5000000000000018 0.040480082228925622 0.029173981984485647 1.5000000000000002 1.0192840380250825 0.04854845155040257
decision_type=2 2 2 2 10 2
left_child=2 -2 -1 -4 5 -5
right_child=1 -3 3 4 -6 -7
leaf_value=1.4872685621208881e-05 -2.1896939897999371e-05 3.9604628606970671e-05 -1.7554414107589533e-05 -0.00014619185653797254 0.00037641966059564499 0.00039334342644488596
leaf_weight=40629.968627929688 48720.702362060547 214286.55613899231 963089.27216720581 15022.994140625 29205.653823852539 17897.235984802246
leaf_count=60 72 849 3578 20 104 98
internal_value=-0.00019221 0.00281902 -0.00093527 -0.00134593 0.00517939 -0.00718913
internal_weight=1.32885e+06 263007 1.06585e+06 1.02522e+06 62125.9 32920.2
internal_count=4781 921 3860 3800 222 118
is_linear=0
shrinkage=0.03


Tree=337
num_leaves=7
num_cat=0
split_feature=15 14 14 14 14 14
split_gain=4698.88 4384.75 4421.82 8240.33 6603.31 7555.79
threshold=0.029173981984485647 1.5471157491389309 1.150712066236131 1.180759919291855 1.1008288912606925 1.1040594123279892
decision_type=2 10 10 10 10 10
left_child=-1 2 4 -4 -2 -6
right_child=1 -3 3 -5 5 -7
leaf_value=1.4468507548257769e-05 -3.9422620526100045e-08 0.00039030478709355397 -0.00010888049708794024 -2.8944592766582746e-05 0.00028581294043080331 5.1408455878806071e-06
leaf_weight=53806.979064941406 1123052.2933139801 11208.006816864014 11818.193674087524 60199.847810745239 13838.376831054688 54874.630840301514
leaf_count=82 3999 116 26 385 32 194
internal_value=0.000660906 0.000294405 0.000128688 -0.00708977 0.000564926 0.00959249
internal_weight=1.3288e+06 1.27499e+06 1.26378e+06 72018 1.19177e+06 68713
internal_count=4834 4752 4636 411 4225 226
is_linear=0
shrinkage=0.03


Tree=338
num_leaves=7
num_cat=0
split_feature=15 15 15 14 14 16
split_gain=2536.69 2537.69 4068.39 3800.49 3458.48 10779.1
threshold=0.029173981984485647 0.039230364345783843 0.041105593093035443 0.96502995123221536 1.1306175073602398 1.0416214467944946
decision_type=2 2 2 10 10 10
left_child=-1 3 -3 -2 -4 -6
right_child=1 2 4 -5 5 -7
leaf_value=1.0301389779960831e-05 7.174444660931021e-07 0.00014224459900046631 5.4076673107990823e-07 -0.00011270899268717453 0.0040241735059351061 -6.5326668871087089e-05
leaf_weight=52777.557495117188 86153.332763671875 51307.442344665527 979948.20280742645 71142.442596435547 17392.78399848938 60629.081466674805
leaf_count=78 144 90 3856 82 318 232
internal_value=-0.000146922 -0.000415457 9.02151e-05 -0.00398144 -0.000309899 -0.00638853
internal_weight=1.31935e+06 1.26657e+06 1.10928e+06 157296 1.05797e+06 78021.9
internal_count=4800 4722 4496 226 4406 550
is_linear=0
shrinkage=0.03


Tree=339
num_leaves=7
num_cat=0
split_feature=8 9 16 8 4 14
split_gain=2274.77 6752.6 6856.3 12429.9 6583.66 8166.71
threshold=0.35000000000000003 0.75000000000000011 1.0710728321363889 2.0000000000000004 5.5000000000000009 1.2839068195847994
decision_type=2 2 8 2 2 10
left_child=-1 2 -2 -4 5 -3
right_child=1 4 3 -5 -6 -7
leaf_value=-5.2334237908753178e-07 0.00018269166363674928 0.0019296084007727067 -7.5674253354637841e-05 0.0026197329000294668 -8.8487015801227943e-06 -4.6011448693461723e-05
leaf_weight=1005339.3451967239 31240.043886184692 14207.732118606567 46130.521932601929 12593.541868209839 214881.88432312012 9593.2418575286865
leaf_count=3601 113 73 162 46 756 31
internal_value=0.000448791 0.0026155 0.00961961 0.00357837 -2.46215e-05 0.0149445
internal_weight=1.33399e+06 328647 89964.1 58724.1 238683 23801
internal_count=4782 1181 321 208 860 104
is_linear=0
shrinkage=0.03


Tree=340
num_leaves=7
num_cat=0
split_feature=14 14 12 14 14 7
split_gain=3013.6 9129.93 3258.95 9805.47 13901.2 8810.92
threshold=0.92794751910932771 0.94334000820062025 1.1693505096152683 0.97060912187111337 1.0330184484492471 1.5000000000000002
decision_type=8 8 8 8 10 2
left_child=-1 -2 3 -3 -5 -6
right_child=1 2 -4 4 5 -7
leaf_value=-0.00025909009642219083 0.00043896800497624519 -8.8470654544530011e-05 -6.8196989196936439e-06 0.0001366442372678003 -3.5356631589860163e-05 0.00027194899950313097
leaf_weight=38168.191371917725 27669.184417724609 14724.950742721558 889797.47498226166 168956.2112827301 157976.15015602112 17417.104040145874
leaf_count=603 97 59 3010 468 511 60
internal_value=0.000186246 0.00043462 5.69475e-05 0.00246936 0.00349463 -0.00242134
internal_weight=1.31471e+06 1.27654e+06 1.24887e+06 359074 344349 175393
internal_count=4808 4205 4108 1098 1039 571
is_linear=0
shrinkage=0.03


Tree=341
num_leaves=7
num_cat=0
split_feature=15 7 3 13 14 14
split_gain=4622.54 3898.23 8412.02 11598.2 8177.71 7204.91
threshold=0.029173981984485647 1.0000000180025095e-35 1.0000000180025095e-35 1.0000000180025095e-35 1.1954954634406694 1.0949653443154166
decision_type=2 2 2 8 8 8
left_child=-1 -2 3 5 -4 -3
right_child=1 2 4 -5 -6 -7
leaf_value=1.3082934643493996e-05 -1.422122342665729e-05 -5.9362966800339112e-05 3.2490027441254268e-05 0.00027063024521230283 -0.00026615890075553462 0.00011020587229941947
leaf_weight=54651.123657226562 786260.14330101013 114273.67481803894 90548.578279495239 152980.00270080566 77889.333102226257 47377.107948303223
leaf_count=82 2930 293 416 438 480 158
internal_value=-0.000319849 -0.000687681 0.00143334 0.0043299 -0.00397721 -0.00127341
internal_weight=1.32398e+06 1.26933e+06 483069 314631 168438 161651
internal_count=4797 4715 1785 889 896 451
is_linear=0
shrinkage=0.03


Tree=342
num_leaves=7
num_cat=0
split_feature=13 13 13 12 8 4
split_gain=3961.24 8630.72 4604.04 10836.1 5514.24 9010.31
threshold=0.23631308981709873 0.39179212105117417 0.052899882418037725 1.0982699792095445 1.6000000000000003 5.5000000000000009
decision_type=10 10 10 10 2 2
left_child=2 -2 4 -4 -1 -6
right_child=1 -3 3 -5 5 -7
leaf_value=-2.1887688817906225e-06 -8.9880623382625915e-05 5.4560141495213106e-07 -6.1896621159509318e-05 0.00021498471312175082 0.0017065996447512034 7.6449805741316603e-05
leaf_weight=1021383.2388267517 35742.648590087891 82261.173599243164 13913.883094787598 50412.648603439331 14089.14185333252 85927.167882919312
leaf_count=3801 61 291 67 115 63 397
internal_value=0.000237265 -0.0050045 0.000758946 0.00856382 0.000311201 0.0070337
internal_weight=1.30373e+06 118004 1.18573e+06 64326.5 1.1214e+06 100016
internal_count=4795 352 4443 182 4261 460
is_linear=0
shrinkage=0.03


Tree=343
num_leaves=7
num_cat=0
split_feature=15 8 16 15 8 8
split_gain=2802.93 2490.75 6688.69 6374.22 3699.45 15419.4
threshold=0.029173981984485647 3.3500000000000001 1.0637771057775078 0.04854845155040257 2.2500000000000004 2.0000000000000004
decision_type=2 2 10 2 2 2
left_child=-1 4 3 -3 5 -2
right_child=1 2 -4 -5 -6 -7
leaf_value=7.5539082130038191e-06 -8.0304513758003055e-06 0.00067121467067851354 -0.00012950628820334456 0.00043238060029080258 -4.1337973875411806e-05 0.0025529337539729104
leaf_weight=55271.907348632812 1097823.1646003723 17419.963653564453 14453.698253631592 36270.876083374023 86642.258071899414 14817.614837646484
leaf_count=81 4047 31 27 178 323 46
internal_value=-0.000263142 -0.000551548 0.00502742 0.00990395 -0.00086857 -0.000403595
internal_weight=1.3227e+06 1.26743e+06 68144.5 53690.8 1.19928e+06 1.11264e+06
internal_count=4733 4652 236 209 4416 4093
is_linear=0
shrinkage=0.03


Tree=344
num_leaves=7
num_cat=0
split_feature=14 14 1 14 9 15
split_gain=3655.35 8160.4 7490.93 3850.86 5478.9 5178.81
threshold=0.95292131809574754 0.9613155423314802 1.0000000180025095e-35 0.98707670706139494 0.8500000000000002 0.048852481607943997
decision_type=8 8 2 8 2 2
left_child=2 -2 -1 4 -3 -5
right_child=1 3 -4 5 -6 -7
leaf_value=-0.00078170573477769653 -0.00094346170493349812 1.7168781128046318e-05 2.5059505931249361e-05 -2.2484816287460328e-05 -7.3523209252176073e-05 1.3174131303585668e-05
leaf_weight=34831.637619018555 25360.912916183472 86769.925994873047 62707.704650878906 527087.30303192139 17834.489822387695 562604.61894607544
leaf_count=667 78 212 93 819 28 2863
internal_value=0.000347379 -9.95536e-05 0.00593565 0.000258069 0.00575613 -0.000269738
internal_weight=1.3172e+06 1.21966e+06 97539.3 1.1943e+06 104604 1.08969e+06
internal_count=4760 4000 760 3922 240 3682
is_linear=0
shrinkage=0.03


Tree=345
num_leaves=7
num_cat=0
split_feature=14 14 12 1 0 16
split_gain=3507.96 8731.26 10498.4 8957.24 5745.11 4884.56
threshold=0.98457513773568628 0.97371294995495739 1.4853093849417716 1.0000000180025095e-35 5.5000000000000009 1.0513477337843242
decision_type=8 10 8 2 2 8
left_child=1 2 4 -4 -1 -6
right_child=-2 -3 3 -5 5 -7
leaf_value=6.5258567206679365e-06 -1.9443777890620301e-06 0.00042161487855964182 -0.0011080841193059504 0.00018628529242322795 -1.5114442312575615e-05 -0.00016862583713357938
leaf_weight=65283.794545173645 1097276.8356323242 35692.211141586304 20828.35919380188 40039.358581542969 31856.457131385803 26354.065113067627
leaf_count=265 3744 84 341 65 189 78
internal_value=0.000588202 0.00404512 0.00141559 0.0116122 -0.00361036 -0.0104624
internal_weight=1.31733e+06 220054 184362 60867.7 123494 58210.5
internal_count=4766 1022 938 406 532 267
is_linear=0
shrinkage=0.03


Tree=346
num_leaves=7
num_cat=0
split_feature=15 4 11 16 14 14
split_gain=5350.47 4006.91 5806.76 8823.55 4149.05 13801.4
threshold=0.029173981984485647 4.5000000000000009 1.0000000180025095e-35 1.0637771057775078 1.0050075219070154 1.0094554678862944
decision_type=2 2 2 10 8 8
left_child=-1 -2 4 -4 -3 -6
right_child=1 2 3 -5 5 -7
leaf_value=1.4951519269054228e-05 -0.00023785030575344742 1.4039504860460211e-05 0.0015631412666914494 -4.2064240286179594e-05 -0.0001919350716020547 -9.4243539061912535e-06
leaf_weight=47938.956298828125 10682.68402671814 298304.24757194519 14665.452412605286 8703.9117069244385 18571.532501220703 914341.96856212616
leaf_count=72 52 1260 84 20 44 3266
internal_value=0.000171189 -0.000201566 -4.57453e-05 0.014767 -0.00032696 -0.00131174
internal_weight=1.31321e+06 1.26527e+06 1.25459e+06 23369.4 1.23122e+06 932914
internal_count=4798 4726 4674 104 4570 3310
is_linear=0
shrinkage=0.03


Tree=347
num_leaves=7
num_cat=0
split_feature=15 14 0 14 12 15
split_gain=3276.93 4189.79 3642.65 5216.08 5192.59 6673.51
threshold=0.029173981984485647 0.98728541406749526 6.5000000000000009 0.97371294995495739 1.4853093849417716 0.04854845155040257
decision_type=2 10 2 10 10 2
left_child=1 -1 -2 4 5 -4
right_child=2 -3 3 -5 -6 -7
leaf_value=6.0897922462332435e-05 -1.7163658675726464e-05 -2.4750248981504804e-06 -0.00013746504892452415 1.9159433870132913e-05 0.0003944687461446261 2.3835143189284792e-05
leaf_weight=27403.325317382812 774930.75633907318 26403.653747558594 108420.98793792725 223319.34750556946 17610.051597595215 144400.77967453003
leaf_count=48 2872 34 164 719 147 793
internal_value=-8.16506e-05 0.0071693 -0.000389203 0.00162465 -0.00117738 -0.00227461
internal_weight=1.32249e+06 53807 1.26868e+06 493751 270432 252822
internal_count=4777 82 4695 1823 1104 957
is_linear=0
shrinkage=0.03


Tree=348
num_leaves=7
num_cat=0
split_feature=15 14 14 14 14 14
split_gain=4930.42 3212.31 3121.93 9950.44 6614.33 8659.97
threshold=0.029173981984485647 1.5471157491389309 1.150712066236131 1.2165517827778889 1.1008288912606925 1.1040594123279892
decision_type=2 10 10 10 10 10
left_child=-1 2 4 -4 -2 -6
right_child=1 -3 3 -5 5 -7
leaf_value=1.1939700782910587e-05 -2.5184384732607625e-06 0.00030885867531307089 -7.3397014404997339e-05 -1.4034620868753083e-06 0.00027624485465569255 7.3156416084838727e-06
leaf_weight=57613.865051269531 1109919.2333936691 11729.17430305481 17193.389219284058 54352.699337005615 14067.258239746094 57753.559589385986
leaf_count=86 3951 122 45 369 31 196
internal_value=0.00023206 -0.000158851 -0.000305129 -0.00639011 6.33e-05 0.00888612
internal_weight=1.32263e+06 1.26502e+06 1.25329e+06 71546.1 1.18174e+06 71820.8
internal_count=4800 4714 4592 414 4178 227
is_linear=0
shrinkage=0.03


Tree=349
num_leaves=7
num_cat=0
split_feature=15 16 14 13 16 8
split_gain=3894.91 6311.48 9045.95 5506.82 4985.98 4761.02
threshold=0.058198264729891251 1.046132868658564 0.94607194311368847 0.23631308981709873 1.0361047203103426 3.3500000000000001
decision_type=2 8 8 10 10 2
left_child=1 4 -3 5 -1 -4
right_child=-2 2 3 -5 -6 -7
leaf_value=-0.00028538738818761276 -2.8746855635375695e-05 2.6463361616434761e-05 -2.4166308761849524e-07 -8.4632246155357923e-05 0.00015095587094478863 0.00077800901428227856
leaf_weight=17375.957382202148 278857.36631965637 33803.377655029297 855102.86837768555 68824.971687316895 39084.350143432617 34631.027679443359
leaf_count=196 2968 63 1274 106 90 50
internal_value=-1.62706e-05 0.000821576 0.00026645 -0.000271465 0.0105777 0.000360974
internal_weight=1.32768e+06 1.04882e+06 992362 958559 56460.3 889734
internal_count=4747 1779 1493 1430 286 1324
is_linear=0
shrinkage=0.03


Tree=350
num_leaves=7
num_cat=0
split_feature=14 14 16 12 14 14
split_gain=3354.95 8049.82 3631.09 3880.3 4456.47 11254.8
threshold=0.92794751910932771 0.94334000820062025 1.0831739136305429 1.0882697358021824 0.98683856844922457 0.97371294995495739
decision_type=8 8 10 8 8 10
left_child=-1 -2 3 -3 5 -5
right_child=1 2 -4 4 -6 -7
leaf_value=-0.00031806876412274616 0.00074129344860301343 -0.00051558892173282991 -0.00012255759800862059 3.3923569496362618e-06 1.8226844048590861e-06 0.00019681252731732141
leaf_weight=35719.728818893433 28003.229232788086 22321.61548614502 25712.799757003784 114740.28048324585 1057351.5755558014 39356.917821884155
leaf_count=582 101 377 168 210 3202 95
internal_value=0.000771723 0.00102335 0.000669603 0.000902164 0.00113056 0.00589672
internal_weight=1.32321e+06 1.28749e+06 1.25948e+06 1.23377e+06 1.21145e+06 154097
internal_count=4735 4153 4052 3884 3507 305
is_linear=0
shrinkage=0.03


Tree=351
num_leaves=7
num_cat=0
split_feature=9 8 14 13 14 13
split_gain=4163 11517.4 8801.36 9083.33 8885.87 5862.78
threshold=0.75000000000000011 2.0000000000000004 1.0050075219070154 0.10316166510267542 1.0086521194667821 0.13883855315859683
decision_type=2 2 8 10 8 8
left_child=1 2 -1 4 -4 -2
right_child=5 -3 3 -5 -6 -7
leaf_value=3.3554549040818497e-05 -0.00044150009982426588 0.0024798954829905293 -0.00027129976860526409 7.5369339643367443e-05 -1.2650744778708833e-05 -1.073689995358415e-05
leaf_weight=261001.4202003479 16132.706592559814 12140.472650527954 13523.19499206543 42977.178880691528 764407.51668357849 219523.37480258942
leaf_count=1095 191 43 26 97 2658 688
internal_value=0.000157188 0.000936244 0.000610111 -0.000915615 -0.00165737 -0.00345958
internal_weight=1.32971e+06 1.09405e+06 1.08191e+06 820908 777931 235656
internal_count=4798 3919 3876 2781 2684 879
is_linear=0
shrinkage=0.03


Tree=352
num_leaves=7
num_cat=0
split_feature=5 11 16 14 16 14
split_gain=2865.8 8336.68 4148.06 6051.71 3466.81 4793.84
threshold=5.004166413209405 1.0000000180025095e-35 1.048383096817489 1.0167950635058622 1.0831739136305429 1.2235486479502535
decision_type=2 2 10 8 10 10
left_child=2 4 3 -1 5 -2
right_child=1 -3 -4 -5 -6 -7
leaf_value=-0.00025579117769020018 -6.310038623463684e-07 0.0012913592107796211 -0.00014126611308458767 0.0025644470288846751 -0.00016608068390021964 0.00010563621340646022
leaf_weight=7382.7465829849243 1198983.031955719 13193.649124145508 11441.744213104248 5949.2088260650635 27094.893196105957 57450.344030380249
leaf_count=52 3979 65 29 45 246 369
internal_value=0.000108935 0.000302054 -0.00999743 0.00137569 5.81289e-05 0.000287107
internal_weight=1.3215e+06 1.29672e+06 24773.7 13332 1.28353e+06 1.25643e+06
internal_count=4785 4659 126 97 4594 4348
is_linear=0
shrinkage=0.03


Tree=353
num_leaves=7
num_cat=0
split_feature=13 14 14 14 16 16
split_gain=4250.81 6438.35 8280.81 6056.03 9506.93 5572.17
threshold=0.23631308981709873 1.2619510653514818 1.0842898240257204 1.3266540940145797 1.048383096817489 1.0503479612460462
decision_type=10 10 10 10 10 8
left_child=-1 2 5 -3 -5 -2
right_child=1 3 -4 4 -6 -7
leaf_value=6.4264265352113104e-06 -7.6024493485536969e-05 0.00010695545086216758 -0.00014249946518857443 0.00030302520681703464 -0.0002371682344100726 1.4939636808003528e-05
leaf_weight=1217544.2111129761 32289.980518341064 12721.450998306274 25990.349308013916 13007.254638671875 11690.089874267578 24671.072343826294
leaf_count=4489 96 48 52 76 39 55
internal_value=0.000616483 -0.00476146 -0.00942125 0.0055684 -0.00309404 -0.00301784
internal_weight=1.33791e+06 120370 82951.4 37418.8 24697.3 56961.1
internal_count=4855 366 203 163 115 151
is_linear=0
shrinkage=0.03


Tree=354
num_leaves=7
num_cat=0
split_feature=14 14 9 15 11 16
split_gain=2903.86 9467.44 6069.77 8339.13 5764.17 8966.5
threshold=1.0050075219070154 1.0086521194667821 0.55000000000000016 0.051094601912366019 1.0000000180025095e-35 1.073450819765766
decision_type=8 8 2 2 2 8
left_child=2 -2 -1 -4 -3 -6
right_child=1 4 3 -5 5 -7
leaf_value=4.1766150883558841e-05 -0.00027347308545121521 -2.3930215920495652e-06 7.7753683324954389e-06 -0.00015194445081090011 -4.9868614914532221e-05 0.0013635979940938168
leaf_weight=254319.53998947144 13156.044700622559 953085.44042110443 24943.470001220703 28350.823768615723 11298.74790763855 15071.617146492004
leaf_count=1071 29 3314 39 205 38 71
internal_value=0.000423962 -0.000365288 0.00297069 -0.00623455 -2.56633e-05 0.0138088
internal_weight=1.30023e+06 992612 307614 53294.3 979456 26370.4
internal_count=4767 3452 1315 244 3423 109
is_linear=0
shrinkage=0.03


Tree=355
num_leaves=7
num_cat=0
split_feature=16 14 14 14 7 8
split_gain=3719.74 3613.85 12133.9 5662.77 3648.09 7038.69
threshold=1.0831739136305429 1.2235486479502535 1.150712066236131 1.2540639626712573 1.0000000180025095e-35 3.3500000000000001
decision_type=10 10 10 10 2 2
left_child=1 2 4 -3 -1 -6
right_child=-2 3 -4 -5 5 -7
leaf_value=-3.1593541113944343e-06 -0.00011625992624052047 0.00012884612649676869 -6.7586904387003058e-05 1.3462618599583163e-05 1.1070768342703547e-05 0.00087180874717238349
leaf_weight=774251.01555728912 27853.870262145996 9159.6015625 18374.989284515381 52561.391088485718 418680.02051734924 22434.752227783203
leaf_count=2566 264 47 67 342 1412 87
internal_value=-2.29035e-05 0.000210342 -0.000144075 0.00729422 0.000221795 0.00239932
internal_weight=1.32332e+06 1.29546e+06 1.23374e+06 61721 1.21537e+06 441115
internal_count=4785 4521 4132 389 4065 1499
is_linear=0
shrinkage=0.03


Tree=356
num_leaves=7
num_cat=0
split_feature=0 16 16 14 7 14
split_gain=3197.16 2539.66 7697.81 4621.38 4889.42 3688.38
threshold=7.5000000000000009 1.046132868658564 1.0441414365544204 1.0297995467268952 1.5000000000000002 1.0166163544129261
decision_type=2 10 10 10 2 10
left_child=1 2 3 -1 -5 -3
right_child=-2 5 -4 4 -6 -7
leaf_value=-3.7512972142313321e-05 4.2723907057787126e-06 -1.432277315947858e-06 0.00024908573415842889 2.4758958269487543e-05 0.00094528547654284276 -3.900922165986532e-05
leaf_weight=462909.9539308548 388140.97782802582 186033.14574432373 11909.040420532227 54845.608207702637 9515.5647792816162 204519.19024085999
leaf_count=2088 1389 363 23 443 48 388
internal_value=-0.000493398 -0.00144813 -0.000113673 -0.000652493 0.00687947 -0.0032904
internal_weight=1.31787e+06 929733 539180 527271 64361.2 390552
internal_count=4742 3353 2602 2579 491 751
is_linear=0
shrinkage=0.03


Tree=357
num_leaves=7
num_cat=0
split_feature=15 15 14 14 9 15
split_gain=2790.9 2604.76 5414.99 3465.2 9606.18 9549.42
threshold=0.029173981984485647 0.03347175610648883 0.96502995123221536 1.0742246687527095 1.0000000180025095e-35 0.04854845155040257
decision_type=2 2 10 8 2 2
left_child=-1 2 -2 -3 5 -5
right_child=1 3 -4 4 -6 -7
leaf_value=9.8059128553693489e-06 3.4424624741723861e-06 1.085148908040345e-05 -7.6193259232774333e-05 -0.0001535451996770901 3.8261621685580442e-05 -1.4708475841884118e-05
leaf_weight=53636.997680664062 38275.268798828125 478018.13904285431 34971.332092285156 187098.520362854 268075.92986679077 284010.90719127655
leaf_count=82 55 1806 39 286 995 1559
internal_value=1.4951e-05 -0.000263763 -0.00575799 6.68807e-05 -0.00122033 -0.00380012
internal_weight=1.34409e+06 1.29045e+06 73246.6 1.2172e+06 739185 471109
internal_count=4822 4740 94 4646 2840 1845
is_linear=0
shrinkage=0.03


Tree=358
num_leaves=7
num_cat=0
split_feature=16 0 16 16 15 16
split_gain=4559.37 3695.71 3512.14 10869.5 10821.2 4267.24
threshold=1.0831739136305429 6.5000000000000009 1.0528400861627698 1.046132868658564 0.055460763385134816 1.0655251995251278
decision_type=10 2 8 10 2 8
left_child=1 2 3 4 -1 -4
right_child=-2 -3 5 -5 -6 -7
leaf_value=0.00014808642805008043 -0.00011645595803116863 7.6790167118259154e-06 6.8864998394749629e-05 -4.9562294818061881e-05 -6.8635592397455373e-05 -1.0417042586717073e-05
leaf_weight=32932.38117980957 32034.326751708984 509865.23011302948 62326.302803039551 130167.84088897705 80528.763867378235 484705.3819103241
leaf_count=155 278 1760 106 188 770 1512
internal_value=-0.00031785 -4.24191e-05 -0.00132665 -0.00432269 0.00246444 7.71374e-06
internal_weight=1.33256e+06 1.30053e+06 790661 243629 113461 547032
internal_count=4769 4491 2731 1113 925 1618
is_linear=0
shrinkage=0.03


Tree=359
num_leaves=7
num_cat=0
split_feature=0 13 8 14 15 13
split_gain=2856.84 3245.64 3883.03 3403.55 3320.95 2427.57
threshold=4.5000000000000009 0.26658370010661642 3.3500000000000001 1.2619510653514818 0.029173981984485647 0.8281396770149918
decision_type=2 10 2 10 2 10
left_child=1 2 4 -3 -1 -2
right_child=5 3 -4 -5 -6 -7
leaf_value=7.3041879441776138e-05 2.9054256596064893e-06 -0.00012695073628914751 0.00087234747305729992 -1.0156611078347865e-06 -1.5993516772411414e-05 7.4426603389981245e-05
leaf_weight=16084.58544921875 763567.56726074219 29264.05206489563 18038.04351234436 14897.2805519104 461046.99656200409 16715.814502716064
leaf_count=26 2738 65 83 61 1738 86
internal_value=0.000338103 -0.00134084 -0.000645797 -0.00913328 -0.0011624 0.00149859
internal_weight=1.31961e+06 539331 495170 44161.3 477132 780283
internal_count=4797 1973 1847 126 1764 2824
is_linear=0
shrinkage=0.03


Tree=360
num_leaves=7
num_cat=0
split_feature=16 15 15 14 12 14
split_gain=3459.93 3970.85 6202.71 6044.91 10473.5 8259.15
threshold=1.0825028702192958 0.056539048474663657 0.054251404916975741 0.98707670706139494 1.2716800630866065 0.96298262306421611
decision_type=10 2 2 8 8 10
left_child=1 2 3 4 5 -1
right_child=-2 -3 -4 -5 -6 -7
leaf_value=-5.087091522141209e-05 -0.00011000905779891302 -2.1840629763359731e-05 0.00023121430850112367 -1.9580640700988998e-06 0.00017157445470733919 6.2927910386004025e-05
leaf_weight=42791.268852233887 35203.92960357666 292798.57217311859 48925.005104064941 805093.3123550415 28234.644622802734 70377.498123168945
leaf_count=99 275 2880 114 1276 64 89
internal_value=7.65e-05 0.000330091 0.00123343 0.000694986 0.00641558 0.002337
internal_weight=1.32342e+06 1.28822e+06 995422 946497 141403 113169
internal_count=4797 4522 1642 1528 252 188
is_linear=0
shrinkage=0.03


Tree=361
num_leaves=7
num_cat=0
split_feature=0 13 15 15 12 9
split_gain=5639.52 4461.52 5182.57 11564.8 5246.1 4962.35
threshold=5.5000000000000009 0.052899882418037725 0.050780791744762903 0.048852481607943997 1.4296333077027557 0.55000000000000016
decision_type=2 10 2 2 10 2
left_child=-1 2 3 4 -2 -3
right_child=1 5 -4 -5 -6 -7
leaf_value=-7.8307379313054044e-06 -1.9996208649592163e-06 0.00043019734199313629 -3.5850264318273422e-05 0.00017414943317171612 9.5498526330906538e-05 5.0716292977712673e-06
leaf_weight=682390.83103084564 231168.7144317627 15476.710384368896 208906.01274013519 68580.441223144531 45046.29020690918 84773.318359375
leaf_count=2487 362 45 1522 102 72 237
internal_value=0.000541245 0.00253203 0.00147762 0.00373678 0.000998985 0.00835539
internal_weight=1.33634e+06 653951 553701 344795 276215 100250
internal_count=4827 2340 2058 536 434 282
is_linear=0
shrinkage=0.03


Tree=362
num_leaves=7
num_cat=0
split_feature=15 15 14 16 14 9
split_gain=2817.71 6656.44 4171.19 5333.35 4425.33 9270.98
threshold=0.056539048474663657 0.054366120026944839 0.94607194311368847 1.046132868658564 1.0742246687527095 1.0000000180025095e-35
decision_type=2 2 8 8 10 2
left_child=1 2 -1 -4 5 -5
right_child=-2 -3 3 4 -6 -7
leaf_value=1.8160618725092054e-05 -2.6809640778868883e-05 0.0002624080935838844 0.00017591179137267865 -6.9926965987316786e-06 -3.4119504783290792e-05 5.5709020290306481e-05
leaf_weight=33587.280799865723 292293.19317817688 34941.093238830566 29898.502510070801 547012.20294189453 154751.93629455566 198921.90852355957
leaf_count=103 3062 101 180 791 215 286
internal_value=-7.74334e-07 0.000757177 0.000290993 -8.3906e-05 -0.000497728 0.000460082
internal_weight=1.29141e+06 999113 964172 930585 900686 745934
internal_count=4738 1676 1575 1472 1292 1077
is_linear=0
shrinkage=0.03


Tree=363
num_leaves=7
num_cat=0
split_feature=14 13 13 8 16 16
split_gain=2655.53 4229.16 4327.06 5588.83 4557.61 9471.55
threshold=1.5471157491389309 0.23631308981709873 0.086440527897512179 1.2500000000000002 1.0498483685467155 1.0467215430128654
decision_type=10 10 10 2 8 10
left_child=1 2 4 -4 5 -1
right_child=-2 -3 3 -5 -6 -7
leaf_value=-7.768125684957363e-06 0.00025448295017550652 -2.7109738243986769e-05 0.00094925412147703792 -1.4287416227611811e-06 7.1495116826170217e-06 -9.7292795724473213e-05
leaf_weight=208875.60280990601 10972.892906188965 98747.984310150146 26980.442329406738 30107.885414123535 920275.21154499054 21701.332458496094
leaf_count=1324 121 279 64 71 2880 24
internal_value=7.31828e-05 -5.02603e-05 0.000437731 0.00849914 3.78078e-05 -0.00373379
internal_weight=1.31766e+06 1.30669e+06 1.20794e+06 57088.3 1.15085e+06 230577
internal_count=4763 4642 4363 135 4228 1348
is_linear=0
shrinkage=0.03


Tree=364
num_leaves=7
num_cat=0
split_feature=15 15 15 15 3 15
split_gain=4305.91 10251.3 15175.2 8741.08 7770.18 6923.39
threshold=0.04440030412786309 0.048852481607943997 0.048880105699558786 0.043597703860321656 1.0000000180025095e-35 0.051094601912366019
decision_type=2 2 2 2 2 2
left_child=3 -2 -3 4 -1 -4
right_child=1 2 5 -5 -6 -7
leaf_value=-1.0943437478130275e-05 -8.8598691271731515e-05 0.00043661559169745563 3.3991468627743694e-05 8.7844063201989453e-05 0.00012161228624850164 -2.1456155151493818e-05
leaf_weight=228801.09506988525 205547.38128662109 24820.463623046875 146750.42182922363 66810.073486328125 146309.83251953125 479398.5151424408
leaf_count=269 365 28 246 77 323 3432
internal_value=-4.02578e-05 -0.00128119 0.000563068 0.00236486 0.000584167 -0.000348973
internal_weight=1.29844e+06 856517 650969 441921 375111 626149
internal_count=4740 4071 3706 669 592 3678
is_linear=0
shrinkage=0.03


Tree=365
num_leaves=7
num_cat=0
split_feature=14 14 10 3 8 15
split_gain=4145.65 14292.3 8295.65 8597.78 8496.5 10835.8
threshold=1.0914695316578398 1.0842898240257204 1.0000000180025095e-35 1.0000000180025095e-35 1.0000000180025095e-35 0.042405227101291805
decision_type=10 10 2 2 2 2
left_child=1 -1 3 4 5 -2
right_child=2 -3 -4 -5 -6 -7
leaf_value=4.8142556531960421e-07 0.0001332892351891313 -0.00012259079786949522 -3.7114978642828943e-05 -1.8907631042093106e-05 0.00015838962872118781 -2.4802854512457837e-05
leaf_weight=1115785.3776416779 12612.865173339844 32541.34203338623 31596.732046127319 52458.646453857422 38780.283197402954 43020.014312744141
leaf_count=3910 13 60 128 342 102 206
internal_value=0.000392879 -0.000268223 0.00464652 0.00764649 0.0130568 0.00554201
internal_weight=1.3268e+06 1.14833e+06 178469 146872 94413.2 55632.9
internal_count=4761 3970 791 663 321 219
is_linear=0
shrinkage=0.03


Tree=366
num_leaves=7
num_cat=0
split_feature=7 8 3 14 7 14
split_gain=3630.26 7731.78 5399.74 8682.76 8419.34 7988.12
threshold=1.0000000180025095e-35 3.3500000000000001 1.0000000180025095e-35 1.1954954634406694 1.5000000000000002 1.0463392515326024
decision_type=2 2 2 8 2 10
left_child=-1 2 -2 4 5 -4
right_child=1 -3 3 -5 -6 -7
leaf_value=-4.5337582438290063e-06 2.2671279957102507e-05 0.00089280788202935387 -0.00046713887533219364 -0.00033846587567360029 0.00067306717171689988 6.2680128938551381e-05
leaf_weight=832868.08617115021 306378.0036239624 24440.471832275391 30797.736755371094 69298.865332603455 19243.569751739502 44331.146366119385
leaf_count=3006 862 86 206 436 73 136
internal_value=3.73081e-05 0.00207343 0.00121794 -0.00318125 0.00273987 -0.00179548
internal_weight=1.32736e+06 494490 470049 163671 94372.5 75128.9
internal_count=4805 1799 1713 851 415 342
is_linear=0
shrinkage=0.03


Tree=367
num_leaves=7
num_cat=0
split_feature=16 12 11 16 15 16
split_gain=2641.05 3411.62 13510.6 4750.92 4849.17 5251.87
threshold=1.0825028702192958 1.0933050055255815 1.0000000180025095e-35 1.0757346557577139 0.059728534883048051 1.0464950017518078
decision_type=10 10 2 8 2 10
left_child=1 2 -1 4 5 -3
right_child=-2 3 -4 -5 -6 -7
leaf_value=-4.0915664000031882e-05 -8.842789151976586e-05 9.2906517682943816e-05 0.001405440714615544 0.00015325534259670728 -3.7751306193446518e-05 7.6799220235288746e-07
leaf_weight=509697.35765743256 37278.372970581055 74326.79833984375 12404.696865081787 102078.4391002655 109408.24150276184 452059.46544647217
leaf_count=2386 279 283 58 312 795 623
internal_value=8.51853e-05 0.000318032 -0.00153777 0.00163116 0.000666573 0.00186103
internal_weight=1.29725e+06 1.25997e+06 522102 737873 635795 526386
internal_count=4736 4457 2444 2013 1701 906
is_linear=0
shrinkage=0.03


Tree=368
num_leaves=7
num_cat=0
split_feature=7 8 2 14 14 14
split_gain=3014.42 7739.45 4718.38 5820.62 15651.8 11828.3
threshold=1.0000000180025095e-35 3.3500000000000001 1.0000000180025095e-35 1.0742246687527095 1.0680501303968397 1.0914695316578398
decision_type=2 2 2 8 10 8
left_child=-1 2 3 4 -2 -5
right_child=1 -3 -4 5 -6 -7
leaf_value=-7.248717855147497e-06 3.7483506497003742e-05 0.00085339717675687822 -0.00041006585747347947 -8.8193082564917537e-05 0.00051335608613173388 1.6628300052191288e-05
leaf_weight=815666.02624416351 98824.598508834839 24556.125583648682 60301.048625946045 45026.070146560669 22136.056976318359 257698.95361614227
leaf_count=2983 291 90 581 78 30 775
internal_value=-0.000464379 0.00134836 0.000514639 0.00163215 0.0071947 -0.000590582
internal_weight=1.32421e+06 508543 483987 423686 120961 302725
internal_count=4828 1845 1755 1174 321 853
is_linear=0
shrinkage=0.03


Tree=369
num_leaves=7
num_cat=0
split_feature=5 13 0 15 15 14
split_gain=3470.08 11019 3456.09 3434.64 11404.2 4120.11
threshold=5.3218043714983461 0.75372985175490548 3.5000000000000004 0.048852481607943997 0.048880105699558786 1.0552465198855685
decision_type=2 8 2 2 2 8
left_child=1 -1 -2 -4 -5 -6
right_child=2 -3 3 4 5 -7
leaf_value=-2.9574479077578252e-05 -3.1103717185641641e-05 0.0012459592094077961 -3.7634328847178995e-06 0.00041720899019682565 4.3200537619640788e-05 -7.847097374545362e-06
leaf_weight=27214.154577255249 394837.73487663269 22402.742266654968 442517.25337982178 13296.676940917969 138063.03609466553 278153.82764053345
leaf_count=86 1421 92 688 15 818 1593
internal_value=-1.6322e-05 0.00776604 -0.000321148 0.000733219 0.00264426 0.00177035
internal_weight=1.31649e+06 49616.9 1.26687e+06 872031 429514 416217
internal_count=4713 178 4535 3114 2426 2411
is_linear=0
shrinkage=0.03


Tree=370
num_leaves=7
num_cat=0
split_feature=7 8 14 14 14 15
split_gain=5142.05 6000.88 5530.82 8848.16 4838.21 15589.8
threshold=1.0000000180025095e-35 3.3500000000000001 1.2619510653514818 1.1258581559586331 1.1687579939507959 0.040899204715267111
decision_type=2 2 10 10 10 2
left_child=2 4 3 -1 -2 -6
right_child=1 -3 -4 -5 5 -7
leaf_value=-5.3450885833811653e-06 2.9372152699863946e-05 0.00080624293973619618 0.00013051853844185107 -0.00030330257795971294 0.00012226209168089781 -5.8020892191108675e-05
leaf_weight=756805.12546539307 434969.23098182678 25443.144437789917 42658.908054351807 16814.689390182495 7747.6192626953125 31754.646602630615
leaf_count=2609 1468 87 260 89 8 226
internal_value=0.000255523 0.00265159 -0.00121191 -0.00179181 0.00189036 -0.00816156
internal_weight=1.31619e+06 499915 816279 773620 474471 39502.3
internal_count=4747 1789 2958 2698 1702 234
is_linear=0
shrinkage=0.03


Tree=371
num_leaves=7
num_cat=0
split_feature=12 14 14 12 7 14
split_gain=4473.9 9766.01 10441.6 6362.47 5293.25 6732.87
threshold=1.1693505096152683 0.97060912187111337 0.98457513773568628 1.1849468853702654 1.5000000000000002 1.0166163544129261
decision_type=8 8 8 8 2 10
left_child=1 -1 -3 -2 5 -4
right_child=3 2 4 -5 -6 -7
leaf_value=-0.00016465933614090666 -0.00087929389443192605 0.001083864908643116 1.7917484946176455e-05 -6.7252097186293737e-06 0.00049054512895667737 -3.3449338369698469e-05
leaf_weight=37578.129385948181 12382.110626220703 39992.666023254395 107639.14329338074 917558.35226535797 37519.267683029175 163474.69679641724
leaf_count=360 17 69 319 3339 103 564
internal_value=-0.000309899 0.00240422 0.00397051 -0.00143708 0.00210143 0.000639788
internal_weight=1.31614e+06 386204 348626 929940 308633 271114
internal_count=4771 1415 1055 3356 986 883
is_linear=0
shrinkage=0.03


Tree=372
num_leaves=7
num_cat=0
split_feature=14 14 14 12 14 14
split_gain=4034.66 11944.3 11915.3 7048.5 15808.9 10291.2
threshold=1.0914695316578398 1.0842898240257204 1.1068849337467095 1.0982699792095445 1.0680501303968397 1.0535599432888179
decision_type=8 10 8 8 10 10
left_child=1 3 -2 5 -5 -1
right_child=2 -3 -4 4 -6 -7
leaf_value=-4.5548915182466561e-06 0.00018326343838639671 -0.00011775753115898463 1.6741876558427749e-06 -3.2995990680839691e-06 0.00028916649163969135 -0.00022478044053048614
leaf_weight=60464.231555938721 46314.149234771729 29213.348556518555 658089.5095911026 446908.50658607483 40082.886131286621 25302.088624954224
leaf_count=481 105 55 2693 1314 77 58
internal_value=-0.000190994 -0.00199448 0.00135023 -0.00104001 0.00035665 -0.00896999
internal_weight=1.30637e+06 601971 704404 572758 486991 85766.3
internal_count=4783 1985 2798 1930 1391 539
is_linear=0
shrinkage=0.03


Tree=373
num_leaves=7
num_cat=0
split_feature=14 14 14 14 16 14
split_gain=4075.71 9526.13 7435.02 7055.53 7539.86 6504.19
threshold=1.1281809128220688 1.2220604474766812 1.1008288912606925 1.2540639626712573 1.0463796197906221 1.1040594123279892
decision_type=10 10 10 10 10 10
left_child=2 -2 -1 -3 -5 -4
right_child=1 3 5 4 -6 -7
leaf_value=3.1341403175690516e-07 -5.8791681012711752e-05 0.00011703324867580135 0.00027467779109493422 0.00028153053056040686 -5.2046126997610537e-05 1.1447281289442706e-05
leaf_weight=1168113.6079339981 40549.963701248169 10926.330436706543 13380.79133605957 23331.761590957642 41462.05491065979 34850.766340255737
leaf_count=4029 123 69 32 288 129 139
internal_value=0.000158265 -0.00520779 0.000671224 0.00107638 -0.0026847 0.0122134
internal_weight=1.33262e+06 116270 1.21635e+06 75720.1 64793.8 48231.6
internal_count=4809 609 4200 486 417 171
is_linear=0
shrinkage=0.03


Tree=374
num_leaves=7
num_cat=0
split_feature=16 16 14 14 7 12
split_gain=3855.35 3782.68 5776.95 8011.68 5420.64 8451.51
threshold=1.0831739136305429 1.0560297178701339 0.95422374222778628 0.96298262306421611 1.5000000000000002 1.1606563820490996
decision_type=10 8 8 8 2 8
left_child=1 -1 -3 -4 -5 -6
right_child=-2 2 3 4 5 -7
leaf_value=-6.6898740600520837e-06 -0.00011286271206596684 2.8435227514197174e-05 -0.00092719323158949182 1.6068023612365098e-06 0.00056182594203098009 7.7169618126872799e-06
leaf_weight=402070.74322319031 29386.557317733765 50450.153535842896 17365.426132202148 754480.36141014099 19871.184238433838 42415.995267868042
leaf_count=1859 252 131 29 2314 46 132
internal_value=-2.18022e-05 0.00022361 0.00132027 0.000724005 0.00115276 0.00965833
internal_weight=1.31604e+06 1.28665e+06 884583 834133 816768 62287.2
internal_count=4763 4511 2652 2521 2492 178
is_linear=0
shrinkage=0.03


Tree=375
num_leaves=7
num_cat=0
split_feature=16 16 15 0 14 16
split_gain=2661.12 6444.41 7827.89 7046.11 5149.22 6073.69
threshold=1.0498483685467155 1.046132868658564 0.055460763385134816 4.5000000000000009 0.95422374222778628 1.0722960652241167
decision_type=8 10 2 2 8 10
left_child=1 2 -1 -3 5 -2
right_child=4 3 -4 -5 -6 -7
leaf_value=9.5992813033907599e-05 3.5956859309438485e-05 -0.00020968285250962733 -2.3097872466066372e-05 -1.2650682165152752e-06 -2.9361214762836316e-06 -0.0010100504438195267
leaf_weight=50489.530113220215 49664.228813171387 51305.126014709473 127829.42069625854 64490.352760314941 958680.51127624512 10868.933952331543
leaf_count=259 135 68 1248 84 2826 118
internal_value=-0.000442264 -0.0029561 0.000622438 -0.00846664 0.000283163 0.00876873
internal_weight=1.31333e+06 294114 178319 115795 1.01921e+06 60533.2
internal_count=4738 1659 1507 152 3079 253
is_linear=0
shrinkage=0.03


Tree=376
num_leaves=7
num_cat=0
split_feature=7 8 8 3 12 8
split_gain=2825.7 7868.48 6052.33 13342.2 12483 11629.7
threshold=1.0000000180025095e-35 3.3500000000000001 2.5500000000000003 1.0000000180025095e-35 1.265509476038903 2.0000000000000004
decision_type=2 2 2 2 10 2
left_child=2 -2 5 4 -4 -1
right_child=1 -3 3 -5 -6 -7
leaf_value=-4.0913040274200237e-06 8.0784926567203434e-06 0.00080349819074008934 -0.00021554889350915835 5.1013445059181235e-05 3.4146085695424452e-05 0.0019767289192604647
leaf_weight=663432.10740089417 470145.82121086121 24750.206806182861 63814.156709671021 43750.050018310547 16705.845588684082 24777.774457931519
leaf_count=2423 1697 91 169 220 47 92
internal_value=-0.000315998 0.00147103 -0.00140451 -0.00749768 -0.0147432 -0.000304221
internal_weight=1.30738e+06 494896 812480 124270 80520 688210
internal_count=4739 1788 2951 436 216 2515
is_linear=0
shrinkage=0.03


Tree=377
num_leaves=7
num_cat=0
split_feature=15 7 14 14 8 15
split_gain=4443.8 4653.03 7641.1 6135.8 6699.3 8938.53
threshold=0.029173981984485647 1.0000000180025095e-35 1.1687579939507959 1.1008288912606925 3.3500000000000001 0.043779207680071618
decision_type=2 2 10 10 2 2
left_child=-1 -2 3 4 5 -3
right_child=1 2 -4 -5 -6 -7
leaf_value=1.099612927809983e-05 -1.4269527705693421e-05 -0.00014243227216266673 -4.9943324206587832e-05 0.00015079185576881039 0.00077961489434311799 3.7237428262630738e-05
leaf_weight=55366.839477539062 789076.12408924103 66883.696762084961 36752.689950942993 41834.368282318115 22597.601259231567 313098.32299804688
leaf_count=81 2918 111 231 112 83 1253
internal_value=-4.12398e-05 -0.000403891 0.00192128 0.0030085 0.00187209 0.00092822
internal_weight=1.32561e+06 1.27024e+06 481167 444414 402580 379982
internal_count=4789 4708 1790 1559 1447 1364
is_linear=0
shrinkage=0.03


Tree=378
num_leaves=7
num_cat=0
split_feature=0 15 15 13 0 13
split_gain=4308.17 4125.97 4940.08 3778.45 2384.22 2628.19
threshold=9.5000000000000018 0.04854845155040257 0.051178108375541619 0.10040089865511946 1.5000000000000002 0.8281396770149918
decision_type=2 2 2 8 2 10
left_child=4 3 -3 -2 -1 -6
right_child=1 2 -4 -5 5 -7
leaf_value=-4.6641411849839215e-05 2.959285016008307e-05 0.00011574276417422908 0.00010398146079283727 -0.00012434297125460593 -2.143839706431479e-06 2.6228447865913264e-05
leaf_weight=140923.75091457367 31572.550064086914 24125.201858520508 44459.913378715515 24681.195335388184 1036603.7514448166 20448.322326660156
leaf_count=502 57 34 331 36 3705 110
internal_value=3.03706e-05 0.00533382 0.0102729 -0.000688332 -0.000522312 -3.36355e-05
internal_weight=1.32281e+06 124839 68585.1 56253.7 1.19798e+06 1.05705e+06
internal_count=4775 458 365 93 4317 3815
is_linear=0
shrinkage=0.03


Tree=379
num_leaves=7
num_cat=0
split_feature=16 14 14 16 14 9
split_gain=4752.4 4212.93 6602.29 3599.48 3809.08 10834.4
threshold=1.0525702378340926 0.95422374222778628 0.9613155423314802 1.052111716826343 1.0033969401814009 0.15000000000000005
decision_type=8 8 8 10 10 2
left_child=3 -2 -3 4 5 -1
right_child=1 2 -4 -5 -6 -7
leaf_value=0.00019714435473117546 2.3501157515046136e-05 -0.0010005446808639114 7.6860226966756349e-06 -0.00011821454814374741 -2.3837826624643531e-05 -9.3324935441068779e-05
leaf_weight=93161.814321517944 61182.461074829102 14667.719198226929 873413.68218517303 14250.276962280273 223510.1076374054 45794.074372291565
leaf_count=599 241 37 2675 25 961 238
internal_value=0.0006376 0.00176902 0.00124441 -0.00221337 -0.0016318 0.00226854
internal_weight=1.32598e+06 949264 888081 376716 362466 138956
internal_count=4776 2953 2712 1823 1798 837
is_linear=0
shrinkage=0.03


Tree=380
num_leaves=7
num_cat=0
split_feature=14 14 14 12 14 15
split_gain=3643.99 8539.96 4820.41 9799.01 6537.46 7780.17
threshold=0.95422374222778628 0.93054782712494399 0.97060912187111337 1.265509476038903 0.98457513773568628 0.049144331093687023
decision_type=8 10 8 10 8 2
left_child=1 -1 3 -2 5 -4
right_child=2 -3 4 -5 -6 -7
leaf_value=-0.00019853200239809614 -0.00019941055547600665 4.0732441885386012e-05 3.4018041908994414e-05 1.3079833411564091e-06 -1.8756572097990396e-06 0.001023801976756515
leaf_weight=40527.880213737488 25597.310018539429 64197.010673522949 32164.77116394043 39190.001491546631 1097051.6245985031 20362.174131393433
leaf_count=604 65 160 46 81 3726 70
internal_value=0.000303186 0.0056724 -0.000159868 -0.00812137 0.000288856 0.0106274
internal_weight=1.31909e+06 104725 1.21437e+06 64787.3 1.14958e+06 52526.9
internal_count=4752 764 3988 146 3842 116
is_linear=0
shrinkage=0.03


Tree=381
num_leaves=7
num_cat=0
split_feature=15 14 14 12 15 7
split_gain=5216.94 3474.61 8526.11 10778.3 9165.35 4613.37
threshold=0.029173981984485647 0.98457513773568628 0.97371294995495739 1.4853093849417716 0.0460662110248777 1.5000000000000002
decision_type=2 8 10 8 2 2
left_child=-1 2 3 -2 -5 -3
right_child=1 5 -4 4 -6 -7
leaf_value=1.2894861126001788e-05 -2.9897122165541499e-05 -1.0948795460990584e-05 0.00034622220029992268 0.00032721050734413532 4.4353181196167866e-05 9.1351835453999642e-05
leaf_weight=49550.490112304688 124167.09289360046 984679.16028881073 33586.660816192627 17256.147125244141 39252.394151687622 66895.605899810791
leaf_count=76 544 3490 85 28 382 236
internal_value=0.000383767 9.95039e-06 0.00349194 0.000911524 0.0117725 -0.000699531
internal_weight=1.31539e+06 1.26584e+06 214262 180676 56508.5 1.05157e+06
internal_count=4841 4765 1039 954 410 3726
is_linear=0
shrinkage=0.03


Tree=382
num_leaves=7
num_cat=0
split_feature=16 16 7 3 12 9
split_gain=3078.98 3041.79 5379.08 8324.42 6469.7 5113.4
threshold=1.0831739136305429 1.0498483685467155 1.0000000180025095e-35 1.0000000180025095e-35 1.5289988241803774 0.8500000000000002
decision_type=10 8 2 2 10 2
left_child=1 -1 3 4 5 -3
right_child=-2 2 -4 -5 -6 -7
leaf_value=-1.5189559622889912e-05 -0.0001097294927305618 -1.1107173462810731e-05 5.0543618919011982e-05 0.00010534085139335087 7.9332550324106562e-05 -7.7066125652845181e-05
leaf_weight=285353.52883243561 28521.441953659058 327336.8325843811 366092.55224514008 208430.78360939026 19042.704517364502 65982.620567321777
leaf_count=1675 258 726 1055 861 42 150
internal_value=0.00011571 0.000334266 0.00112305 -0.000577792 -0.00304761 -0.0038745
internal_weight=1.30076e+06 1.27224e+06 986885 620793 412362 393319
internal_count=4767 4509 2834 1779 918 876
is_linear=0
shrinkage=0.03


Tree=383
num_leaves=7
num_cat=0
split_feature=14 14 14 14 14 14
split_gain=3191.71 8113.27 6805.4 5348.29 3483.37 5530.98
threshold=0.95422374222778628 0.93054782712494399 0.9613155423314802 0.94334000820062025 0.98457513773568628 0.97196823250179665
decision_type=8 10 8 10 8 10
left_child=1 -1 -2 -3 5 -4
right_child=2 3 4 -5 -6 -7
leaf_value=-0.0001856796285384452 -0.00096264055027341783 0.00082470725366723331 -2.5337714297492449e-06 1.1781554148843764e-05 -2.1617129104295999e-06 0.00035267769319081315
leaf_weight=39335.863241195679 20173.004467010498 27140.719564437866 52928.087112426758 37974.773698806763 1100198.4487991333 36447.73521232605
leaf_count=630 66 81 82 78 3785 98
internal_value=0.000150061 0.00518138 -0.00028437 0.0116796 8.68129e-06 0.00570426
internal_weight=1.3142e+06 104451 1.20975e+06 65115.5 1.18957e+06 89375.8
internal_count=4820 789 4031 159 3965 180
is_linear=0
shrinkage=0.03


Tree=384
num_leaves=7
num_cat=0
split_feature=8 9 14 4 14 16
split_gain=2554.92 6680.44 7559.91 10853.2 10757.8 8556.08
threshold=1.0000000180025095e-35 0.75000000000000011 1.0842898240257204 5.5000000000000009 1.0543531314784513 1.0438944701275668
decision_type=2 2 10 2 10 10
left_child=-1 -2 3 -3 -5 -4
right_child=1 2 5 4 -6 -7
leaf_value=-1.8192390429658383e-06 7.6179351605888804e-05 0.0013464678049353114 0.00021332167212530836 -1.1675327137103352e-05 0.0012071875997295191 -0.00010686333004697366
leaf_weight=939055.00492763519 145955.16102790833 12505.702442169189 15559.536998748779 153781.89433860779 13793.915872573853 35540.122121810913
leaf_count=3378 525 62 101 600 30 79
internal_value=0.000536871 0.00262253 -0.00055004 0.00233988 0.000327562 -0.0107337
internal_weight=1.31619e+06 377136 231181 180082 167576 51099.7
internal_count=4775 1397 872 692 630 180
is_linear=0
shrinkage=0.03


Tree=385
num_leaves=7
num_cat=0
split_feature=14 1 12 12 15 13
split_gain=4980.53 6227.14 6515.15 9928.26 8568.94 3212.57
threshold=0.98707670706139494 1.0000000180025095e-35 1.2716800630866065 1.1093054004242737 0.04080493668922195 0.75372985175490548
decision_type=8 2 8 10 2 10
left_child=1 -1 3 -3 -5 -2
right_child=5 2 -4 4 -6 -7
leaf_value=-0.00065588436505257446 -9.5511283135700155e-06 0.00010601132247486273 0.00012392654298816662 6.3636008193339318e-06 -0.0004607614440017772 0.00025997277864943217
leaf_weight=47735.681900024414 1089856.4676713943 51548.533966064453 40715.340240478516 56544.10205078125 31740.170532226562 19875.422521591187
leaf_count=827 3649 73 68 60 53 99
internal_value=-0.000129704 0.00390577 0.00645347 0.00337807 -0.00273026 -0.000959858
internal_weight=1.33802e+06 228284 180548 139833 88284.3 1.10973e+06
internal_count=4829 1081 254 186 113 3748
is_linear=0
shrinkage=0.03


Tree=386
num_leaves=7
num_cat=0
split_feature=0 15 9 16 12 15
split_gain=4569.32 4077.82 5113.05 3972.77 3385.57 3730.68
threshold=2.5000000000000004 0.04440030412786309 1.0000000180025095e-35 1.0741876549771825 1.1460866247694821 0.043779207680071618
decision_type=2 2 2 8 8 2
left_child=1 2 3 -1 5 -2
right_child=4 -3 -4 -5 -6 -7
leaf_value=4.5948864820727483e-05 -2.5979709763814392e-05 -5.6227995740850033e-05 6.464215504048793e-05 -0.00057472020333420323 1.6968147695229462e-06 2.4524118805757849e-05
leaf_weight=33995.030517578125 74303.592880249023 179283.47114467621 30449.904556274414 27372.300109863281 782643.19283771515 181405.18025684357
leaf_count=50 121 847 45 45 2827 809
internal_value=0.000456787 -0.00301142 0.00212987 -0.00285701 0.0013623 0.00435918
internal_weight=1.30945e+06 271101 91817.2 61367.3 1.03835e+06 255709
internal_count=4744 987 140 95 3757 930
is_linear=0
shrinkage=0.03


Tree=387
num_leaves=7
num_cat=0
split_feature=15 15 4 9 14 14
split_gain=2874.82 12379.6 5084.83 4527.68 16026.5 12475
threshold=0.048852481607943997 0.048880105699558786 4.5000000000000009 1.0000000180025095e-35 1.0842898240257204 1.0680501303968397
decision_type=2 2 2 2 10 10
left_child=3 -2 -3 5 -5 -1
right_child=1 2 -4 4 -6 -7
leaf_value=-4.7184262079990909e-05 0.00035284613160448282 -0.00040376081215639311 7.8432021803369789e-06 6.2369181501645662e-05 -7.8756043337577196e-05 9.5776361294782069e-05
leaf_weight=411088.00232696533 23047.573364257812 7462.336950302124 636506.68354606628 118067.27407836914 60602.809204101562 83242.729652404785
leaf_count=624 26 40 3651 202 99 139
internal_value=7.50181e-05 0.00147077 0.000697498 -0.00130833 0.00278455 -0.00278766
internal_weight=1.34002e+06 667017 643969 673001 178670 494331
internal_count=4781 3717 3691 1064 301 763
is_linear=0
shrinkage=0.03


Tree=388
num_leaves=7
num_cat=0
split_feature=12 8 8 7 16 12
split_gain=4110.25 6916.7 7563.79 5288.94 10385.3 3662.36
threshold=1.1693505096152683 3.3500000000000001 3.7500000000000004 1.5000000000000002 1.0528400861627698 1.0882697358021824
decision_type=8 2 2 2 8 10
left_child=3 -2 -3 5 -5 -1
right_child=1 2 -4 4 -6 -7
leaf_value=-0.00033550559669656563 -7.0620239028447129e-06 0.00076374431739519336 -0.00048387866488179158 -6.268786117323448e-05 0.00055470189572665355 8.0335341436015358e-06
leaf_weight=31614.719158172607 899531.79608058929 27436.220470428467 11690.302921295166 15416.384740829468 19365.216400146484 324363.52606964111
leaf_count=643 3205 98 46 59 48 672
internal_value=0.000409168 -0.000667114 0.0116799 0.00299452 0.0141594 0.00190345
internal_weight=1.32942e+06 938658 39126.5 390760 34781.6 355978
internal_count=4771 3349 144 1422 107 1315
is_linear=0
shrinkage=0.03


Tree=389
num_leaves=7
num_cat=0
split_feature=14 16 16 14 12 16
split_gain=3108.43 5814.82 6793.26 6854.3 11170.6 4494
threshold=0.98707670706139494 1.0722960652241167 1.0408002517630404 0.97371294995495739 1.2480880910614693 1.046132868658564
decision_type=8 10 8 10 8 8
left_child=1 2 -1 4 -4 -2
right_child=5 -3 3 -5 -6 -7
leaf_value=-0.000643649876948114 4.9638100526940079e-05 -0.00081427876614803552 -0.00011817006313147753 0.00020059885677242565 6.5872617256499096e-05 -5.7346045978831578e-06
leaf_weight=32687.525215148926 120904.64157676697 20288.819343566895 43880.275789260864 34497.897539138794 93224.918146133423 974805.97166728973
leaf_count=551 864 149 95 71 199 2800
internal_value=0.000690754 0.003906 0.00542734 0.00781494 0.00480704 3.17339e-05
internal_weight=1.32029e+06 224579 204291 171603 137105 1.09571e+06
internal_count=4729 1065 916 365 294 3664
is_linear=0
shrinkage=0.03


Tree=390
num_leaves=7
num_cat=0
split_feature=15 8 12 8 16 15
split_gain=3727.53 2860.32 5437.71 4877.48 4147.07 3322.42
threshold=0.029173981984485647 3.3500000000000001 1.1093054004242737 3.7500000000000004 1.0600450559145496 0.049078502971399311
decision_type=2 2 10 2 8 2
left_child=-1 -2 3 5 -5 -3
right_child=1 2 -4 4 -6 -7
leaf_value=1.2619811645268885e-05 -5.278626025354261e-06 0.00070119584221994217 -0.00010780288695533158 8.5103727443779504e-05 -0.00032452518941438629 0.00082224943017076765
leaf_weight=55155.893005371094 1194265.4410171509 12486.154388427734 12215.424095153809 11136.839664459229 15251.567228317261 14429.514430999756
leaf_count=84 4435 17 32 45 55 91
internal_value=-0.000230251 -0.000564479 0.00553831 0.0096756 0.000510029 0.0186599
internal_weight=1.31494e+06 1.25978e+06 65519.5 53304.1 26388.4 26915.7
internal_count=4759 4675 240 208 100 108
is_linear=0
shrinkage=0.03


Tree=391
num_leaves=7
num_cat=0
split_feature=12 9 14 8 8 8
split_gain=4776.13 6474.63 7905.16 4464.68 8846.42 4094.62
threshold=1.1693505096152683 0.75000000000000011 1.1306175073602398 3.3500000000000001 3.7500000000000004 3.7500000000000004
decision_type=8 2 10 2 2 2
left_child=1 2 -1 -2 -5 -3
right_child=3 5 -4 4 -6 -7
leaf_value=3.578089947948906e-05 -8.3741472033858686e-06 -5.2821317540907165e-05 -4.0654655443751561e-05 0.00077864595488474886 -0.00048613902553717162 4.7852076729486685e-05
leaf_weight=308120.69097900391 885467.59675598145 43935.511985778809 21513.732620239258 26849.773336410522 13258.587961196899 13499.141006469727
leaf_count=997 3210 201 165 97 46 48
internal_value=0.000357669 0.00315597 0.00477556 -0.000812569 0.00897673 -0.00613897
internal_weight=1.31265e+06 387069 329634 925576 40108.4 57434.7
internal_count=4764 1411 1162 3353 143 249
is_linear=0
shrinkage=0.03


Tree=392
num_leaves=7
num_cat=0
split_feature=4 5 5 5 12 15
split_gain=5219.68 3051.93 6423.01 6664.56 2744.36 6699.48
threshold=4.5000000000000009 4.9541342052569144 5.0046865024650673 5.7086140729771788 1.2716800630866065 0.048852481607943997
decision_type=2 2 2 2 10 2
left_child=-1 -2 -3 -4 5 -5
right_child=1 2 3 4 -6 -7
leaf_value=-0.00023946671590273515 0.00029251589978666865 -0.00023940821979577282 0.00085550874495756335 -3.1111949573880546e-05 1.7400808325854205e-05 9.8989737138703563e-06
leaf_weight=11073.630823135376 13206.429105758667 10903.989837646484 20006.656093597412 510172.77874755859 251996.27661895752 528507.16620445251
leaf_count=53 90 17 60 796 1221 2590
internal_value=-6.64605e-05 0.000103746 -3.96796e-05 0.000151123 -0.00011525 -0.000796631
internal_weight=1.34587e+06 1.33479e+06 1.32159e+06 1.31068e+06 1.29068e+06 1.03868e+06
internal_count=4827 4774 4684 4667 4607 3386
is_linear=0
shrinkage=0.03


Tree=393
num_leaves=7
num_cat=0
split_feature=15 14 1 14 14 8
split_gain=3918.46 3053.23 8445.62 5140.77 6988.71 5779.5
threshold=0.029173981984485647 1.1281809128220688 1.0000000180025095e-35 1.1008288912606925 1.0842898240257204 3.3500000000000001
decision_type=2 10 2 10 10 2
left_child=-1 3 -3 4 5 -2
right_child=1 2 -4 -5 -6 -7
leaf_value=8.5268675438282942e-06 -1.2209837105580579e-06 0.0039471202983417655 -3.0637922618353737e-05 3.3229865293122219e-05 -0.00010827237295429052 0.00032015014148887623
leaf_weight=57538.815795898438 1021927.127784729 22424.657424926758 78534.6435546875 46956.749454498291 46319.331735610962 50195.003957748413
leaf_count=86 3660 457 115 150 96 199
internal_value=0.000153573 -0.000194341 -0.00519901 0.000239237 -0.000169046 0.000323893
internal_weight=1.3239e+06 1.26636e+06 100959 1.1654e+06 1.11844e+06 1.07212e+06
internal_count=4763 4677 572 4105 3955 3859
is_linear=0
shrinkage=0.03


Tree=394
num_leaves=7
num_cat=0
split_feature=16 14 14 14 14 15
split_gain=4472.13 6061.23 6286.05 4935.8 4630 4528.92
threshold=1.0529615443432772 0.95422374222778628 0.9613155423314802 0.94955459146893539 0.94334000820062025 0.045778916224061585
decision_type=8 8 8 10 8 2
left_child=-1 3 -3 4 5 -2
right_child=1 2 -4 -5 -6 -7
leaf_value=-1.452709863866259e-05 0.00014361888808953632 -0.00090428469231024688 3.8344348252875496e-06 6.4803806158568783e-05 -2.139267139208629e-05 2.170843757343265e-05
leaf_weight=399590.04010391235 13676.85546875 15270.865396499634 840491.76460361481 10384.481178283691 13595.136785507202 19637.669816970825
leaf_count=1837 21 37 2626 17 21 189
internal_value=-0.000268299 0.000890114 0.000257629 0.0103363 0.00619177 0.0122121
internal_weight=1.31265e+06 913057 855763 57294.1 46909.7 33314.5
internal_count=4748 2911 2663 248 231 210
is_linear=0
shrinkage=0.03


Tree=395
num_leaves=7
num_cat=0
split_feature=12 12 8 13 16 4
split_gain=3735.56 5565.71 4916.78 4068.78 3394.75 4281.49
threshold=1.1093054004242737 1.0882697358021824 0.80000000000000016 0.057777630891249689 1.0674923568563115 5.5000000000000009
decision_type=8 10 2 10 8 2
left_child=1 3 -3 -1 -2 -6
right_child=4 2 -4 -5 5 -7
leaf_value=-0.00020756828910955963 -2.9031652025803657e-05 1.157666075212551e-05 2.8192749572759938e-05 -0.0017201847517402395 0.00082528152682386153 -8.4370683029651677e-07
leaf_weight=25102.724363327026 333295.45587539673 158898.08804321289 48291.437927246094 7202.7987442016602 26596.058563232422 729932.26510238647
leaf_count=581 1178 323 92 67 113 2427
internal_value=1.55556e-05 0.00340797 0.00521386 -0.00817304 -0.000729959 0.000381389
internal_weight=1.32932e+06 239495 207190 32305.5 1.08982e+06 756528
internal_count=4781 1063 415 648 3718 2540
is_linear=0
shrinkage=0.03


Tree=396
num_leaves=7
num_cat=0
split_feature=14 14 14 15 8 14
split_gain=3905.09 10508.5 5713.78 3456.04 3406.34 3461.92
threshold=0.95422374222778628 0.92794751910932771 0.9613155423314802 0.044677744095230308 3.3500000000000001 1.3693105224658562
decision_type=8 10 8 2 2 8
left_child=1 3 -2 -1 -4 -6
right_child=2 -3 4 -5 5 -7
leaf_value=2.012401630303471e-05 -0.00089679564577429356 4.7264936407956526e-05 -3.347792986810592e-06 -0.00035346906930510709 -3.4069807004033479e-05 0.0006581397349352359
leaf_weight=8911.4445877075195 18576.104764938354 58065.489259719849 1123196.0745182037 29274.662536621094 24261.409648895264 40222.858156204224
leaf_count=23 62 168 3683 563 49 157
internal_value=0.000167926 0.00598293 -0.000296097 -0.00624005 -3.78425e-05 0.00666715
internal_weight=1.30251e+06 96251.6 1.20626e+06 38186.1 1.18768e+06 64484.3
internal_count=4705 754 3951 586 3889 206
is_linear=0
shrinkage=0.03


Tree=397
num_leaves=7
num_cat=0
split_feature=7 14 14 14 14 14
split_gain=2942.86 7936.96 6381.81 4498.83 21469.9 11384.8
threshold=1.0000000180025095e-35 1.2540639626712573 1.2220604474766812 1.0742246687527095 1.0680501303968397 1.0552465198855685
decision_type=2 10 10 10 10 10
left_child=-1 2 3 4 5 -2
right_child=1 -3 -4 -5 -6 -7
leaf_value=-5.1890084193691462e-06 3.6135695185070702e-05 -5.7722551060588857e-05 0.00012231452649153634 -1.29531036836878e-05 0.00063980935341611893 -0.00030597215603883398
leaf_weight=821581.66611766815 314983.89421367645 14200.244527816772 11385.633403778076 118973.20011329651 25957.700164794922 9924.2947540283203
leaf_count=2973 1278 155 42 267 35 35
internal_value=9.18608e-05 0.00191805 0.00257042 0.00203248 0.00374189 0.0016441
internal_weight=1.31701e+06 495425 481225 469839 350866 324908
internal_count=4785 1812 1657 1615 1348 1313
is_linear=0
shrinkage=0.03


Tree=398
num_leaves=7
num_cat=0
split_feature=0 13 15 8 15 13
split_gain=3624 5452.47 5463.54 4257.3 10121.4 5286.78
threshold=4.5000000000000009 0.25194537264644484 0.029173981984485647 1.6000000000000003 0.047760458621648939 0.10316166510267542
decision_type=2 10 2 2 2 10
left_child=1 2 -1 5 -5 -4
right_child=-2 -3 3 4 -6 -7
leaf_value=3.2639589318928289e-05 3.3796257719742486e-06 -7.2962573129060375e-05 -4.7715898152483816e-05 0.0011537575464818596 -5.0530838509134623e-05 0.00017446571892023655
leaf_weight=16084.58544921875 774249.96251678467 48955.778783798218 421514.09774684906 16507.240325927734 31391.791753768921 16149.775115966797
leaf_count=26 2784 133 1561 26 187 29
internal_value=-0.000398306 -0.00225889 -0.00132622 -0.00189612 0.00659471 -0.00282544
internal_weight=1.32485e+06 550603 501647 485563 47899 437664
internal_count=4746 1962 1829 1803 213 1590
is_linear=0
shrinkage=0.03


Tree=399
num_leaves=7
num_cat=0
split_feature=12 8 9 7 3 14
split_gain=4499.29 7292.95 11046.4 11212.1 13082.8 6775.23
threshold=1.1693505096152683 1.6000000000000003 0.75000000000000011 1.0000000180025095e-35 1.0000000180025095e-35 0.97060912187111337
decision_type=8 2 2 2 2 8
left_child=5 -2 -3 4 -4 -1
right_child=1 2 3 -5 -6 -7
leaf_value=-9.0863077664714992e-05 -1.2305497958966491e-05 0.0023498836800293524 -7.2421374978211422e-05 0.00062217952744847253 0.00068356428684966382 2.2619829715153542e-05
leaf_weight=36259.176156997681 784087.37703323364 14391.186117172241 76528.136098861694 27100.344074249268 38298.02095413208 353552.87626266479
leaf_count=342 2813 46 209 90 199 1029
internal_value=0.000156447 -0.00096687 0.00494992 0.00240996 -0.00168666 0.00286638
internal_weight=1.33022e+06 940405 156318 141927 114826 389812
internal_count=4728 3357 544 498 408 1371
is_linear=0
shrinkage=0.03


end of trees

feature_importances:
ly_ratio_opd=605
cv13=386
fest_strength=241
ramp_x_strength=234
ramp_sum_operating=203
yoy8=187
n_paydays_operating=186
h=89
is_kandy=70
ramp_max=60
dow_weight=40
is_style=27
n_operating_days=26
fest_day_closed=24
is_fresh=17
has_festival=3
n_closed_weekdays=2

parameters:
[boosting: gbdt]
[objective: regression_l1]
[metric: l1]
[tree_learner: serial]
[device_type: cpu]
[data_sample_strategy: bagging]
[data: ]
[valid: ]
[num_iterations: 400]
[learning_rate: 0.03]
[num_leaves: 7]
[num_threads: 4]
[seed: 42]
[deterministic: 0]
[force_col_wise: 0]
[force_row_wise: 0]
[histogram_pool_size: -1]
[max_depth: -1]
[min_data_in_leaf: 40]
[min_sum_hessian_in_leaf: 0.001]
[bagging_fraction: 0.8]
[pos_bagging_fraction: 1]
[neg_bagging_fraction: 1]
[bagging_freq: 1]
[bagging_seed: 400]
[bagging_by_query: 0]
[feature_fraction: 0.8]
[feature_fraction_bynode: 1]
[feature_fraction_seed: 30056]
[extra_trees: 0]
[extra_seed: 12879]
[early_stopping_round: 0]
[early_stopping_min_delta: 0]
[first_metric_only: 0]
[max_delta_step: 0]
[lambda_l1: 0]
[lambda_l2: 5]
[linear_lambda: 0]
[min_gain_to_split: 0]
[drop_rate: 0.1]
[max_drop: 50]
[skip_drop: 0.5]
[xgboost_dart_mode: 0]
[uniform_drop: 0]
[drop_seed: 17869]
[top_rate: 0.2]
[other_rate: 0.1]
[min_data_per_group: 100]
[max_cat_threshold: 32]
[cat_l2: 10]
[cat_smooth: 10]
[max_cat_to_onehot: 4]
[top_k: 20]
[monotone_constraints: ]
[monotone_constraints_method: basic]
[monotone_penalty: 0]
[feature_contri: ]
[forcedsplits_filename: ]
[refit_decay_rate: 0.9]
[cegb_tradeoff: 1]
[cegb_penalty_split: 0]
[cegb_penalty_feature_lazy: ]
[cegb_penalty_feature_coupled: ]
[path_smooth: 0]
[interaction_constraints: ]
[verbosity: -1]
[saved_feature_importance_type: 0]
[use_quantized_grad: 0]
[num_grad_quant_bins: 4]
[quant_train_renew_leaf: 0]
[stochastic_rounding: 1]
[linear_tree: 0]
[max_bin: 255]
[max_bin_by_feature: ]
[min_data_in_bin: 3]
[bin_construct_sample_cnt: 200000]
[data_random_seed: 175]
[is_enable_sparse: 1]
[enable_bundle: 1]
[use_missing: 1]
[zero_as_missing: 0]
[feature_pre_filter: 1]
[pre_partition: 0]
[two_round: 0]
[header: 0]
[label_column: ]
[weight_column: ]
[group_column: ]
[ignore_column: ]
[categorical_feature: ]
[forcedbins_filename: ]
[precise_float_parser: 0]
[parser_config_file: ]
[objective_seed: 16083]
[num_class: 1]
[is_unbalance: 0]
[scale_pos_weight: 1]
[sigmoid: 1]
[boost_from_average: 1]
[reg_sqrt: 0]
[alpha: 0.9]
[fair_c: 1]
[poisson_max_delta_step: 0.7]
[tweedie_variance_power: 1.5]
[lambdarank_truncation_level: 30]
[lambdarank_norm: 1]
[label_gain: ]
[lambdarank_position_bias_regularization: 0]
[eval_at: ]
[multi_error_top_k: 1]
[auc_mu_weights: ]
[num_machines: 1]
[local_listen_port: 12400]
[time_out: 120]
[machine_list_filename: ]
[machines: ]
[gpu_platform_id: -1]
[gpu_device_id: -1]
[gpu_device_id_list: ]
[gpu_use_dp: 0]
[num_gpu: 1]

end of parameters

pandas_categorical:[]
